Supplier_ID,Supplier_Name,Industry,Country,Date,Delivery_Delay_Days,Defect_Rate,Lead_Time_Days,Order_Quantity,Order_Value,Unit_Price,Quality_Score,Cost_Variation,Order_Fulfillment_Rate,Performance_Score,Risk_Event
S1001,Meridian Materials,Pharma,Poland,2024-01-01 13:00:00,4.06,1.24,16.6,108,40330.33,373.08,86.8,6.46,88.1,86.8,0
S1002,Keystone Manufacturing,Metals,China,2024-01-01 18:00:00,2.14,1.61,29.2,583,186269.33,319.31,84.4,0.18,96.0,92.0,0
S1003,Delta Components,Electronics,Japan,2024-01-01 23:00:00,1.81,4.0,20.2,662,141389.31,213.46,67.6,1.87,96.6,85.9,1
S1004,Delta Components,Consumer Goods,Mexico,2024-01-01 11:00:00,1.31,1.97,29.7,1188,272089.69,228.95,82.3,10.16,92.6,86.7,0
S1005,Quantum Precision,Pharma,USA,2024-01-01 02:00:00,3.66,0.78,18.4,267,38525.32,144.12,91.6,7.05,90.0,89.1,0
S1006,Delta Materials,Consumer Goods,Vietnam,2024-01-01 01:00:00,0.63,3.64,16.4,138,24182.71,174.76,68.1,5.42,85.1,81.3,1
S1007,Apex Materials,Consumer Goods,Germany,2024-01-01 14:00:00,5.55,6.83,33.6,234,59076.78,252.91,43.8,9.33,85.6,69.0,1
S1008,Meridian Materials,Consumer Goods,Japan,2024-01-01 21:00:00,8.87,2.11,14.9,1232,30073.89,24.41,77.8,6.51,89.9,81.8,0
S1009,Keystone Logistics,Textiles,India,2024-01-01 01:00:00,6.3,6.03,28.9,793,152487.98,192.22,52.2,9.3,84.4,71.2,0
S1010,Harbor Systems,Consumer Goods,Mexico,2024-01-01 12:00:00,4.17,1.21,28.3,1403,14627.17,10.43,89.2,3.96,92.7,90.1,0
S1011,Blue Ridge Materials,Chemicals,Mexico,2024-01-01 21:00:00,4.04,3.92,11.6,678,61157.13,90.18,73.2,5.08,94.6,84.8,0
S1012,Orion Manufacturing,Automotive,Poland,2024-01-01 08:00:00,0.99,3.41,18.6,1077,232294.38,215.62,74.4,1.57,99.3,89.7,0
S1013,Keystone Global,Automotive,India,2024-01-01 16:00:00,1.54,3.12,29.4,1088,116545.74,107.14,74.5,0.7,98.6,89.5,0
S1014,Keystone Manufacturing,Electronics,India,2024-01-01 16:00:00,0.0,4.88,29.0,1003,56137.94,55.97,61.9,7.51,88.3,79.7,0
S1015,Ironclad Supplies,Electronics,Vietnam,2024-01-01 21:00:00,3.6,1.12,7.6,1028,175806.96,171.06,91.1,1.03,96.2,93.4,0
S1016,Keystone Precision,Metals,Japan,2024-01-01 17:00:00,7.66,1.54,8.1,457,7897.88,17.3,83.8,8.62,89.5,83.6,0
S1017,Apex Industries,Automotive,Vietnam,2024-01-01 18:00:00,1.28,2.91,33.4,867,191530.81,220.88,76.6,0.84,91.4,87.9,0
S1018,Vertex Precision,Chemicals,Poland,2024-01-01 13:00:00,5.36,0.73,16.3,178,24107.8,135.11,87.1,1.85,88.1,87.9,0
S1019,Summit Industries,Textiles,Mexico,2024-01-01 16:00:00,2.5,0.63,19.6,767,202912.74,264.55,91.5,2.38,100.0,94.9,0
S1020,Atlas Logistics,Automotive,Vietnam,2024-01-01 19:00:00,3.44,5.59,12.1,918,18036.24,19.65,50.5,6.42,88.5,74.5,0
S1021,Harbor Supplies,Metals,Vietnam,2024-01-01 05:00:00,0.27,2.05,8.5,941,269007.44,285.92,83.0,6.81,94.8,89.5,0
S1022,Vertex Logistics,Textiles,China,2024-01-01 07:00:00,1.18,3.87,20.8,234,29925.28,127.71,66.7,1.78,93.6,84.8,0
S1023,Keystone Global,Pharma,USA,2024-01-01 12:00:00,2.72,4.4,23.7,656,54960.92,83.79,68.5,2.98,90.9,83.3,0
S1024,Apex Works,Consumer Goods,Mexico,2024-01-01 19:00:00,2.17,0.8,10.3,1434,315770.29,220.14,93.8,4.16,96.8,94.1,0
S1025,Helix Industries,Metals,Germany,2024-01-01 07:00:00,5.62,3.13,25.7,1938,828483.85,427.48,71.5,7.21,88.9,80.6,0
S1026,Blue Ridge Works,Consumer Goods,Mexico,2024-01-01 17:00:00,4.8,3.09,16.2,107,19339.25,181.51,74.5,5.19,85.6,81.7,0
S1027,Ironclad Logistics,Automotive,Mexico,2024-01-01 22:00:00,3.88,2.03,12.9,1350,423953.15,314.13,81.1,2.63,95.5,88.9,0
S1028,Zenith Components,Pharma,Poland,2024-01-01 10:00:00,0.0,1.84,20.7,1272,248467.43,195.32,82.2,6.77,95.7,89.7,0
S1029,Summit Supplies,Electronics,India,2024-01-01 13:00:00,1.1,2.43,27.4,152,30629.1,201.16,78.7,7.94,89.9,85.5,0
S1030,Keystone Manufacturing,Consumer Goods,India,2024-01-01 20:00:00,1.13,1.31,9.9,778,59993.82,77.15,89.1,0.05,98.2,95.0,0
S1031,Ironclad Manufacturing,Textiles,Japan,2024-01-01 18:00:00,11.12,3.45,18.9,878,301913.41,343.9,73.2,8.14,86.1,77.2,0
S1032,Vertex Manufacturing,Pharma,Poland,2024-01-01 07:00:00,1.37,2.5,18.1,89,35047.97,392.4,81.8,7.02,93.4,88.0,0
S1033,Blue Ridge Precision,Automotive,Mexico,2024-01-01 02:00:00,4.27,4.03,24.2,766,281382.46,367.16,71.6,7.65,86.9,80.5,0
S1034,Zenith Global,Textiles,Japan,2024-01-01 06:00:00,1.15,4.38,9.6,307,64940.66,211.6,67.6,0.92,94.5,85.8,0
S1035,Delta Works,Textiles,Vietnam,2024-01-01 09:00:00,7.15,2.09,16.7,1093,313229.6,286.65,84.4,2.63,89.9,86.5,0
S1036,Orion Components,Pharma,Vietnam,2024-01-01 13:00:00,0.0,4.06,21.2,853,151485.41,177.66,70.2,5.53,92.8,85.0,0
S1037,Nova Global,Pharma,India,2024-01-01 10:00:00,1.91,2.96,18.1,888,32742.07,36.86,73.5,-0.56,94.3,87.6,0
S1038,Blue Ridge Works,Metals,Vietnam,2024-01-01 11:00:00,1.24,3.73,18.1,1255,327297.24,260.72,68.2,3.79,93.0,84.3,0
S1039,Orion Works,Metals,China,2024-01-01 22:00:00,4.34,3.24,18.8,1255,182356.2,145.3,71.6,3.41,92.2,83.9,0
S1040,Harbor Components,Pharma,China,2024-01-01 08:00:00,3.0,3.58,20.4,682,191424.28,280.86,72.8,4.57,85.9,82.3,0
S1041,Vertex Supplies,Consumer Goods,Poland,2024-01-01 19:00:00,0.18,3.17,17.8,1209,292961.19,242.38,74.8,2.74,93.3,87.7,0
S1042,Harbor Materials,Electronics,India,2024-01-01 18:00:00,6.09,3.3,24.9,578,52292.8,90.43,69.7,5.61,84.9,79.0,0
S1043,Blue Ridge Logistics,Pharma,Japan,2024-01-01 03:00:00,1.23,1.06,21.0,149,46637.8,313.1,88.5,0.99,97.9,94.3,0
S1044,Quantum Manufacturing,Machinery,Vietnam,2024-01-01 03:00:00,1.41,2.53,12.7,773,153217.09,198.17,80.4,1.73,95.0,90.1,0
S1045,Vertex Manufacturing,Chemicals,India,2024-01-01 20:00:00,2.91,3.65,26.8,167,15116.73,90.32,71.9,6.67,92.1,83.4,0
S1046,Quantum Materials,Textiles,Mexico,2024-01-01 00:00:00,3.94,0.97,13.7,995,188562.15,189.5,93.7,5.54,91.1,90.6,0
S1047,Atlas Industries,Metals,USA,2024-01-01 22:00:00,2.83,1.29,10.6,772,60154.18,77.9,88.4,7.16,94.4,89.9,0
S1048,Helix Industries,Chemicals,Japan,2024-01-01 23:00:00,2.42,2.43,25.1,1323,98364.19,74.36,82.3,4.62,97.5,90.0,0
S1049,Atlas Works,Metals,Germany,2024-01-01 09:00:00,10.42,3.0,8.1,99,12856.64,129.24,79.0,-1.77,94.7,84.9,0
S1050,Vertex Global,Metals,Japan,2024-01-01 20:00:00,3.41,2.79,8.6,1164,373914.94,321.18,77.5,10.05,91.6,83.7,0
S1051,Zenith Industries,Consumer Goods,Germany,2024-01-01 08:00:00,3.23,1.78,28.0,1862,222595.53,119.55,86.2,2.06,94.7,90.9,0
S1052,Meridian Manufacturing,Automotive,Germany,2024-01-01 10:00:00,2.37,3.64,11.7,899,109305.27,121.56,70.1,7.68,93.3,83.1,0
S1053,Harbor Systems,Machinery,India,2024-01-01 16:00:00,2.2,3.9,10.5,1145,136768.77,119.46,71.3,3.42,90.7,84.3,0
S1054,Harbor Manufacturing,Pharma,Mexico,2024-01-01 01:00:00,5.3,3.04,16.0,1517,455915.58,300.59,78.2,2.88,94.3,86.6,0
S1055,Harbor Works,Chemicals,USA,2024-01-01 18:00:00,7.61,3.91,17.2,557,68486.14,123.03,73.4,1.76,90.1,82.8,0
S1056,Ironclad Supplies,Chemicals,Germany,2024-01-01 23:00:00,3.01,2.85,11.6,701,176232.24,251.3,80.2,8.17,94.9,86.7,0
S1057,Atlas Components,Textiles,Japan,2024-01-01 18:00:00,4.64,3.41,9.8,883,197050.88,223.05,75.6,4.96,89.3,83.5,0
S1058,Meridian Supplies,Textiles,Poland,2024-01-01 08:00:00,1.51,0.96,15.8,170,11960.94,70.22,93.7,3.08,89.3,92.1,0
S1059,Quantum Systems,Pharma,Mexico,2024-01-01 18:00:00,0.57,2.31,18.2,910,76822.34,84.45,83.8,-1.43,95.1,91.8,0
S1060,Blue Ridge Systems,Textiles,Vietnam,2024-01-01 18:00:00,1.21,0.53,15.0,1637,381849.5,233.25,93.6,5.86,98.8,94.5,0
S1061,Zenith Manufacturing,Pharma,Germany,2024-01-01 05:00:00,3.15,3.09,5.6,317,46373.11,146.36,79.0,5.82,96.5,87.7,0
S1062,Meridian Systems,Consumer Goods,Vietnam,2024-01-01 09:00:00,1.63,1.02,14.7,1656,657269.69,397.01,95.6,1.03,96.2,95.9,0
S1063,Delta Precision,Consumer Goods,Germany,2024-01-01 22:00:00,3.39,2.3,21.0,242,18201.57,75.07,75.9,3.07,90.9,85.5,0
S1064,Vertex Logistics,Chemicals,Japan,2024-01-01 00:00:00,2.02,1.48,14.5,289,89680.58,310.14,88.7,2.01,92.5,91.7,0
S1065,Zenith Logistics,Automotive,Vietnam,2024-01-01 05:00:00,1.76,1.29,17.1,1854,470093.07,253.58,85.8,3.86,96.8,91.6,0
S1066,Vertex Materials,Electronics,Germany,2024-01-01 09:00:00,2.73,1.01,7.3,873,124689.32,142.79,90.7,3.5,92.4,91.4,0
S1067,Harbor Supplies,Textiles,Japan,2024-01-01 22:00:00,4.23,2.27,29.7,967,70179.63,72.54,82.5,4.51,93.8,87.9,0
S1068,Vertex Supplies,Machinery,Poland,2024-01-01 06:00:00,1.77,1.59,29.6,562,93705.99,166.62,88.5,-0.29,97.2,94.0,1
S1069,Keystone Industries,Electronics,India,2024-01-01 03:00:00,1.64,2.71,21.9,536,174659.61,325.75,80.0,1.0,96.7,90.7,0
S1070,Delta Logistics,Machinery,Vietnam,2024-01-01 01:00:00,1.18,1.62,23.5,307,96874.32,315.07,89.6,3.46,94.8,92.7,0
S1071,Pioneer Logistics,Textiles,Japan,2024-01-01 12:00:00,5.76,1.31,25.0,2152,86617.15,40.26,90.1,2.24,92.9,90.3,0
S1072,Delta Materials,Automotive,Poland,2024-01-01 07:00:00,5.84,0.15,21.3,1230,310087.79,252.2,92.3,3.48,90.6,89.8,1
S1073,Orion Components,Pharma,Germany,2024-01-01 20:00:00,5.42,1.46,8.4,656,268128.5,408.93,85.8,10.12,91.5,85.5,0
S1074,Pioneer Precision,Electronics,Vietnam,2024-01-01 05:00:00,1.11,1.63,8.0,98,9116.68,92.98,87.2,-1.0,97.3,93.6,0
S1075,Zenith Logistics,Consumer Goods,USA,2024-01-01 08:00:00,0.51,2.39,24.2,793,177562.72,223.84,78.7,0.61,96.9,91.0,0
S1076,Harbor Materials,Consumer Goods,Japan,2024-01-01 22:00:00,1.82,3.78,9.3,871,53100.29,60.94,70.5,3.99,94.5,85.3,0
S1077,Vertex Precision,Machinery,Poland,2024-01-01 20:00:00,3.54,5.03,19.9,847,123284.65,145.48,60.2,11.86,92.1,77.1,0
S1078,Quantum Precision,Metals,Poland,2024-01-01 15:00:00,0.58,1.86,30.3,206,43970.27,213.94,87.9,4.07,96.2,92.6,0
S1079,Apex Systems,Pharma,China,2024-01-01 10:00:00,5.04,4.87,9.1,485,33249.87,68.53,65.0,1.56,91.5,81.7,0
S1080,Zenith Precision,Chemicals,India,2024-01-01 23:00:00,4.19,2.2,19.5,729,300319.8,412.19,83.2,5.62,88.3,85.8,0
S1081,Keystone Components,Textiles,Japan,2024-01-01 23:00:00,2.49,3.41,14.6,485,136128.66,280.71,75.1,5.74,93.8,85.7,0
S1082,Keystone Manufacturing,Consumer Goods,Mexico,2024-01-01 15:00:00,0.0,2.2,16.1,1090,304741.75,279.53,77.3,14.46,91.3,83.6,0
S1083,Blue Ridge Components,Consumer Goods,USA,2024-01-01 13:00:00,1.59,0.16,22.9,1317,521253.29,395.93,97.9,2.78,99.8,97.3,0
S1084,Pioneer Precision,Machinery,Poland,2024-01-01 02:00:00,2.64,2.33,14.2,288,62645.95,217.67,79.8,2.85,94.2,88.5,0
S1085,Harbor Components,Machinery,USA,2024-01-01 09:00:00,1.92,0.64,19.2,869,151891.37,174.81,96.8,0.73,99.0,97.3,0
S1086,Keystone Global,Metals,Germany,2024-01-01 20:00:00,3.47,2.56,30.8,820,148274.1,180.81,80.1,11.28,87.7,82.8,0
S1087,Summit Components,Pharma,USA,2024-01-01 10:00:00,2.2,0.0,8.6,184,17248.94,93.76,98.1,2.31,96.7,96.2,0
S1088,Helix Precision,Chemicals,Japan,2024-01-01 00:00:00,0.23,2.97,22.1,1037,195198.02,188.25,81.1,7.03,92.1,87.9,0
S1089,Helix Works,Textiles,USA,2024-01-01 18:00:00,5.28,2.93,16.2,1080,188492.59,174.58,76.5,2.3,92.8,85.7,0
S1090,Pioneer Supplies,Electronics,China,2024-01-01 02:00:00,1.93,5.16,16.9,657,196466.79,299.24,61.5,6.67,89.9,79.5,1
S1091,Zenith Components,Metals,China,2024-01-01 19:00:00,0.06,2.23,9.6,667,102503.81,153.61,78.4,0.9,96.5,90.8,0
S1092,Zenith Components,Textiles,USA,2024-01-01 14:00:00,3.33,2.13,30.1,465,131792.75,283.6,82.3,7.51,94.7,87.5,0
S1093,Atlas Works,Consumer Goods,China,2024-01-01 10:00:00,1.6,3.14,16.0,1836,428799.28,233.58,74.4,4.59,89.5,84.9,0
S1094,Summit Precision,Machinery,Japan,2024-01-01 23:00:00,2.91,4.53,30.9,777,24899.85,32.03,62.8,5.17,91.5,80.6,0
S1095,Vertex Global,Metals,India,2024-01-01 17:00:00,0.0,1.79,25.4,639,160457.82,251.14,85.6,12.34,93.3,88.0,0
S1096,Zenith Precision,Textiles,Japan,2024-01-01 02:00:00,1.33,1.76,17.2,1182,294273.65,249.02,85.6,5.38,95.7,90.8,0
S1097,Orion Works,Textiles,China,2024-01-01 20:00:00,2.55,1.59,25.5,206,24898.76,120.82,88.0,1.76,99.5,93.7,0
S1098,Blue Ridge Components,Machinery,Mexico,2024-01-01 22:00:00,0.52,5.57,29.8,168,21896.01,130.56,61.1,3.0,91.0,81.9,0
S1099,Quantum Global,Consumer Goods,Mexico,2024-01-01 14:00:00,0.74,2.19,19.6,226,95540.39,422.9,85.6,6.83,97.0,91.0,0
S1100,Helix Logistics,Electronics,Poland,2024-01-01 01:00:00,0.83,1.33,10.9,417,123846.8,296.94,87.5,3.44,93.4,91.6,0
S1101,Summit Logistics,Metals,Poland,2024-01-01 18:00:00,3.39,0.3,25.9,1819,695814.95,382.59,93.4,4.11,95.7,92.9,0
S1102,Atlas Works,Consumer Goods,Germany,2024-01-01 08:00:00,1.26,3.98,19.4,1416,318072.93,224.62,69.5,5.69,95.3,84.9,0
S1103,Ironclad Industries,Automotive,Poland,2024-01-01 06:00:00,0.9,0.93,29.2,1095,269140.86,245.81,93.8,1.38,98.3,96.3,0
S1104,Blue Ridge Materials,Textiles,Japan,2024-01-01 06:00:00,3.69,0.94,32.0,516,32808.45,63.53,89.4,12.83,89.8,86.1,0
S1105,Keystone Works,Electronics,Poland,2024-01-01 00:00:00,3.97,1.65,8.8,2056,590362.77,287.13,86.2,0.64,90.7,89.7,0
S1106,Quantum Materials,Chemicals,Poland,2024-01-01 01:00:00,0.97,1.25,23.1,693,128712.06,185.82,94.8,-2.69,99.3,96.4,0
S1107,Delta Supplies,Consumer Goods,USA,2024-01-01 00:00:00,6.5,3.69,13.1,1603,443716.15,276.75,72.9,10.39,94.1,81.3,0
S1108,Ironclad Industries,Automotive,Poland,2024-01-01 02:00:00,4.46,5.37,26.5,532,195740.48,368.02,55.4,5.4,87.5,75.8,0
S1109,Keystone Components,Metals,Mexico,2024-01-01 05:00:00,2.1,2.92,15.1,316,84314.04,266.88,77.2,0.33,97.1,89.8,1
S1110,Blue Ridge Works,Automotive,China,2024-01-01 20:00:00,3.13,2.7,10.5,616,141603.21,229.95,74.8,4.22,90.2,84.6,1
S1111,Quantum Materials,Chemicals,China,2024-01-01 04:00:00,2.7,1.39,20.6,1106,338097.83,305.62,84.2,9.06,97.3,88.8,0
S1112,Nova Supplies,Chemicals,Japan,2024-01-01 19:00:00,0.99,3.51,12.6,89,16214.18,182.94,68.6,14.88,93.9,80.8,0
S1113,Pioneer Industries,Machinery,Poland,2024-01-01 03:00:00,0.0,0.77,16.9,514,28455.52,55.4,96.8,2.21,94.4,96.1,0
S1114,Pioneer Industries,Machinery,Japan,2024-01-01 12:00:00,1.35,2.09,25.3,240,72894.19,303.76,81.3,1.05,98.1,91.7,0
S1115,Keystone Global,Textiles,Vietnam,2024-01-01 10:00:00,6.36,2.0,16.4,1518,403838.4,266.02,82.6,5.38,89.2,84.9,0
S1116,Harbor Works,Automotive,Germany,2024-01-01 02:00:00,1.29,2.41,18.5,483,41461.71,85.84,78.3,4.77,91.0,86.8,0
S1117,Orion Precision,Consumer Goods,Mexico,2024-01-01 14:00:00,2.96,2.2,23.2,1046,82631.24,78.98,81.4,-2.88,100.0,90.9,0
S1118,Pioneer Materials,Machinery,Japan,2024-01-01 19:00:00,0.2,2.57,12.2,736,158006.38,214.82,78.1,7.05,89.4,85.9,0
S1119,Zenith Manufacturing,Electronics,Japan,2024-01-01 07:00:00,1.2,1.19,27.9,996,42068.34,42.25,89.3,1.36,98.8,94.7,0
S1120,Zenith Systems,Pharma,Germany,2024-01-01 07:00:00,2.24,1.69,28.7,383,53553.45,139.87,85.3,0.35,100.0,93.6,0
S1001,Meridian Materials,Pharma,Poland,2024-01-04 12:00:00,4.79,1.05,18.8,88,34962.83,395.75,86.9,12.93,90.3,84.8,1
S1002,Keystone Manufacturing,Metals,China,2024-01-04 01:00:00,1.18,3.6,32.6,1103,376612.61,341.38,70.1,7.11,95.2,84.6,0
S1003,Delta Components,Electronics,Japan,2024-01-04 21:00:00,2.95,4.92,24.1,902,194725.08,215.82,64.5,3.0,95.3,83.3,0
S1004,Delta Components,Consumer Goods,Mexico,2024-01-04 06:00:00,0.0,2.18,31.4,1656,355276.01,214.49,80.0,3.2,94.4,89.8,0
S1005,Quantum Precision,Pharma,USA,2024-01-04 13:00:00,2.22,0.12,18.3,265,36848.51,139.08,99.7,3.3,91.3,94.5,0
S1006,Delta Materials,Consumer Goods,Vietnam,2024-01-04 22:00:00,1.77,3.12,13.1,191,35179.39,183.93,73.4,10.95,89.3,82.0,0
S1007,Apex Materials,Consumer Goods,Germany,2024-01-04 15:00:00,12.62,6.03,33.5,214,53385.75,249.58,54.6,7.89,80.4,68.0,0
S1008,Meridian Materials,Consumer Goods,Japan,2024-01-04 09:00:00,4.45,2.49,17.0,1442,34708.9,24.07,76.5,5.01,90.9,84.5,0
S1009,Keystone Logistics,Textiles,India,2024-01-04 09:00:00,1.1,5.05,27.7,699,135160.68,193.25,54.9,9.89,87.5,75.6,1
S1010,Harbor Systems,Consumer Goods,Mexico,2024-01-04 09:00:00,3.83,1.83,30.4,998,10539.66,10.56,82.1,5.3,87.7,85.5,0
S1011,Blue Ridge Materials,Chemicals,Mexico,2024-01-04 15:00:00,3.19,3.44,13.3,466,41878.39,89.85,71.7,4.7,93.8,84.6,1
S1012,Orion Manufacturing,Automotive,Poland,2024-01-04 13:00:00,2.22,3.18,18.2,1752,377943.05,215.67,74.5,1.59,94.4,87.4,0
S1013,Keystone Global,Automotive,India,2024-01-04 22:00:00,1.65,2.86,30.9,1942,216079.77,111.27,79.1,4.59,94.9,88.3,0
S1014,Keystone Manufacturing,Electronics,India,2024-01-04 15:00:00,1.54,5.82,30.8,752,41706.92,55.49,51.2,6.58,90.2,76.2,0
S1015,Ironclad Supplies,Electronics,Vietnam,2024-01-04 13:00:00,1.88,0.98,9.5,879,155733.91,177.22,94.3,4.67,96.5,94.1,0
S1016,Keystone Precision,Metals,Japan,2024-01-04 04:00:00,4.79,0.56,8.3,237,4035.62,17.06,91.3,7.13,88.7,87.9,0
S1017,Apex Industries,Automotive,Vietnam,2024-01-04 17:00:00,0.62,2.21,29.9,943,212481.17,225.22,84.5,2.82,89.4,89.5,0
S1018,Vertex Precision,Chemicals,Poland,2024-01-04 08:00:00,6.27,1.48,16.3,303,43546.8,143.85,86.7,8.43,93.0,86.6,0
S1019,Summit Industries,Textiles,Mexico,2024-01-04 20:00:00,8.31,0.05,19.0,1100,279958.54,254.43,97.5,-1.53,96.2,93.1,0
S1020,Atlas Logistics,Automotive,Vietnam,2024-01-04 19:00:00,5.13,4.23,11.0,1596,30737.48,19.26,63.5,4.29,88.2,78.9,1
S1021,Harbor Supplies,Metals,Vietnam,2024-01-04 21:00:00,2.53,2.57,12.1,951,265618.12,279.21,81.6,4.31,90.1,87.2,0
S1022,Vertex Logistics,Textiles,China,2024-01-04 05:00:00,0.06,4.82,23.0,130,17353.42,133.25,61.0,6.19,92.3,81.3,0
S1023,Keystone Global,Pharma,USA,2024-01-04 23:00:00,1.05,4.28,25.4,768,63571.38,82.73,67.5,1.68,94.1,85.4,0
S1024,Apex Works,Consumer Goods,Mexico,2024-01-04 07:00:00,3.6,0.63,9.4,942,202772.74,215.19,91.7,1.81,93.4,92.3,0
S1025,Helix Industries,Metals,Germany,2024-01-04 08:00:00,3.04,3.89,26.5,885,390255.72,441.08,69.5,10.62,91.4,80.8,0
S1026,Blue Ridge Works,Consumer Goods,Mexico,2024-01-04 02:00:00,3.79,2.42,17.9,183,34157.13,186.92,79.0,8.33,92.6,85.1,0
S1027,Ironclad Logistics,Automotive,Mexico,2024-01-04 09:00:00,8.27,1.85,8.5,1653,501787.24,303.49,84.6,-0.84,91.6,87.2,0
S1028,Zenith Components,Pharma,Poland,2024-01-04 23:00:00,1.54,0.8,18.5,820,156009.88,190.22,95.3,3.98,95.8,94.6,0
S1029,Summit Supplies,Electronics,India,2024-01-04 14:00:00,4.27,3.04,28.0,194,39643.73,204.58,74.8,9.77,89.0,81.5,0
S1030,Keystone Manufacturing,Consumer Goods,India,2024-01-04 10:00:00,0.0,2.08,10.9,1235,97441.34,78.89,80.9,2.31,96.6,91.3,0
S1031,Ironclad Manufacturing,Textiles,Japan,2024-01-04 04:00:00,6.1,3.65,19.9,1848,619527.45,335.27,66.9,5.43,87.5,78.9,0
S1032,Vertex Manufacturing,Pharma,Poland,2024-01-04 09:00:00,5.81,3.51,20.3,166,65799.5,397.03,71.8,8.28,92.6,81.5,0
S1033,Blue Ridge Precision,Automotive,Mexico,2024-01-04 07:00:00,4.92,3.69,26.4,775,275589.3,355.45,70.4,4.21,89.5,81.9,0
S1034,Zenith Global,Textiles,Japan,2024-01-04 17:00:00,2.03,4.52,10.6,200,43253.0,216.38,67.1,3.2,99.3,86.0,0
S1035,Delta Works,Textiles,Vietnam,2024-01-04 08:00:00,7.37,2.29,19.1,1624,463326.98,285.37,81.4,2.17,87.7,84.7,0
S1036,Orion Components,Pharma,Vietnam,2024-01-04 11:00:00,0.08,4.58,21.1,641,112519.39,175.43,62.9,4.2,95.6,83.8,1
S1037,Nova Global,Pharma,India,2024-01-04 03:00:00,5.88,2.71,19.7,867,33479.25,38.62,78.0,4.18,92.7,85.2,0
S1038,Blue Ridge Works,Metals,Vietnam,2024-01-04 06:00:00,1.8,3.97,17.6,1146,295653.82,258.1,66.5,2.75,93.0,83.9,0
S1039,Orion Works,Metals,China,2024-01-04 11:00:00,2.36,4.07,19.9,913,132691.3,145.39,74.2,3.48,95.9,87.1,0
S1040,Harbor Components,Pharma,China,2024-01-04 21:00:00,2.99,3.11,25.7,993,267067.44,268.86,71.9,0.1,92.2,85.9,0
S1041,Vertex Supplies,Consumer Goods,Poland,2024-01-04 14:00:00,0.97,2.04,15.7,950,230258.52,242.49,82.7,2.79,90.7,89.2,0
S1042,Harbor Materials,Electronics,India,2024-01-04 00:00:00,4.11,3.09,22.2,388,34749.01,89.48,74.0,4.5,91.1,84.0,1
S1043,Blue Ridge Logistics,Pharma,Japan,2024-01-04 05:00:00,1.36,1.77,24.3,119,36665.88,308.62,81.0,-0.46,96.7,91.4,0
S1044,Quantum Manufacturing,Machinery,Vietnam,2024-01-04 12:00:00,3.88,2.15,12.7,619,122067.78,197.08,82.6,1.17,94.5,89.6,0
S1045,Vertex Manufacturing,Chemicals,India,2024-01-04 03:00:00,3.44,3.94,28.8,200,17745.42,88.89,70.1,4.99,90.4,82.6,0
S1046,Quantum Materials,Textiles,Mexico,2024-01-04 15:00:00,2.95,1.11,12.9,483,89826.87,185.83,88.0,3.5,93.7,90.8,0
S1047,Atlas Industries,Metals,USA,2024-01-04 05:00:00,5.34,0.04,13.0,1103,81759.23,74.15,98.2,2.0,94.7,94.1,0
S1048,Helix Industries,Chemicals,Japan,2024-01-04 13:00:00,0.59,2.3,29.3,1121,78623.03,70.17,87.1,-1.28,96.3,93.4,0
S1049,Atlas Works,Metals,Germany,2024-01-04 04:00:00,3.53,3.42,8.6,126,16935.67,134.62,72.8,2.33,94.1,85.8,0
S1050,Vertex Global,Metals,Japan,2024-01-04 08:00:00,4.1,2.86,6.7,924,288970.93,312.76,78.6,7.16,90.8,84.6,0
S1051,Zenith Industries,Consumer Goods,Germany,2024-01-04 02:00:00,0.0,1.84,26.9,1784,215546.39,120.81,82.8,3.13,98.6,92.3,0
S1052,Meridian Manufacturing,Automotive,Germany,2024-01-04 03:00:00,4.83,3.83,13.9,1797,209327.17,116.52,70.2,3.21,88.4,81.9,0
S1053,Harbor Systems,Machinery,India,2024-01-04 21:00:00,2.79,5.06,7.6,1204,149424.09,124.08,64.6,7.42,92.0,80.6,1
S1054,Harbor Manufacturing,Pharma,Mexico,2024-01-04 20:00:00,4.96,3.74,15.4,960,284347.28,296.25,70.3,1.4,93.1,84.2,0
S1055,Harbor Works,Chemicals,USA,2024-01-04 11:00:00,2.74,3.29,16.7,369,45823.02,124.1,71.3,2.65,93.9,85.4,0
S1056,Ironclad Supplies,Chemicals,Germany,2024-01-04 20:00:00,5.14,3.39,10.6,543,125831.96,231.55,74.9,-0.33,92.9,86.1,0
S1057,Atlas Components,Textiles,Japan,2024-01-04 08:00:00,3.65,4.13,5.3,434,93012.46,214.27,75.4,0.83,94.8,87.4,0
S1058,Meridian Supplies,Textiles,Poland,2024-01-04 18:00:00,0.55,0.64,16.0,299,20399.21,68.29,91.3,0.24,94.7,94.7,0
S1059,Quantum Systems,Pharma,Mexico,2024-01-04 17:00:00,3.06,3.63,22.6,1134,101176.37,89.23,71.5,4.15,96.2,85.6,0
S1060,Blue Ridge Systems,Textiles,Vietnam,2024-01-04 04:00:00,2.86,1.3,12.4,985,223302.4,226.73,94.2,2.9,94.4,93.5,0
S1061,Zenith Manufacturing,Pharma,Germany,2024-01-04 01:00:00,4.84,2.73,6.6,456,63147.84,138.58,80.5,0.2,99.3,90.4,0
S1062,Meridian Systems,Consumer Goods,Vietnam,2024-01-04 11:00:00,3.84,1.59,14.6,911,370222.6,406.43,83.1,3.42,92.7,88.3,0
S1063,Delta Precision,Consumer Goods,Germany,2024-01-04 18:00:00,4.29,3.23,20.6,198,14790.54,74.71,71.7,2.57,91.1,83.9,0
S1064,Vertex Logistics,Chemicals,Japan,2024-01-04 07:00:00,1.56,0.72,14.5,360,112227.87,312.12,96.2,2.66,96.6,95.7,0
S1065,Zenith Logistics,Automotive,Vietnam,2024-01-04 13:00:00,0.87,1.35,17.2,1018,262360.39,257.6,91.1,5.5,95.4,92.8,0
S1066,Vertex Materials,Electronics,Germany,2024-01-04 15:00:00,3.53,0.56,9.5,1392,200632.94,144.11,93.7,4.45,85.7,89.3,0
S1067,Harbor Supplies,Textiles,Japan,2024-01-04 19:00:00,2.78,2.72,29.7,1030,72394.55,70.28,81.8,1.25,95.4,90.1,0
S1068,Vertex Supplies,Machinery,Poland,2024-01-04 18:00:00,4.63,1.92,28.4,485,86332.33,178.14,88.4,6.6,93.6,88.9,0
S1069,Keystone Industries,Electronics,India,2024-01-04 03:00:00,3.17,2.06,19.6,286,103010.2,359.67,81.2,11.52,94.5,85.6,0
S1070,Delta Logistics,Machinery,Vietnam,2024-01-04 23:00:00,2.56,1.38,22.9,385,113088.72,293.67,90.7,-3.56,94.3,92.1,0
S1071,Pioneer Logistics,Textiles,Japan,2024-01-04 02:00:00,5.0,0.93,22.7,2059,87037.06,42.27,91.3,7.35,89.8,88.1,0
S1072,Delta Materials,Automotive,Poland,2024-01-04 06:00:00,6.36,1.38,21.6,920,236688.63,257.36,85.8,5.6,90.8,86.6,0
S1073,Orion Components,Pharma,Germany,2024-01-04 18:00:00,0.77,1.23,5.6,507,196727.93,388.01,89.5,4.49,89.8,90.7,0
S1074,Pioneer Precision,Electronics,Vietnam,2024-01-04 19:00:00,1.15,1.62,8.2,113,10852.19,96.22,87.7,2.45,96.1,92.8,0
S1075,Zenith Logistics,Consumer Goods,USA,2024-01-04 19:00:00,6.99,3.04,21.2,1320,299581.64,226.98,78.0,2.03,93.7,85.9,0
S1076,Harbor Materials,Consumer Goods,Japan,2024-01-04 11:00:00,0.0,4.25,11.4,1207,73941.81,61.28,72.1,4.57,97.4,87.6,0
S1077,Vertex Precision,Machinery,Poland,2024-01-04 12:00:00,2.29,3.93,14.9,620,81146.76,130.82,64.5,0.59,91.4,83.2,0
S1078,Quantum Precision,Metals,Poland,2024-01-04 09:00:00,3.59,0.89,31.1,233,49856.33,214.31,90.4,4.25,93.0,90.8,0
S1079,Apex Systems,Pharma,China,2024-01-04 17:00:00,3.74,4.48,10.9,382,26633.28,69.67,64.0,3.25,91.7,81.4,1
S1080,Zenith Precision,Chemicals,India,2024-01-04 17:00:00,4.28,1.23,21.6,871,404230.14,463.94,90.0,18.88,92.3,84.6,1
S1081,Keystone Components,Textiles,Japan,2024-01-04 03:00:00,2.06,3.11,14.3,231,63533.79,274.77,77.2,3.5,98.6,89.2,0
S1082,Keystone Manufacturing,Consumer Goods,Mexico,2024-01-04 14:00:00,4.43,2.2,15.7,1197,303552.54,253.63,85.8,3.85,92.7,88.8,0
S1083,Blue Ridge Components,Consumer Goods,USA,2024-01-04 08:00:00,3.33,1.41,23.6,1223,492905.81,403.1,93.5,4.65,91.3,91.3,0
S1084,Pioneer Precision,Machinery,Poland,2024-01-04 14:00:00,1.11,2.06,10.7,483,107774.01,223.34,85.3,5.53,96.9,91.1,0
S1085,Harbor Components,Machinery,USA,2024-01-04 11:00:00,1.27,0.44,20.1,557,100085.77,179.7,98.2,3.55,95.7,95.9,0
S1086,Keystone Global,Metals,Germany,2024-01-04 10:00:00,3.96,2.11,30.2,655,112304.67,171.5,80.7,5.55,93.3,86.8,0
S1087,Summit Components,Pharma,USA,2024-01-04 17:00:00,4.18,0.66,8.5,273,24243.97,88.9,96.1,-2.99,97.2,94.4,0
S1088,Helix Precision,Chemicals,Japan,2024-01-04 01:00:00,1.17,2.45,23.1,1580,295322.15,186.86,79.1,6.24,93.5,87.5,0
S1089,Helix Works,Textiles,USA,2024-01-04 21:00:00,3.16,2.29,17.4,1324,236860.75,178.92,82.3,4.85,93.8,88.3,0
S1090,Pioneer Supplies,Electronics,China,2024-01-04 11:00:00,3.66,5.02,15.0,669,199817.64,298.65,61.1,6.45,87.6,77.8,0
S1091,Zenith Components,Metals,China,2024-01-04 12:00:00,0.13,1.46,10.5,561,87587.87,156.09,85.2,2.54,95.9,92.4,0
S1092,Zenith Components,Textiles,USA,2024-01-04 06:00:00,6.0,1.57,28.4,320,93928.41,293.52,87.3,11.27,92.2,85.6,0
S1093,Atlas Works,Consumer Goods,China,2024-01-04 03:00:00,0.0,4.13,16.6,1084,259940.42,239.75,68.2,7.35,93.9,84.0,0
S1094,Summit Precision,Machinery,Japan,2024-01-04 17:00:00,6.14,3.45,31.6,1733,55274.83,31.9,74.3,4.74,90.8,82.9,0
S1095,Vertex Global,Metals,India,2024-01-04 23:00:00,0.23,1.47,26.7,1730,401758.61,232.19,87.0,3.86,95.9,92.4,0
S1096,Zenith Precision,Textiles,Japan,2024-01-04 14:00:00,0.0,1.48,13.6,629,176754.9,281.22,87.2,19.0,99.0,88.0,0
S1097,Orion Works,Textiles,China,2024-01-04 04:00:00,2.54,1.93,25.0,213,25970.96,121.91,88.5,2.67,97.0,92.7,0
S1098,Blue Ridge Components,Machinery,Mexico,2024-01-04 16:00:00,0.0,3.97,32.7,211,29339.87,139.21,66.1,9.82,94.9,82.7,0
S1099,Quantum Global,Consumer Goods,Mexico,2024-01-04 06:00:00,2.67,2.44,19.8,223,88642.3,396.77,79.4,0.22,94.8,89.5,0
S1100,Helix Logistics,Electronics,Poland,2024-01-04 22:00:00,0.0,1.37,7.9,399,126061.99,315.74,90.0,9.99,91.2,89.6,0
S1101,Summit Logistics,Metals,Poland,2024-01-04 14:00:00,2.67,0.75,26.0,1552,603226.64,388.61,86.1,5.75,90.1,88.2,0
S1102,Atlas Works,Consumer Goods,Germany,2024-01-04 14:00:00,1.72,3.54,20.4,1401,304777.78,217.49,70.6,2.34,94.5,86.0,0
S1103,Ironclad Industries,Automotive,Poland,2024-01-04 05:00:00,2.61,0.14,30.9,1029,255720.21,248.58,97.6,2.53,96.8,95.8,0
S1104,Blue Ridge Materials,Textiles,Japan,2024-01-04 02:00:00,0.0,2.52,35.5,565,35423.66,62.72,73.8,11.41,92.5,83.9,0
S1105,Keystone Works,Electronics,Poland,2024-01-04 20:00:00,5.23,1.52,10.1,1765,536877.38,304.16,89.3,6.61,92.0,88.4,0
S1106,Quantum Materials,Chemicals,Poland,2024-01-04 01:00:00,3.61,0.41,19.9,515,99391.31,193.06,95.2,1.1,97.4,95.2,0
S1107,Delta Supplies,Consumer Goods,USA,2024-01-04 18:00:00,7.33,3.25,13.9,1159,291787.32,251.82,77.1,0.45,90.2,84.7,0
S1108,Ironclad Industries,Automotive,Poland,2024-01-04 01:00:00,2.68,4.46,27.2,416,160185.67,385.09,58.9,10.29,89.0,76.6,0
S1109,Keystone Components,Metals,Mexico,2024-01-04 09:00:00,4.6,2.69,13.6,243,67461.68,277.33,80.5,4.26,93.1,86.9,0
S1110,Blue Ridge Works,Automotive,China,2024-01-04 18:00:00,5.23,3.35,11.4,855,203957.72,238.44,66.5,8.06,87.4,78.2,0
S1111,Quantum Materials,Chemicals,China,2024-01-04 08:00:00,0.72,2.65,21.4,1443,426342.59,295.42,80.4,5.42,92.9,88.3,0
S1112,Nova Supplies,Chemicals,Japan,2024-01-04 01:00:00,0.63,3.28,12.8,139,24081.14,173.03,76.6,8.66,89.7,84.6,0
S1113,Pioneer Industries,Machinery,Poland,2024-01-04 08:00:00,4.26,2.72,21.6,634,35641.93,56.22,80.5,3.71,91.1,86.5,0
S1114,Pioneer Industries,Machinery,Japan,2024-01-04 17:00:00,0.94,1.68,25.0,345,108334.06,314.1,84.2,4.49,95.1,90.6,0
S1115,Keystone Global,Textiles,Vietnam,2024-01-04 22:00:00,7.85,1.33,16.6,957,259977.45,271.79,89.9,7.67,92.3,87.0,0
S1116,Harbor Works,Automotive,Germany,2024-01-04 05:00:00,3.43,3.69,17.4,518,45614.62,88.08,74.5,7.5,92.5,83.9,0
S1117,Orion Precision,Consumer Goods,Mexico,2024-01-04 23:00:00,4.06,2.61,19.8,1479,122220.43,82.66,80.9,1.65,93.4,88.4,0
S1118,Pioneer Materials,Machinery,Japan,2024-01-04 22:00:00,2.53,2.59,12.7,566,120567.59,213.1,74.2,6.19,92.0,84.6,0
S1119,Zenith Manufacturing,Electronics,Japan,2024-01-04 22:00:00,0.0,2.54,29.0,792,34015.84,42.95,75.4,3.04,94.1,88.2,0
S1120,Zenith Systems,Pharma,Germany,2024-01-04 10:00:00,1.1,1.61,25.7,370,51812.64,140.1,87.7,0.51,96.9,93.9,0
S1001,Meridian Materials,Pharma,Poland,2024-01-07 16:00:00,3.47,1.99,16.9,88,32168.3,363.85,78.6,3.83,87.4,84.9,0
S1002,Keystone Manufacturing,Metals,China,2024-01-07 14:00:00,3.9,2.83,34.2,919,313521.21,341.26,79.0,7.07,88.8,84.1,0
S1003,Delta Components,Electronics,Japan,2024-01-07 08:00:00,1.84,2.5,23.5,1332,289556.81,217.32,85.0,3.72,96.4,91.2,0
S1004,Delta Components,Consumer Goods,Mexico,2024-01-07 13:00:00,10.34,1.94,30.4,989,217956.67,220.28,86.1,5.98,84.1,82.2,0
S1005,Quantum Precision,Pharma,USA,2024-01-07 09:00:00,10.05,0.52,17.1,456,61182.24,134.05,90.7,-0.43,89.9,88.0,0
S1006,Delta Materials,Consumer Goods,Vietnam,2024-01-07 13:00:00,5.21,3.03,15.3,226,41733.07,184.31,74.1,11.18,87.3,79.7,0
S1007,Apex Materials,Consumer Goods,Germany,2024-01-07 19:00:00,6.57,5.29,32.3,238,60048.0,252.34,62.8,9.08,86.1,75.5,0
S1008,Meridian Materials,Consumer Goods,Japan,2024-01-07 01:00:00,4.82,2.51,10.5,1129,28035.93,24.84,81.9,8.37,84.2,82.6,0
S1009,Keystone Logistics,Textiles,India,2024-01-07 03:00:00,0.99,6.39,26.4,897,176371.95,196.53,51.5,11.75,88.4,74.1,0
S1010,Harbor Systems,Consumer Goods,Mexico,2024-01-07 21:00:00,3.02,1.64,31.4,962,10140.52,10.54,83.6,5.07,91.6,87.9,0
S1011,Blue Ridge Materials,Chemicals,Mexico,2024-01-07 03:00:00,1.87,3.78,12.3,569,50663.94,89.0,71.8,3.71,96.4,86.5,0
S1012,Orion Manufacturing,Automotive,Poland,2024-01-07 22:00:00,2.77,2.86,17.0,1356,296500.48,218.6,81.4,2.97,98.5,90.5,0
S1013,Keystone Global,Automotive,India,2024-01-07 10:00:00,3.46,2.74,30.1,816,88491.67,108.41,82.4,1.89,94.4,89.4,0
S1014,Keystone Manufacturing,Electronics,India,2024-01-07 01:00:00,3.63,5.1,31.6,655,37084.01,56.61,64.3,8.73,87.4,78.0,0
S1015,Ironclad Supplies,Electronics,Vietnam,2024-01-07 21:00:00,17.4,1.24,7.4,804,138667.12,172.5,90.4,1.88,91.6,84.3,0
S1016,Keystone Precision,Metals,Japan,2024-01-07 16:00:00,5.77,1.28,9.5,337,5758.84,17.07,86.6,7.2,89.3,86.0,0
S1017,Apex Industries,Automotive,Vietnam,2024-01-07 14:00:00,0.73,3.0,35.4,918,216650.13,236.11,76.9,7.79,93.9,86.5,1
S1018,Vertex Precision,Chemicals,Poland,2024-01-07 20:00:00,5.48,1.42,16.9,240,35118.12,146.12,84.3,10.15,89.8,84.4,0
S1019,Summit Industries,Textiles,Mexico,2024-01-07 11:00:00,1.14,0.34,19.9,980,252815.38,258.1,94.3,-0.11,97.4,96.5,0
S1020,Atlas Logistics,Automotive,Vietnam,2024-01-07 18:00:00,7.22,4.0,10.9,731,14289.61,19.56,69.4,5.91,88.2,79.4,0
S1021,Harbor Supplies,Metals,Vietnam,2024-01-07 04:00:00,0.15,2.7,9.7,1596,444169.9,278.36,77.1,3.99,95.1,88.7,0
S1022,Vertex Logistics,Textiles,China,2024-01-07 02:00:00,0.0,4.06,22.6,172,22567.19,131.35,66.1,4.68,91.8,83.5,0
S1023,Keystone Global,Pharma,USA,2024-01-07 07:00:00,1.31,4.32,26.2,455,39860.95,87.59,65.8,7.66,94.4,82.5,0
S1024,Apex Works,Consumer Goods,Mexico,2024-01-07 04:00:00,1.55,1.13,9.6,1582,343426.19,217.1,89.4,2.71,97.1,93.5,0
S1025,Helix Industries,Metals,Germany,2024-01-07 03:00:00,1.81,2.78,27.1,1332,551061.16,413.69,74.4,3.75,94.7,86.9,0
S1026,Blue Ridge Works,Consumer Goods,Mexico,2024-01-07 02:00:00,4.22,4.05,15.6,114,21062.17,185.05,66.7,7.25,89.7,79.9,1
S1027,Ironclad Logistics,Automotive,Mexico,2024-01-07 19:00:00,3.8,1.88,9.6,1845,582203.09,315.62,82.7,3.12,94.7,89.0,0
S1028,Zenith Components,Pharma,Poland,2024-01-07 18:00:00,1.15,0.62,21.2,1250,228469.1,182.83,93.4,-0.06,95.4,95.5,0
S1029,Summit Supplies,Electronics,India,2024-01-07 21:00:00,0.74,2.81,26.2,141,28357.65,201.71,75.4,8.23,88.3,83.9,0
S1030,Keystone Manufacturing,Consumer Goods,India,2024-01-07 02:00:00,0.96,2.35,11.1,1626,129915.97,79.88,81.8,3.6,94.5,89.9,0
S1031,Ironclad Manufacturing,Textiles,Japan,2024-01-07 19:00:00,6.92,3.06,19.3,1118,393658.69,352.26,73.2,10.77,87.1,78.6,0
S1032,Vertex Manufacturing,Pharma,Poland,2024-01-07 21:00:00,0.53,2.64,21.3,129,50497.84,392.05,78.2,6.92,95.4,87.9,0
S1033,Blue Ridge Precision,Automotive,Mexico,2024-01-07 00:00:00,5.15,4.54,22.8,756,260969.19,345.29,61.6,1.23,91.0,80.4,1
S1034,Zenith Global,Textiles,Japan,2024-01-07 23:00:00,1.2,3.35,11.5,187,40197.45,214.98,80.1,2.53,97.7,90.7,0
S1035,Delta Works,Textiles,Vietnam,2024-01-07 20:00:00,6.88,1.8,17.5,1067,325706.09,305.29,86.2,9.3,91.5,85.3,0
S1036,Orion Components,Pharma,Vietnam,2024-01-07 23:00:00,2.59,3.33,20.1,1528,266145.88,174.22,73.7,3.48,96.6,87.0,0
S1037,Nova Global,Pharma,India,2024-01-07 23:00:00,3.41,1.45,17.9,1404,52970.06,37.72,88.4,1.76,96.1,92.2,0
S1038,Blue Ridge Works,Metals,Vietnam,2024-01-07 03:00:00,2.81,3.68,19.3,1102,302316.61,274.34,71.4,9.22,89.4,81.4,0
S1039,Orion Works,Metals,China,2024-01-07 20:00:00,2.94,3.91,19.0,1082,160239.42,148.14,66.9,5.43,94.3,82.9,0
S1040,Harbor Components,Pharma,China,2024-01-07 07:00:00,5.87,3.62,20.9,1068,304744.53,285.23,66.2,6.2,89.4,79.2,1
S1041,Vertex Supplies,Consumer Goods,Poland,2024-01-07 03:00:00,3.11,1.88,16.6,1228,305233.41,248.56,84.5,5.36,91.8,88.1,0
S1042,Harbor Materials,Electronics,India,2024-01-07 21:00:00,8.74,2.04,18.2,586,53248.12,90.79,82.3,6.03,86.4,82.4,1
S1043,Blue Ridge Logistics,Pharma,Japan,2024-01-07 18:00:00,0.0,2.21,22.4,178,56063.36,314.82,85.0,1.54,98.7,93.7,0
S1044,Quantum Manufacturing,Machinery,Vietnam,2024-01-07 13:00:00,2.86,2.08,10.1,1048,211966.95,202.3,81.2,3.85,94.2,88.5,0
S1045,Vertex Manufacturing,Chemicals,India,2024-01-07 00:00:00,3.64,3.3,22.8,238,21329.93,89.7,71.7,5.95,90.3,82.6,0
S1046,Quantum Materials,Textiles,Mexico,2024-01-07 13:00:00,2.26,1.78,11.3,544,100251.57,184.21,89.4,2.6,95.7,92.7,0
S1047,Atlas Industries,Metals,USA,2024-01-07 04:00:00,4.01,0.86,12.6,850,64416.31,75.78,93.2,4.23,93.2,91.6,0
S1048,Helix Industries,Chemicals,Japan,2024-01-07 23:00:00,3.3,0.89,25.9,2437,177519.14,72.84,95.3,2.48,95.0,94.0,0
S1049,Atlas Works,Metals,Germany,2024-01-07 12:00:00,6.88,3.01,8.3,135,18364.72,135.82,74.2,3.24,94.5,84.4,0
S1050,Vertex Global,Metals,Japan,2024-01-07 07:00:00,2.06,2.7,6.9,958,286840.7,299.37,74.0,2.57,90.6,85.6,0
S1051,Zenith Industries,Consumer Goods,Germany,2024-01-07 06:00:00,0.98,1.55,28.6,1143,136603.61,119.5,90.9,2.01,100.0,95.6,0
S1052,Meridian Manufacturing,Automotive,Germany,2024-01-07 02:00:00,5.99,3.32,13.2,960,116090.13,120.95,71.8,7.13,91.4,81.4,0
S1053,Harbor Systems,Machinery,India,2024-01-07 07:00:00,4.66,4.62,5.4,1328,173996.46,131.01,62.8,13.42,87.8,75.4,0
S1054,Harbor Manufacturing,Pharma,Mexico,2024-01-07 08:00:00,2.02,2.75,19.2,1036,308343.07,297.64,75.1,1.87,98.1,88.9,0
S1055,Harbor Works,Chemicals,USA,2024-01-07 19:00:00,2.12,4.17,19.7,818,107146.13,130.96,66.9,8.32,93.1,81.8,0
S1056,Ironclad Supplies,Chemicals,Germany,2024-01-07 17:00:00,0.42,3.45,16.8,939,222103.95,236.51,73.0,1.8,94.7,87.8,0
S1057,Atlas Components,Textiles,Japan,2024-01-07 00:00:00,4.16,4.07,7.5,462,100871.23,218.29,67.0,2.72,94.9,83.6,0
S1058,Meridian Supplies,Textiles,Poland,2024-01-07 07:00:00,3.48,1.29,19.8,218,15853.71,72.7,89.6,6.71,90.8,88.9,0
S1059,Quantum Systems,Pharma,Mexico,2024-01-07 17:00:00,2.75,3.1,19.4,678,60775.04,89.63,73.4,4.62,96.9,86.5,0
S1060,Blue Ridge Systems,Textiles,Vietnam,2024-01-07 09:00:00,0.19,1.15,16.9,841,190230.41,226.06,91.6,2.59,93.0,93.5,0
S1061,Zenith Manufacturing,Pharma,Germany,2024-01-07 04:00:00,1.97,2.68,6.1,622,85114.15,136.9,75.9,-1.02,100.0,90.2,0
S1062,Meridian Systems,Consumer Goods,Vietnam,2024-01-07 16:00:00,1.79,1.72,15.1,832,321033.44,385.68,86.3,-1.86,92.4,90.9,0
S1063,Delta Precision,Consumer Goods,Germany,2024-01-07 02:00:00,3.64,2.91,19.0,236,17502.09,74.22,77.8,1.91,93.3,87.3,0
S1064,Vertex Logistics,Chemicals,Japan,2024-01-07 08:00:00,0.0,0.65,16.4,392,123056.52,314.02,92.1,3.29,96.9,94.9,0
S1065,Zenith Logistics,Automotive,Vietnam,2024-01-07 11:00:00,0.76,1.24,15.8,1495,377705.68,252.58,88.5,3.44,99.0,94.0,0
S1066,Vertex Materials,Electronics,Germany,2024-01-07 12:00:00,4.86,0.77,6.0,1968,282889.89,143.71,93.9,4.16,93.1,91.4,0
S1067,Harbor Supplies,Textiles,Japan,2024-01-07 00:00:00,2.54,3.09,29.5,755,53935.21,71.45,74.0,2.93,96.0,87.1,0
S1068,Vertex Supplies,Machinery,Poland,2024-01-07 19:00:00,4.8,1.38,29.3,681,139379.06,204.81,91.0,22.56,95.0,84.3,0
S1069,Keystone Industries,Electronics,India,2024-01-07 05:00:00,3.96,2.69,22.8,405,131883.97,325.88,78.4,1.04,97.6,89.2,0
S1070,Delta Logistics,Machinery,Vietnam,2024-01-07 06:00:00,0.03,0.21,25.3,458,144682.99,316.06,95.5,3.79,98.9,96.6,0
S1071,Pioneer Logistics,Textiles,Japan,2024-01-07 17:00:00,1.34,1.13,25.8,1251,51309.6,41.01,91.3,4.17,96.8,93.6,0
S1072,Delta Materials,Automotive,Poland,2024-01-07 07:00:00,5.91,0.53,23.5,945,237734.53,251.51,92.9,3.2,93.5,91.1,0
S1073,Orion Components,Pharma,Germany,2024-01-07 19:00:00,2.06,1.45,10.8,483,196775.74,407.26,88.4,9.67,91.4,88.3,0
S1074,Pioneer Precision,Electronics,Vietnam,2024-01-07 05:00:00,1.23,2.95,7.0,117,11088.2,94.96,79.9,1.1,93.0,89.5,0
S1075,Zenith Logistics,Consumer Goods,USA,2024-01-07 21:00:00,2.04,2.19,23.0,700,158541.62,226.6,85.6,1.85,94.7,91.4,0
S1076,Harbor Materials,Consumer Goods,Japan,2024-01-07 08:00:00,2.46,4.19,7.6,1040,65828.29,63.31,64.1,8.04,94.0,81.1,0
S1077,Vertex Precision,Machinery,Poland,2024-01-07 18:00:00,2.07,4.81,14.5,747,107349.78,143.74,64.7,10.53,92.5,80.1,0
S1078,Quantum Precision,Metals,Poland,2024-01-07 18:00:00,3.05,1.82,29.8,223,47708.39,214.31,84.2,4.25,95.1,89.6,0
S1079,Apex Systems,Pharma,China,2024-01-07 19:00:00,2.46,5.1,8.8,546,38944.32,71.38,60.7,5.78,92.1,80.1,0
S1080,Zenith Precision,Chemicals,India,2024-01-07 11:00:00,4.25,1.06,21.0,645,273192.52,423.63,90.2,8.55,90.4,87.9,0
S1081,Keystone Components,Textiles,Japan,2024-01-07 23:00:00,0.61,2.89,13.7,254,68066.15,267.84,81.2,0.89,97.6,91.9,0
S1082,Keystone Manufacturing,Consumer Goods,Mexico,2024-01-07 23:00:00,2.15,3.64,16.9,1700,426193.65,250.72,68.8,2.66,91.7,84.1,1
S1083,Blue Ridge Components,Consumer Goods,USA,2024-01-07 19:00:00,2.48,0.67,22.4,996,394819.37,396.42,93.7,2.91,95.0,93.7,0
S1084,Pioneer Precision,Machinery,Poland,2024-01-07 00:00:00,2.36,2.37,12.6,661,145230.72,219.62,79.6,3.78,93.9,88.1,0
S1085,Harbor Components,Machinery,USA,2024-01-07 23:00:00,0.69,1.16,20.5,727,128006.38,176.0,91.8,1.42,98.4,95.7,0
S1086,Keystone Global,Metals,Germany,2024-01-07 12:00:00,3.97,1.63,31.6,775,130044.53,167.88,86.7,3.32,93.1,89.7,0
S1087,Summit Components,Pharma,USA,2024-01-07 07:00:00,3.81,0.61,11.7,213,20349.71,95.51,100.0,4.23,97.5,95.6,0
S1088,Helix Precision,Chemicals,Japan,2024-01-07 11:00:00,9.96,3.39,25.5,733,136325.96,186.08,71.5,5.79,85.8,77.9,0
S1089,Helix Works,Textiles,USA,2024-01-07 18:00:00,6.99,3.44,17.2,843,151015.36,179.05,80.2,4.93,93.6,85.5,0
S1090,Pioneer Supplies,Electronics,China,2024-01-07 02:00:00,0.1,4.54,14.9,719,212482.54,295.39,66.1,5.29,95.0,84.4,0
S1091,Zenith Components,Metals,China,2024-01-07 17:00:00,0.88,2.25,13.0,680,104316.97,153.44,84.7,0.8,95.9,92.5,0
S1092,Zenith Components,Textiles,USA,2024-01-07 11:00:00,6.59,0.27,32.5,443,142484.91,321.54,95.7,21.89,93.9,84.9,0
S1093,Atlas Works,Consumer Goods,China,2024-01-07 13:00:00,1.21,3.23,18.0,652,154863.28,237.66,72.2,6.42,93.5,85.0,0
S1094,Summit Precision,Machinery,Japan,2024-01-07 09:00:00,3.46,4.62,32.4,907,29364.9,32.38,65.8,6.3,90.8,80.7,0
S1095,Vertex Global,Metals,India,2024-01-07 05:00:00,0.0,1.68,25.8,770,179304.73,232.85,83.7,4.15,94.7,90.9,0
S1096,Zenith Precision,Textiles,Japan,2024-01-07 23:00:00,2.0,1.45,15.3,1108,273776.76,247.05,89.4,4.54,98.4,93.0,0
S1097,Orion Works,Textiles,China,2024-01-07 02:00:00,3.32,2.18,28.7,468,55673.13,118.92,84.1,0.15,95.8,91.2,0
S1098,Blue Ridge Components,Machinery,Mexico,2024-01-07 02:00:00,0.13,4.96,29.5,270,35094.85,130.2,61.4,2.71,95.2,83.8,0
S1099,Quantum Global,Consumer Goods,Mexico,2024-01-07 10:00:00,2.44,2.93,16.3,127,50075.31,393.94,78.4,-0.49,95.7,89.5,0
S1100,Helix Logistics,Electronics,Poland,2024-01-07 11:00:00,2.33,1.94,10.0,260,78829.82,303.23,81.6,5.63,89.2,86.5,0
S1101,Summit Logistics,Metals,Poland,2024-01-07 00:00:00,2.8,0.53,22.3,861,338020.86,392.72,95.3,6.87,88.6,90.4,0
S1102,Atlas Works,Consumer Goods,Germany,2024-01-07 09:00:00,0.12,3.28,18.7,1703,364592.97,214.11,75.6,0.75,94.2,89.1,0
S1103,Ironclad Industries,Automotive,Poland,2024-01-07 09:00:00,2.78,1.46,27.3,1004,257952.14,256.89,85.2,5.95,93.4,88.9,0
S1104,Blue Ridge Materials,Textiles,Japan,2024-01-07 01:00:00,1.05,2.6,31.6,734,44755.14,60.93,74.7,8.23,88.1,83.4,0
S1105,Keystone Works,Electronics,Poland,2024-01-07 23:00:00,4.07,1.57,7.1,1058,317688.84,300.31,83.9,5.26,94.4,88.4,0
S1106,Quantum Materials,Chemicals,Poland,2024-01-07 03:00:00,1.72,1.48,21.4,814,157262.35,193.3,89.4,1.22,100.0,95.0,0
S1107,Delta Supplies,Consumer Goods,USA,2024-01-07 10:00:00,5.38,3.48,13.4,1260,327471.08,259.92,75.9,3.68,91.7,84.6,0
S1108,Ironclad Industries,Automotive,Poland,2024-01-07 14:00:00,18.29,4.9,25.6,380,143718.53,378.5,59.6,8.4,81.9,67.3,0
S1109,Keystone Components,Metals,Mexico,2024-01-07 00:00:00,4.03,2.34,12.1,155,43031.53,278.01,82.2,4.51,92.9,87.6,0
S1110,Blue Ridge Works,Automotive,China,2024-01-07 16:00:00,3.22,1.42,11.5,1216,282781.58,232.61,85.9,5.42,89.3,87.7,0
S1111,Quantum Materials,Chemicals,China,2024-01-07 20:00:00,2.34,2.42,20.9,694,204795.34,295.13,85.6,5.32,91.5,88.8,0
S1112,Nova Supplies,Chemicals,Japan,2024-01-07 22:00:00,1.12,2.55,11.4,129,21864.02,169.54,79.4,6.47,92.2,87.1,0
S1113,Pioneer Industries,Machinery,Poland,2024-01-07 07:00:00,0.35,2.76,20.5,525,30096.32,57.38,77.7,5.85,91.9,87.0,0
S1114,Pioneer Industries,Machinery,Japan,2024-01-07 10:00:00,2.39,2.31,27.9,207,64581.39,311.93,82.8,3.77,94.2,89.4,0
S1115,Keystone Global,Textiles,Vietnam,2024-01-07 17:00:00,4.16,0.78,17.7,1083,289134.78,267.07,89.5,5.8,92.2,89.4,0
S1116,Harbor Works,Automotive,Germany,2024-01-07 06:00:00,3.91,2.16,17.0,613,53907.33,87.89,77.9,7.27,94.8,85.8,0
S1117,Orion Precision,Consumer Goods,Mexico,2024-01-07 08:00:00,3.11,3.55,20.9,948,81238.58,85.68,79.0,5.36,99.3,88.8,0
S1118,Pioneer Materials,Machinery,Japan,2024-01-07 09:00:00,19.7,2.18,13.4,504,106604.03,211.61,79.0,5.45,79.7,73.6,1
S1119,Zenith Manufacturing,Electronics,Japan,2024-01-07 02:00:00,0.0,1.45,26.7,854,36433.31,42.65,90.7,2.33,99.6,95.7,0
S1120,Zenith Systems,Pharma,Germany,2024-01-07 22:00:00,2.01,1.34,28.7,339,46948.75,138.35,86.7,-0.74,94.6,92.2,0
S1001,Meridian Materials,Pharma,Poland,2024-01-10 19:00:00,10.17,0.52,16.2,62,22351.77,361.14,93.3,3.06,85.3,86.3,0
S1002,Keystone Manufacturing,Metals,China,2024-01-10 20:00:00,2.8,3.35,35.0,908,293573.64,323.45,75.6,1.48,93.6,87.3,0
S1003,Delta Components,Electronics,Japan,2024-01-10 19:00:00,1.86,4.86,21.8,1172,251240.73,214.45,66.2,2.35,90.5,83.0,0
S1004,Delta Components,Consumer Goods,Mexico,2024-01-10 02:00:00,1.74,2.93,31.3,1097,229066.95,208.87,73.3,0.49,91.9,86.8,0
S1005,Quantum Precision,Pharma,USA,2024-01-10 08:00:00,5.57,0.47,16.2,144,19864.16,138.41,91.5,2.81,91.7,90.3,1
S1006,Delta Materials,Consumer Goods,Vietnam,2024-01-10 15:00:00,4.7,4.01,13.5,233,39493.84,169.68,67.4,2.35,89.6,81.7,0
S1007,Apex Materials,Consumer Goods,Germany,2024-01-10 03:00:00,8.61,4.23,35.1,294,74239.14,252.71,65.5,9.24,90.3,76.7,1
S1008,Meridian Materials,Consumer Goods,Japan,2024-01-10 13:00:00,1.97,2.81,15.2,960,24847.82,25.89,75.4,12.95,87.3,81.1,1
S1009,Keystone Logistics,Textiles,India,2024-01-10 17:00:00,5.26,6.43,26.4,462,86813.15,188.11,50.4,6.96,83.5,71.6,1
S1010,Harbor Systems,Consumer Goods,Mexico,2024-01-10 06:00:00,2.43,0.9,30.7,800,8612.65,10.77,85.1,7.38,92.4,88.2,0
S1011,Blue Ridge Materials,Chemicals,Mexico,2024-01-10 01:00:00,2.5,3.75,13.2,522,46748.89,89.61,73.3,4.41,94.8,85.9,0
S1012,Orion Manufacturing,Automotive,Poland,2024-01-10 19:00:00,1.75,3.49,16.3,1836,404847.12,220.45,71.4,3.84,97.6,86.8,0
S1013,Keystone Global,Automotive,India,2024-01-10 03:00:00,1.8,2.48,30.4,1386,151729.28,109.47,79.6,2.89,91.7,88.0,0
S1014,Keystone Manufacturing,Electronics,India,2024-01-10 04:00:00,3.46,5.89,30.8,1004,57008.8,56.77,51.0,9.03,88.9,73.9,0
S1015,Ironclad Supplies,Electronics,Vietnam,2024-01-10 09:00:00,2.78,1.06,6.2,1467,246664.56,168.11,88.3,-0.71,97.1,93.3,0
S1016,Keystone Precision,Metals,Japan,2024-01-10 18:00:00,7.04,0.51,6.1,280,4769.16,17.06,93.0,7.11,89.2,87.6,0
S1017,Apex Industries,Automotive,Vietnam,2024-01-10 03:00:00,0.65,2.85,31.9,1026,246238.14,239.98,74.9,9.56,88.7,83.4,0
S1018,Vertex Precision,Chemicals,Poland,2024-01-10 14:00:00,5.96,2.33,16.9,211,29333.18,139.14,77.0,4.89,90.7,83.9,0
S1019,Summit Industries,Textiles,Mexico,2024-01-10 10:00:00,1.82,0.68,17.6,1056,280670.18,265.78,96.7,2.86,95.8,95.4,0
S1020,Atlas Logistics,Automotive,Vietnam,2024-01-10 21:00:00,5.94,4.34,9.6,805,15919.46,19.76,62.4,7.03,88.2,77.1,0
S1021,Harbor Supplies,Metals,Vietnam,2024-01-10 09:00:00,0.0,2.43,8.7,1116,297920.85,266.85,82.1,-0.31,94.7,91.8,0
S1022,Vertex Logistics,Textiles,China,2024-01-10 01:00:00,2.19,3.67,23.7,181,24691.36,136.75,69.9,8.98,89.7,81.4,1
S1023,Keystone Global,Pharma,USA,2024-01-10 09:00:00,0.0,4.27,23.2,732,63408.79,86.62,66.0,6.46,92.3,83.0,0
S1024,Apex Works,Consumer Goods,Mexico,2024-01-10 13:00:00,1.84,1.34,8.0,1171,264978.5,226.27,90.2,7.06,98.3,92.4,0
S1025,Helix Industries,Metals,Germany,2024-01-10 14:00:00,6.07,4.18,25.7,1883,800354.45,424.95,69.7,6.57,90.8,80.7,0
S1026,Blue Ridge Works,Consumer Goods,Mexico,2024-01-10 09:00:00,5.81,1.45,17.6,149,26527.42,177.94,88.9,3.12,92.4,89.4,0
S1027,Ironclad Logistics,Automotive,Mexico,2024-01-10 15:00:00,6.8,2.26,10.2,2251,708086.32,314.53,76.1,2.77,93.1,84.8,0
S1028,Zenith Components,Pharma,Poland,2024-01-10 04:00:00,1.47,0.8,23.7,908,176073.74,193.83,95.2,5.95,91.5,92.4,0
S1029,Summit Supplies,Electronics,India,2024-01-10 19:00:00,3.57,1.86,30.6,137,27065.8,197.9,84.1,6.19,87.8,86.1,0
S1030,Keystone Manufacturing,Consumer Goods,India,2024-01-10 03:00:00,1.23,1.97,9.0,1016,80795.28,79.49,89.3,3.09,94.9,92.7,0
S1031,Ironclad Manufacturing,Textiles,Japan,2024-01-10 23:00:00,5.71,4.96,18.4,1258,428304.42,340.55,60.5,7.09,84.6,75.2,0
S1032,Vertex Manufacturing,Pharma,Poland,2024-01-10 05:00:00,3.04,3.29,22.1,146,54551.35,374.49,73.4,2.13,92.9,85.9,0
S1033,Blue Ridge Precision,Automotive,Mexico,2024-01-10 21:00:00,6.24,3.27,25.3,1215,431389.56,355.17,72.4,4.13,90.0,82.2,0
S1034,Zenith Global,Textiles,Japan,2024-01-10 17:00:00,1.35,3.92,11.3,189,41055.63,217.15,63.4,3.57,98.1,84.5,0
S1035,Delta Works,Textiles,Vietnam,2024-01-10 22:00:00,5.97,2.19,17.5,1852,533093.77,287.87,82.9,3.06,94.8,88.0,0
S1036,Orion Components,Pharma,Vietnam,2024-01-10 13:00:00,0.42,4.46,18.3,1303,230934.7,177.18,66.8,5.24,95.3,84.6,0
S1037,Nova Global,Pharma,India,2024-01-10 01:00:00,0.68,2.31,19.2,872,33091.47,37.95,80.8,2.38,97.7,91.2,0
S1038,Blue Ridge Works,Metals,Vietnam,2024-01-10 19:00:00,0.63,4.67,19.3,972,259842.05,267.44,58.3,6.47,92.8,80.1,0
S1039,Orion Works,Metals,China,2024-01-10 23:00:00,1.32,2.85,15.8,664,99401.73,149.68,76.3,6.53,94.3,86.6,0
S1040,Harbor Components,Pharma,China,2024-01-10 05:00:00,7.43,1.68,23.2,880,247866.99,281.64,87.7,4.86,88.8,86.2,0
S1041,Vertex Supplies,Consumer Goods,Poland,2024-01-10 10:00:00,2.53,2.81,17.4,1381,342421.64,247.9,80.4,5.08,93.8,87.8,0
S1042,Harbor Materials,Electronics,India,2024-01-10 19:00:00,6.02,1.73,21.0,531,49707.97,93.65,86.8,9.37,88.1,84.7,0
S1043,Blue Ridge Logistics,Pharma,Japan,2024-01-10 10:00:00,0.67,1.56,22.6,150,46667.0,311.96,90.1,0.62,99.2,95.7,0
S1044,Quantum Manufacturing,Machinery,Vietnam,2024-01-10 08:00:00,2.15,2.17,11.4,765,160685.93,210.11,84.3,7.86,97.7,89.7,0
S1045,Vertex Manufacturing,Chemicals,India,2024-01-10 16:00:00,2.06,3.95,25.6,252,23276.1,92.55,71.8,9.31,93.8,83.4,1
S1046,Quantum Materials,Textiles,Mexico,2024-01-10 11:00:00,4.7,2.22,13.7,650,126615.71,194.9,82.9,8.55,93.0,86.0,0
S1047,Atlas Industries,Metals,USA,2024-01-10 12:00:00,6.79,0.44,10.2,731,57273.1,78.4,93.5,7.84,89.1,87.6,0
S1048,Helix Industries,Chemicals,Japan,2024-01-10 05:00:00,2.3,2.29,26.7,1558,112025.28,71.9,83.0,1.15,94.6,90.6,0
S1049,Atlas Works,Metals,Germany,2024-01-10 20:00:00,3.04,4.11,8.7,174,24189.24,138.86,70.3,5.55,95.6,84.5,0
S1050,Vertex Global,Metals,Japan,2024-01-10 23:00:00,1.98,2.87,7.8,859,258594.52,301.0,73.7,3.13,85.2,83.4,0
S1051,Zenith Industries,Consumer Goods,Germany,2024-01-10 07:00:00,0.5,1.21,27.8,1382,164893.18,119.31,94.6,1.85,100.0,97.2,0
S1052,Meridian Manufacturing,Automotive,Germany,2024-01-10 08:00:00,4.96,4.12,12.6,1458,169170.96,116.01,67.5,2.76,92.2,82.4,0
S1053,Harbor Systems,Machinery,India,2024-01-10 20:00:00,0.23,3.52,10.0,872,106374.03,121.92,73.8,5.55,98.4,88.0,0
S1054,Harbor Manufacturing,Pharma,Mexico,2024-01-10 05:00:00,1.9,3.47,13.5,777,229568.07,295.35,71.5,1.09,93.8,86.5,0
S1055,Harbor Works,Chemicals,USA,2024-01-10 14:00:00,1.05,4.18,18.5,403,52164.23,129.58,67.0,7.18,94.4,83.3,0
S1056,Ironclad Supplies,Chemicals,Germany,2024-01-10 01:00:00,3.18,4.57,13.5,1024,243531.83,237.75,63.9,2.34,93.8,82.7,0
S1057,Atlas Components,Textiles,Japan,2024-01-10 07:00:00,6.67,4.27,7.3,743,167811.43,225.95,65.8,6.32,94.4,80.4,0
S1058,Meridian Supplies,Textiles,Poland,2024-01-10 20:00:00,0.51,1.36,15.0,286,21020.64,73.61,87.5,8.06,93.1,89.9,0
S1059,Quantum Systems,Pharma,Mexico,2024-01-10 01:00:00,0.38,3.61,19.9,1073,95194.52,88.75,71.3,3.59,97.5,87.6,0
S1060,Blue Ridge Systems,Textiles,Vietnam,2024-01-10 06:00:00,3.43,0.98,14.0,982,227213.94,231.43,90.1,5.03,95.9,91.5,0
S1061,Zenith Manufacturing,Pharma,Germany,2024-01-10 19:00:00,4.42,3.74,9.0,354,50499.19,142.59,72.7,3.1,95.1,85.4,0
S1062,Meridian Systems,Consumer Goods,Vietnam,2024-01-10 12:00:00,2.67,1.68,11.6,1155,457302.13,395.82,85.4,0.72,90.6,90.0,0
S1063,Delta Precision,Consumer Goods,Germany,2024-01-10 23:00:00,0.12,3.0,18.6,220,17793.98,80.73,74.4,10.84,91.8,84.0,0
S1064,Vertex Logistics,Chemicals,Japan,2024-01-10 00:00:00,0.38,0.42,12.8,345,108021.03,312.77,94.1,2.88,96.6,95.5,1
S1065,Zenith Logistics,Automotive,Vietnam,2024-01-10 08:00:00,1.82,0.5,17.2,1423,354091.62,248.87,97.9,1.92,98.3,97.1,0
S1066,Vertex Materials,Electronics,Germany,2024-01-10 13:00:00,2.99,1.42,9.3,1581,227621.48,143.96,87.2,4.34,96.4,91.2,0
S1067,Harbor Supplies,Textiles,Japan,2024-01-10 20:00:00,1.86,3.46,32.5,1651,115601.96,70.0,74.3,0.85,95.1,88.0,0
S1068,Vertex Supplies,Machinery,Poland,2024-01-10 21:00:00,4.06,1.27,29.3,530,92670.33,174.8,88.6,4.6,92.6,89.7,0
S1069,Keystone Industries,Electronics,India,2024-01-10 03:00:00,2.52,1.85,22.3,297,95958.78,323.38,82.4,0.27,100.0,92.5,0
S1070,Delta Logistics,Machinery,Vietnam,2024-01-10 18:00:00,0.9,1.19,19.9,277,85155.38,307.37,85.5,0.93,95.5,92.5,0
S1071,Pioneer Logistics,Textiles,Japan,2024-01-10 07:00:00,3.78,1.29,25.8,1353,55266.24,40.83,87.5,3.71,93.0,89.9,0
S1072,Delta Materials,Automotive,Poland,2024-01-10 09:00:00,6.8,1.19,20.3,810,204563.49,252.46,86.2,3.59,90.8,87.2,0
S1073,Orion Components,Pharma,Germany,2024-01-10 02:00:00,0.17,0.79,8.0,668,266258.23,398.51,89.7,7.31,92.3,90.9,0
S1074,Pioneer Precision,Electronics,Vietnam,2024-01-10 07:00:00,0.52,1.67,9.6,121,11510.79,95.16,82.0,1.32,92.8,90.4,0
S1075,Zenith Logistics,Consumer Goods,USA,2024-01-10 20:00:00,0.48,3.61,23.3,798,185213.89,231.96,75.1,4.26,93.0,87.0,1
S1076,Harbor Materials,Consumer Goods,Japan,2024-01-10 03:00:00,0.05,5.48,11.8,734,44817.49,61.02,56.1,4.13,90.1,79.6,0
S1077,Vertex Precision,Machinery,Poland,2024-01-10 00:00:00,3.34,4.47,17.2,667,92894.18,139.31,63.9,7.12,93.7,80.8,1
S1078,Quantum Precision,Metals,Poland,2024-01-10 19:00:00,1.92,1.56,28.4,231,48429.65,209.69,81.1,2.01,89.2,87.9,0
S1079,Apex Systems,Pharma,China,2024-01-10 08:00:00,6.48,4.29,9.2,557,40327.06,72.43,68.4,7.34,91.3,79.9,1
S1080,Zenith Precision,Chemicals,India,2024-01-10 10:00:00,3.33,0.32,20.9,938,385542.14,410.9,92.7,5.29,91.0,90.7,0
S1081,Keystone Components,Textiles,Japan,2024-01-10 10:00:00,3.68,1.81,14.7,214,59613.44,279.12,83.0,5.14,94.3,88.3,0
S1082,Keystone Manufacturing,Consumer Goods,Mexico,2024-01-10 08:00:00,1.39,3.53,14.3,1642,428832.79,261.18,69.8,6.94,96.7,85.0,0
S1083,Blue Ridge Components,Consumer Goods,USA,2024-01-10 02:00:00,0.0,1.74,20.0,1242,496184.09,399.55,81.8,3.72,99.9,92.2,0
S1084,Pioneer Precision,Machinery,Poland,2024-01-10 15:00:00,2.74,2.91,12.2,247,53840.22,217.6,77.9,2.82,94.8,88.0,0
S1085,Harbor Components,Machinery,USA,2024-01-10 15:00:00,0.53,1.02,21.2,715,139655.51,195.38,94.6,12.59,96.6,92.0,0
S1086,Keystone Global,Metals,Germany,2024-01-10 06:00:00,7.4,2.01,32.8,617,102546.87,166.1,83.3,2.23,89.0,85.8,0
S1087,Summit Components,Pharma,USA,2024-01-10 07:00:00,4.54,0.53,11.6,126,11698.01,93.01,95.3,1.49,98.1,94.9,1
S1088,Helix Precision,Chemicals,Japan,2024-01-10 16:00:00,2.17,3.04,23.8,1370,245933.32,179.48,79.6,2.04,90.2,87.6,0
S1089,Helix Works,Textiles,USA,2024-01-10 01:00:00,3.65,2.53,17.5,1530,257927.17,168.61,80.3,-1.19,94.2,88.8,0
S1090,Pioneer Supplies,Electronics,China,2024-01-10 23:00:00,0.67,3.99,18.2,434,126820.77,292.01,70.1,4.09,91.8,84.8,0
S1091,Zenith Components,Metals,China,2024-01-10 13:00:00,1.34,1.9,7.5,858,135744.76,158.19,84.4,3.92,98.1,91.7,0
S1092,Zenith Components,Textiles,USA,2024-01-10 18:00:00,4.29,0.92,30.5,410,113667.36,277.08,90.1,5.04,91.2,89.4,0
S1093,Atlas Works,Consumer Goods,China,2024-01-10 05:00:00,2.04,3.24,14.6,719,169284.81,235.51,72.6,5.46,93.0,84.9,0
S1094,Summit Precision,Machinery,Japan,2024-01-10 03:00:00,6.61,4.52,32.1,1246,40725.22,32.69,70.3,7.32,88.8,79.6,0
S1095,Vertex Global,Metals,India,2024-01-10 14:00:00,1.35,0.72,26.3,525,121044.86,230.77,97.8,3.22,98.9,97.0,0
S1096,Zenith Precision,Textiles,Japan,2024-01-10 00:00:00,0.0,0.87,15.4,892,217936.76,244.35,91.1,3.4,98.3,95.0,0
S1097,Orion Works,Textiles,China,2024-01-10 03:00:00,2.89,1.37,30.0,214,27386.1,128.25,90.1,8.01,99.8,92.0,0
S1098,Blue Ridge Components,Machinery,Mexico,2024-01-10 17:00:00,0.35,4.44,30.3,205,26454.7,128.91,65.6,1.69,92.0,84.4,0
S1099,Quantum Global,Consumer Goods,Mexico,2024-01-10 23:00:00,0.0,1.09,16.1,202,82952.98,411.48,95.6,3.94,94.1,94.9,0
S1100,Helix Logistics,Electronics,Poland,2024-01-10 17:00:00,3.92,1.48,11.8,464,144968.78,312.74,87.3,8.95,86.5,85.5,1
S1101,Summit Logistics,Metals,Poland,2024-01-10 20:00:00,3.54,1.2,25.1,933,363736.35,389.82,92.8,6.08,94.4,91.5,0
S1102,Atlas Works,Consumer Goods,Germany,2024-01-10 01:00:00,1.69,5.0,21.7,2158,483660.77,224.12,63.7,5.46,97.3,83.5,0
S1103,Ironclad Industries,Automotive,Poland,2024-01-10 19:00:00,0.38,0.92,27.1,892,221773.97,248.59,94.3,2.53,96.9,95.8,0
S1104,Blue Ridge Materials,Textiles,Japan,2024-01-10 22:00:00,3.04,1.74,34.9,801,48535.63,60.61,81.7,7.66,86.5,84.5,0
S1105,Keystone Works,Electronics,Poland,2024-01-10 02:00:00,4.01,1.52,8.5,929,262901.66,282.91,82.5,-0.84,96.5,90.3,0
S1106,Quantum Materials,Chemicals,Poland,2024-01-10 15:00:00,3.79,1.92,25.8,772,147976.37,191.59,82.9,0.33,96.4,90.8,0
S1107,Delta Supplies,Consumer Goods,USA,2024-01-10 07:00:00,7.67,3.24,13.6,1065,281173.58,264.07,79.1,5.33,92.7,84.3,0
S1108,Ironclad Industries,Automotive,Poland,2024-01-10 00:00:00,4.47,4.26,27.5,536,205619.21,383.86,64.6,9.94,86.1,76.8,0
S1109,Keystone Components,Metals,Mexico,2024-01-10 13:00:00,7.27,3.02,15.3,210,57478.33,273.21,74.2,2.71,93.9,84.2,0
S1110,Blue Ridge Works,Automotive,China,2024-01-10 16:00:00,2.95,3.32,10.0,955,234468.06,245.39,73.2,11.22,92.3,82.2,1
S1111,Quantum Materials,Chemicals,China,2024-01-10 03:00:00,2.39,1.36,20.3,842,245213.36,291.36,85.7,3.97,94.8,90.5,0
S1112,Nova Supplies,Chemicals,Japan,2024-01-10 03:00:00,0.0,1.99,12.6,153,26286.82,171.39,86.4,7.63,89.6,88.7,0
S1113,Pioneer Industries,Machinery,Poland,2024-01-10 11:00:00,0.81,1.45,21.6,517,28916.88,55.98,91.2,3.27,94.7,93.4,0
S1114,Pioneer Industries,Machinery,Japan,2024-01-10 12:00:00,2.83,2.75,27.6,168,53323.08,317.38,76.8,5.58,90.1,84.9,0
S1115,Keystone Global,Textiles,Vietnam,2024-01-10 02:00:00,7.6,1.58,15.0,1805,487121.75,269.85,85.2,6.9,89.2,84.7,0
S1116,Harbor Works,Automotive,Germany,2024-01-10 10:00:00,4.17,2.9,18.5,935,80022.85,85.58,74.1,4.45,93.1,84.8,0
S1117,Orion Precision,Consumer Goods,Mexico,2024-01-10 00:00:00,4.17,3.1,22.2,1300,107907.2,83.0,80.8,2.06,92.9,87.9,0
S1118,Pioneer Materials,Machinery,Japan,2024-01-10 15:00:00,4.38,1.65,13.5,579,124554.79,215.01,86.2,7.14,91.1,87.2,0
S1119,Zenith Manufacturing,Electronics,Japan,2024-01-10 06:00:00,2.32,1.56,29.7,1124,47713.44,42.45,91.0,1.84,94.7,93.2,0
S1120,Zenith Systems,Pharma,Germany,2024-01-10 15:00:00,1.59,1.09,27.4,449,62126.26,138.44,90.0,-0.68,96.9,94.4,0
S1001,Meridian Materials,Pharma,Poland,2024-01-13 06:00:00,4.03,2.66,15.0,95,36193.1,382.03,69.2,9.02,91.3,80.8,0
S1002,Keystone Manufacturing,Metals,China,2024-01-13 03:00:00,3.57,3.94,34.3,771,261327.04,338.73,70.1,6.28,89.5,81.7,0
S1003,Delta Components,Electronics,Japan,2024-01-13 03:00:00,1.09,3.11,24.5,962,204352.3,212.52,76.2,1.42,98.6,90.1,0
S1004,Delta Components,Consumer Goods,Mexico,2024-01-13 00:00:00,0.0,2.01,31.7,1071,235906.48,220.28,79.2,5.98,92.5,87.8,0
S1005,Quantum Precision,Pharma,USA,2024-01-13 15:00:00,4.81,1.44,16.8,359,50912.65,141.85,90.4,5.36,91.0,89.1,0
S1006,Delta Materials,Consumer Goods,Vietnam,2024-01-13 15:00:00,2.33,1.93,15.3,136,24949.41,183.94,82.4,10.95,90.5,85.2,0
S1007,Apex Materials,Consumer Goods,Germany,2024-01-13 14:00:00,7.52,6.2,33.6,249,59145.27,237.21,51.0,2.54,88.5,74.1,0
S1008,Meridian Materials,Consumer Goods,Japan,2024-01-13 21:00:00,3.71,3.41,12.8,1038,25685.02,24.75,69.0,7.98,84.0,78.7,1
S1009,Keystone Logistics,Textiles,India,2024-01-13 17:00:00,3.27,6.37,28.0,749,150552.14,200.91,50.2,14.25,85.8,70.6,0
S1010,Harbor Systems,Consumer Goods,Mexico,2024-01-13 10:00:00,5.86,1.08,29.3,988,10186.02,10.31,93.5,2.8,88.3,89.6,1
S1011,Blue Ridge Materials,Chemicals,Mexico,2024-01-13 14:00:00,3.3,3.22,14.0,454,40957.9,90.12,78.3,5.02,90.8,85.6,0
S1012,Orion Manufacturing,Automotive,Poland,2024-01-13 04:00:00,1.02,3.36,18.3,1607,350690.52,218.17,78.3,2.77,96.8,89.8,0
S1013,Keystone Global,Automotive,India,2024-01-13 12:00:00,3.35,1.53,31.4,840,91763.02,109.27,87.7,2.71,91.4,90.0,0
S1014,Keystone Manufacturing,Electronics,India,2024-01-13 03:00:00,0.11,4.78,32.1,847,48863.04,57.68,62.3,10.79,89.9,79.2,0
S1015,Ironclad Supplies,Electronics,Vietnam,2024-01-13 12:00:00,2.12,0.72,8.4,620,106739.56,172.28,91.2,1.75,95.6,93.7,0
S1016,Keystone Precision,Metals,Japan,2024-01-13 17:00:00,7.76,0.23,12.4,321,5411.09,16.84,91.1,5.76,88.1,86.7,0
S1017,Apex Industries,Automotive,Vietnam,2024-01-13 00:00:00,0.44,1.68,35.5,1039,245690.15,236.48,83.5,7.96,90.5,87.7,0
S1018,Vertex Precision,Chemicals,Poland,2024-01-13 09:00:00,4.85,0.47,15.2,221,31152.82,140.83,93.3,6.16,89.2,89.1,0
S1019,Summit Industries,Textiles,Mexico,2024-01-13 05:00:00,1.67,0.52,20.4,694,183755.63,264.73,91.8,2.46,95.3,93.7,0
S1020,Atlas Logistics,Automotive,Vietnam,2024-01-13 21:00:00,7.74,4.68,11.4,956,18512.15,19.36,59.0,4.84,92.9,77.5,0
S1021,Harbor Supplies,Metals,Vietnam,2024-01-13 04:00:00,0.77,1.54,10.4,1066,295618.73,277.41,87.3,3.63,91.4,90.8,0
S1022,Vertex Logistics,Textiles,China,2024-01-13 07:00:00,1.25,3.67,22.6,138,18626.87,134.9,68.3,7.51,92.2,82.7,0
S1023,Keystone Global,Pharma,USA,2024-01-13 22:00:00,1.07,2.91,23.8,533,43735.18,82.06,75.8,0.86,93.8,88.5,0
S1024,Apex Works,Consumer Goods,Mexico,2024-01-13 06:00:00,1.19,1.59,6.8,1591,334808.94,210.48,89.0,-0.42,97.4,94.5,0
S1025,Helix Industries,Metals,Germany,2024-01-13 16:00:00,4.86,3.19,25.8,1153,477795.77,414.23,70.2,3.89,89.3,81.9,0
S1026,Blue Ridge Works,Consumer Goods,Mexico,2024-01-13 15:00:00,6.96,2.5,16.6,156,30412.3,194.35,76.5,12.64,90.7,80.3,1
S1027,Ironclad Logistics,Automotive,Mexico,2024-01-13 04:00:00,3.34,2.16,9.7,1938,582605.75,300.66,79.3,-1.77,96.1,89.1,0
S1028,Zenith Components,Pharma,Poland,2024-01-13 15:00:00,0.0,1.71,21.7,1179,222558.62,188.7,85.2,3.15,95.2,92.0,0
S1029,Summit Supplies,Electronics,India,2024-01-13 15:00:00,4.53,3.35,26.3,212,42107.72,198.3,72.8,6.41,89.0,82.0,0
S1030,Keystone Manufacturing,Consumer Goods,India,2024-01-13 10:00:00,1.03,2.05,8.0,977,78677.37,80.57,80.5,4.48,94.4,89.0,0
S1031,Ironclad Manufacturing,Textiles,Japan,2024-01-13 11:00:00,3.04,3.44,18.5,1664,602486.77,362.1,73.4,13.87,90.4,80.6,0
S1032,Vertex Manufacturing,Pharma,Poland,2024-01-13 00:00:00,0.86,2.26,18.9,111,42876.47,386.97,78.3,5.54,94.0,87.8,0
S1033,Blue Ridge Precision,Automotive,Mexico,2024-01-13 03:00:00,7.25,2.94,26.1,555,194865.87,350.91,73.0,2.88,92.1,83.1,0
S1034,Zenith Global,Textiles,Japan,2024-01-13 14:00:00,0.95,3.31,7.3,245,52169.53,213.08,75.8,1.63,93.7,88.2,0
S1035,Delta Works,Textiles,Vietnam,2024-01-13 13:00:00,4.27,1.15,15.8,1405,437037.13,311.06,89.9,11.37,90.2,86.6,0
S1036,Orion Components,Pharma,Vietnam,2024-01-13 13:00:00,0.0,4.55,20.9,991,172404.16,173.98,66.8,3.34,97.4,86.2,0
S1037,Nova Global,Pharma,India,2024-01-13 12:00:00,6.87,2.47,18.2,797,29673.73,37.25,80.2,0.49,93.1,87.0,0
S1038,Blue Ridge Works,Metals,Vietnam,2024-01-13 16:00:00,2.34,4.03,18.6,1401,369890.65,264.02,70.3,5.11,95.5,84.9,0
S1039,Orion Works,Metals,China,2024-01-13 12:00:00,1.05,3.26,20.1,1182,169622.13,143.53,78.2,2.15,96.6,89.8,0
S1040,Harbor Components,Pharma,China,2024-01-13 00:00:00,3.65,2.39,23.6,1019,285176.07,279.86,82.2,4.2,90.8,87.1,0
S1041,Vertex Supplies,Consumer Goods,Poland,2024-01-13 23:00:00,1.91,1.71,14.5,1436,350033.57,243.81,86.4,3.34,95.3,91.4,0
S1042,Harbor Materials,Electronics,India,2024-01-13 17:00:00,7.39,1.62,22.9,730,66705.48,91.34,88.4,6.68,88.8,85.8,0
S1043,Blue Ridge Logistics,Pharma,Japan,2024-01-13 22:00:00,1.94,0.89,21.7,167,51285.75,307.87,93.6,-0.7,97.8,95.8,0
S1044,Quantum Manufacturing,Machinery,Vietnam,2024-01-13 09:00:00,1.44,2.41,12.0,560,114750.07,204.94,81.8,5.2,96.8,89.8,0
S1045,Vertex Manufacturing,Chemicals,India,2024-01-13 17:00:00,2.72,3.32,24.8,197,18086.09,91.7,77.1,8.31,93.7,85.3,1
S1046,Quantum Materials,Textiles,Mexico,2024-01-13 23:00:00,3.13,1.89,13.1,606,115089.61,189.98,83.2,5.81,92.9,87.9,0
S1047,Atlas Industries,Metals,USA,2024-01-13 18:00:00,5.3,1.11,12.2,667,48658.89,72.96,88.9,0.36,94.4,91.4,0
S1048,Helix Industries,Chemicals,Japan,2024-01-13 22:00:00,0.0,2.16,25.8,1208,89408.52,73.99,82.3,4.1,96.7,91.1,0
S1049,Atlas Works,Metals,Germany,2024-01-13 22:00:00,4.12,3.52,10.7,127,16589.94,131.14,73.4,-0.32,97.3,87.6,0
S1050,Vertex Global,Metals,Japan,2024-01-13 02:00:00,3.57,2.37,9.2,769,239602.3,311.5,73.0,6.73,87.9,82.0,1
S1051,Zenith Industries,Consumer Goods,Germany,2024-01-13 11:00:00,2.52,1.4,28.0,1280,153076.77,119.6,91.1,2.1,97.2,93.9,0
S1052,Meridian Manufacturing,Automotive,Germany,2024-01-13 22:00:00,7.81,3.29,11.0,1276,148974.14,116.8,76.3,3.46,92.2,83.8,0
S1053,Harbor Systems,Machinery,India,2024-01-13 07:00:00,3.82,4.23,7.2,1325,166378.68,125.61,70.8,8.75,89.4,80.9,0
S1054,Harbor Manufacturing,Pharma,Mexico,2024-01-13 18:00:00,3.25,3.42,16.3,1072,309880.97,289.13,76.4,-1.04,96.2,88.4,0
S1055,Harbor Works,Chemicals,USA,2024-01-13 00:00:00,0.23,4.2,19.5,419,50650.32,120.76,68.5,-0.12,89.9,85.3,0
S1056,Ironclad Supplies,Chemicals,Germany,2024-01-13 19:00:00,4.85,4.76,15.9,823,206294.86,250.77,64.3,7.94,93.4,79.8,0
S1057,Atlas Components,Textiles,Japan,2024-01-13 20:00:00,4.05,3.44,7.0,401,88372.79,220.58,75.0,3.79,95.5,86.2,0
S1058,Meridian Supplies,Textiles,Poland,2024-01-13 19:00:00,0.23,1.25,15.4,288,19870.22,68.89,89.1,1.12,92.4,93.0,0
S1059,Quantum Systems,Pharma,Mexico,2024-01-13 23:00:00,3.03,2.79,20.8,898,78937.67,87.92,77.4,2.62,91.5,86.6,0
S1060,Blue Ridge Systems,Textiles,Vietnam,2024-01-13 10:00:00,5.53,2.14,17.0,921,209532.6,227.56,84.4,3.28,95.3,88.9,0
S1061,Zenith Manufacturing,Pharma,Germany,2024-01-13 22:00:00,3.2,2.75,6.9,338,47789.83,141.59,77.0,2.37,98.2,88.8,0
S1062,Meridian Systems,Consumer Goods,Vietnam,2024-01-13 03:00:00,0.53,0.87,15.5,1232,503949.0,409.11,90.2,4.1,90.8,91.5,0
S1063,Delta Precision,Consumer Goods,Germany,2024-01-13 12:00:00,3.26,1.56,20.9,203,15222.16,75.14,84.5,3.16,94.7,89.9,0
S1064,Vertex Logistics,Chemicals,Japan,2024-01-13 06:00:00,0.91,0.48,15.1,436,139364.72,319.68,94.9,5.15,94.8,94.0,0
S1065,Zenith Logistics,Automotive,Vietnam,2024-01-13 23:00:00,2.04,1.49,13.5,2266,565186.79,249.47,93.8,2.17,96.7,94.8,0
S1066,Vertex Materials,Electronics,Germany,2024-01-13 01:00:00,5.64,0.8,8.5,2297,326215.17,142.01,90.3,2.93,91.7,89.8,0
S1067,Harbor Supplies,Textiles,Japan,2024-01-13 16:00:00,3.75,2.8,30.6,1052,74262.83,70.57,75.6,1.66,94.7,87.1,0
S1068,Vertex Supplies,Machinery,Poland,2024-01-13 05:00:00,3.73,1.16,29.7,957,167765.6,175.23,91.2,4.86,98.3,92.6,0
S1069,Keystone Industries,Electronics,India,2024-01-13 03:00:00,3.12,1.63,20.8,337,109905.17,325.67,85.3,0.98,100.0,92.9,0
S1070,Delta Logistics,Machinery,Vietnam,2024-01-13 02:00:00,1.57,0.17,21.9,642,203104.53,316.33,96.0,3.88,94.6,94.5,0
S1071,Pioneer Logistics,Textiles,Japan,2024-01-13 22:00:00,4.23,1.73,25.8,1101,45214.89,41.07,86.8,4.31,93.8,89.5,0
S1072,Delta Materials,Automotive,Poland,2024-01-13 06:00:00,5.35,0.99,23.0,736,193406.0,262.79,93.0,7.83,92.1,89.2,0
S1073,Orion Components,Pharma,Germany,2024-01-13 06:00:00,2.24,0.35,8.9,790,304967.31,386.0,96.7,3.95,96.5,95.0,0
S1074,Pioneer Precision,Electronics,Vietnam,2024-01-13 07:00:00,1.01,2.37,7.4,122,11606.65,94.96,82.3,1.1,94.5,90.9,0
S1075,Zenith Logistics,Consumer Goods,USA,2024-01-13 22:00:00,2.24,2.61,22.5,1319,298680.88,226.37,81.2,1.75,95.2,90.0,0
S1076,Harbor Materials,Consumer Goods,Japan,2024-01-13 09:00:00,0.29,5.35,10.5,1191,73471.55,61.69,55.5,5.27,93.5,80.0,0
S1077,Vertex Precision,Machinery,Poland,2024-01-13 20:00:00,0.79,4.75,16.9,665,90815.27,136.64,61.7,5.07,94.9,82.5,0
S1078,Quantum Precision,Metals,Poland,2024-01-13 06:00:00,5.28,1.91,34.3,193,41614.98,216.13,87.0,5.14,95.2,89.2,0
S1079,Apex Systems,Pharma,China,2024-01-13 23:00:00,5.53,4.07,9.2,688,49215.73,71.53,71.2,6.01,90.6,81.6,0
S1080,Zenith Precision,Chemicals,India,2024-01-13 18:00:00,5.3,0.73,19.2,1384,561978.3,406.06,91.8,4.05,91.0,89.8,0
S1081,Keystone Components,Textiles,Japan,2024-01-13 15:00:00,2.29,2.76,11.5,254,69466.13,273.24,77.8,2.93,96.2,88.7,0
S1082,Keystone Manufacturing,Consumer Goods,Mexico,2024-01-13 09:00:00,5.55,4.48,14.0,1128,285089.69,252.63,64.0,3.44,89.0,79.5,1
S1083,Blue Ridge Components,Consumer Goods,USA,2024-01-13 19:00:00,2.73,0.97,22.8,1406,558265.09,397.1,94.3,3.09,93.9,93.3,0
S1084,Pioneer Precision,Machinery,Poland,2024-01-13 06:00:00,1.1,2.4,12.7,449,97640.69,217.38,83.9,2.72,94.4,90.8,0
S1085,Harbor Components,Machinery,USA,2024-01-13 06:00:00,0.0,0.32,20.3,611,108723.15,177.84,96.2,2.48,97.7,96.9,0
S1086,Keystone Global,Metals,Germany,2024-01-13 10:00:00,4.33,1.87,31.7,1148,192494.63,167.67,83.6,3.2,95.0,89.1,0
S1087,Summit Components,Pharma,USA,2024-01-13 19:00:00,1.8,0.98,11.9,264,24724.04,93.69,91.9,2.24,96.0,94.1,0
S1088,Helix Precision,Chemicals,Japan,2024-01-13 15:00:00,2.18,3.9,26.0,923,167376.99,181.36,71.3,3.11,91.2,84.6,0
S1089,Helix Works,Textiles,USA,2024-01-13 11:00:00,3.81,3.38,17.4,1270,227474.66,179.06,73.0,4.93,95.1,85.1,0
S1090,Pioneer Supplies,Electronics,China,2024-01-13 00:00:00,4.08,5.48,16.2,485,140238.37,289.39,55.8,3.15,89.9,77.8,0
S1091,Zenith Components,Metals,China,2024-01-13 03:00:00,0.87,2.18,8.6,271,41627.41,153.48,86.2,0.82,95.1,92.7,0
S1092,Zenith Components,Textiles,USA,2024-01-13 06:00:00,6.76,1.32,29.1,538,152541.45,283.69,83.5,7.55,89.4,84.3,0
S1093,Atlas Works,Consumer Goods,China,2024-01-13 09:00:00,2.31,3.3,16.2,723,169231.28,234.07,76.7,4.81,93.4,86.6,0
S1094,Summit Precision,Machinery,Japan,2024-01-13 03:00:00,7.13,3.57,30.2,768,25286.18,32.93,73.3,8.11,90.8,80.8,0
S1095,Vertex Global,Metals,India,2024-01-13 03:00:00,0.0,1.5,26.5,842,193127.73,229.36,88.2,2.59,98.1,94.2,0
S1096,Zenith Precision,Textiles,Japan,2024-01-13 14:00:00,0.0,1.72,16.9,906,222076.51,245.03,87.1,3.69,96.9,93.0,0
S1097,Orion Works,Textiles,China,2024-01-13 01:00:00,2.56,1.71,25.6,362,43936.51,121.49,84.5,2.31,95.9,91.0,0
S1098,Blue Ridge Components,Machinery,Mexico,2024-01-13 00:00:00,0.0,4.57,29.6,385,51793.64,134.62,61.6,6.19,95.9,82.8,0
S1099,Quantum Global,Consumer Goods,Mexico,2024-01-13 01:00:00,0.41,1.89,18.1,276,110412.87,399.68,80.9,0.96,97.1,91.7,0
S1100,Helix Logistics,Electronics,Poland,2024-01-13 14:00:00,1.2,1.34,8.9,374,116354.35,311.49,83.5,8.51,90.0,86.9,0
S1101,Summit Logistics,Metals,Poland,2024-01-13 04:00:00,3.58,0.26,25.4,896,337456.11,376.66,91.8,2.5,92.5,91.8,0
S1102,Atlas Works,Consumer Goods,Germany,2024-01-13 16:00:00,1.52,3.52,22.0,1415,310267.72,219.33,74.8,3.21,93.7,87.0,0
S1103,Ironclad Industries,Automotive,Poland,2024-01-13 10:00:00,1.74,0.71,29.8,1129,300067.84,265.68,90.6,9.57,93.5,90.0,1
S1104,Blue Ridge Materials,Textiles,Japan,2024-01-13 23:00:00,5.86,2.66,31.8,851,53891.08,63.32,76.6,12.47,86.6,79.5,0
S1105,Keystone Works,Electronics,Poland,2024-01-13 23:00:00,3.53,1.4,7.1,1215,358737.09,295.21,88.0,3.47,93.7,90.5,0
S1106,Quantum Materials,Chemicals,Poland,2024-01-13 17:00:00,3.2,1.12,22.0,823,159940.54,194.42,92.9,1.81,98.1,94.6,0
S1107,Delta Supplies,Consumer Goods,USA,2024-01-13 04:00:00,5.36,4.34,13.9,1380,340406.49,246.71,65.6,-1.59,93.3,82.3,0
S1108,Ironclad Industries,Automotive,Poland,2024-01-13 21:00:00,4.92,4.42,24.8,685,254666.8,371.54,68.0,6.41,88.9,80.0,0
S1109,Keystone Components,Metals,Mexico,2024-01-13 13:00:00,4.32,2.4,15.4,176,48717.67,276.97,81.5,4.12,93.0,87.4,0
S1110,Blue Ridge Works,Automotive,China,2024-01-13 18:00:00,2.16,2.92,9.2,1146,266780.59,232.77,77.5,5.5,91.0,85.9,0
S1111,Quantum Materials,Chemicals,China,2024-01-13 08:00:00,2.01,2.39,22.5,837,246850.24,295.02,78.4,5.28,94.7,87.6,0
S1112,Nova Supplies,Chemicals,Japan,2024-01-13 01:00:00,0.0,3.81,13.3,127,21218.61,166.64,66.5,4.65,85.7,81.5,1
S1113,Pioneer Industries,Machinery,Poland,2024-01-13 18:00:00,0.0,1.81,19.1,335,19230.41,57.43,81.0,5.94,95.4,89.5,0
S1114,Pioneer Industries,Machinery,Japan,2024-01-13 01:00:00,1.74,1.66,25.9,277,84493.83,305.35,85.6,1.58,93.7,91.3,0
S1115,Keystone Global,Textiles,Vietnam,2024-01-13 05:00:00,3.82,0.21,16.6,1771,473064.63,267.06,93.8,5.79,92.1,91.0,0
S1116,Harbor Works,Automotive,Germany,2024-01-13 16:00:00,3.68,3.09,17.9,650,57737.48,88.82,77.5,8.41,92.6,84.5,0
S1117,Orion Precision,Consumer Goods,Mexico,2024-01-13 05:00:00,4.6,2.97,19.5,922,75709.54,82.1,79.0,0.96,95.3,88.4,0
S1118,Pioneer Materials,Machinery,Japan,2024-01-13 08:00:00,2.68,3.19,14.0,573,125619.61,219.36,73.7,9.31,89.8,82.4,0
S1119,Zenith Manufacturing,Electronics,Japan,2024-01-13 02:00:00,0.56,1.88,27.3,1584,68438.13,43.2,85.0,3.64,100.0,93.1,0
S1120,Zenith Systems,Pharma,Germany,2024-01-13 09:00:00,1.92,1.49,29.6,376,53841.09,143.07,85.6,2.65,98.2,92.4,0
S1001,Meridian Materials,Pharma,Poland,2024-01-16 13:00:00,9.15,1.75,14.4,110,40563.54,367.51,84.2,4.87,85.3,83.0,0
S1002,Keystone Manufacturing,Metals,China,2024-01-16 03:00:00,2.98,3.54,33.2,684,236902.54,346.11,69.7,8.59,90.9,81.5,0
S1003,Delta Components,Electronics,Japan,2024-01-16 02:00:00,1.99,3.97,21.7,623,132307.46,212.34,71.7,1.34,96.8,87.5,0
S1004,Delta Components,Consumer Goods,Mexico,2024-01-16 06:00:00,16.34,2.14,32.5,1165,273361.89,234.72,78.2,12.94,84.1,73.8,0
S1005,Quantum Precision,Pharma,USA,2024-01-16 10:00:00,2.52,1.63,18.1,290,39117.61,134.84,85.6,0.16,95.7,92.1,0
S1006,Delta Materials,Consumer Goods,Vietnam,2024-01-16 09:00:00,2.67,2.2,14.1,139,25447.58,183.1,78.8,10.45,91.5,84.3,0
S1007,Apex Materials,Consumer Goods,Germany,2024-01-16 18:00:00,2.95,4.74,35.1,327,78122.65,239.01,61.2,3.32,89.6,80.1,0
S1008,Meridian Materials,Consumer Goods,Japan,2024-01-16 19:00:00,8.12,3.45,15.7,957,23535.47,24.59,69.6,7.27,83.5,76.8,0
S1009,Keystone Logistics,Textiles,India,2024-01-16 07:00:00,3.65,5.99,26.8,583,117838.83,202.09,53.0,14.92,82.7,70.1,1
S1010,Harbor Systems,Consumer Goods,Mexico,2024-01-16 19:00:00,5.96,1.51,33.9,1046,11138.29,10.65,82.3,6.18,89.0,84.7,0
S1011,Blue Ridge Materials,Chemicals,Mexico,2024-01-16 03:00:00,3.72,3.03,12.6,618,53473.71,86.53,75.8,0.82,91.9,86.5,1
S1012,Orion Manufacturing,Automotive,Poland,2024-01-16 13:00:00,3.68,3.42,17.9,1533,343094.89,223.87,75.4,5.45,94.5,85.6,0
S1013,Keystone Global,Automotive,India,2024-01-16 18:00:00,1.78,2.68,27.8,1157,123733.51,106.9,75.8,0.48,94.2,88.5,0
S1014,Keystone Manufacturing,Electronics,India,2024-01-16 20:00:00,1.97,5.62,29.4,1148,64208.36,55.93,59.6,7.43,85.9,77.1,0
S1015,Ironclad Supplies,Electronics,Vietnam,2024-01-16 16:00:00,2.29,0.91,9.8,1182,198455.93,167.92,90.1,-0.82,98.6,94.6,0
S1016,Keystone Precision,Metals,Japan,2024-01-16 21:00:00,5.97,0.53,7.0,491,8263.07,16.83,94.3,5.68,87.8,88.6,1
S1017,Apex Industries,Automotive,Vietnam,2024-01-16 01:00:00,1.02,2.11,35.9,823,201055.79,244.2,83.2,11.48,88.6,85.3,0
S1018,Vertex Precision,Chemicals,Poland,2024-01-16 13:00:00,7.44,0.35,15.9,211,29248.43,138.83,94.2,4.65,90.8,89.3,0
S1019,Summit Industries,Textiles,Mexico,2024-01-16 02:00:00,3.73,0.98,20.2,1091,290729.66,266.41,92.0,3.1,93.4,91.9,0
S1020,Atlas Logistics,Automotive,Vietnam,2024-01-16 00:00:00,6.79,4.72,14.1,1303,25803.13,19.8,63.4,7.21,86.9,76.5,0
S1021,Harbor Supplies,Metals,Vietnam,2024-01-16 09:00:00,2.82,1.74,11.2,806,230115.47,285.56,82.4,6.68,92.3,87.2,1
S1022,Vertex Logistics,Textiles,China,2024-01-16 02:00:00,6.06,4.72,26.0,126,16743.2,132.46,62.6,5.56,88.7,77.8,0
S1023,Keystone Global,Pharma,USA,2024-01-16 05:00:00,3.0,4.29,23.2,580,48517.05,83.58,66.0,2.73,96.2,84.3,0
S1024,Apex Works,Consumer Goods,Mexico,2024-01-16 17:00:00,2.71,1.69,8.0,1011,217192.93,214.93,84.3,1.69,92.9,90.0,0
S1025,Helix Industries,Metals,Germany,2024-01-16 19:00:00,5.28,2.97,27.0,1430,589578.64,412.21,78.5,3.38,90.6,85.2,1
S1026,Blue Ridge Works,Consumer Goods,Mexico,2024-01-16 12:00:00,3.05,3.22,15.7,187,33255.21,178.19,75.3,3.27,89.8,85.1,0
S1027,Ironclad Logistics,Automotive,Mexico,2024-01-16 02:00:00,5.3,1.89,6.1,1292,399528.03,309.13,82.3,1.0,94.4,88.8,0
S1028,Zenith Components,Pharma,Poland,2024-01-16 03:00:00,0.94,2.05,22.9,1047,204475.96,195.39,84.2,6.81,91.6,88.5,0
S1029,Summit Supplies,Electronics,India,2024-01-16 19:00:00,4.42,1.89,24.1,118,22301.12,189.12,80.6,1.48,89.4,86.7,0
S1030,Keystone Manufacturing,Consumer Goods,India,2024-01-16 21:00:00,0.0,1.74,7.3,1295,108647.99,83.9,84.7,8.81,95.7,89.8,0
S1031,Ironclad Manufacturing,Textiles,Japan,2024-01-16 09:00:00,1.54,3.86,22.0,1225,440425.94,359.64,70.9,13.1,88.5,80.1,0
S1032,Vertex Manufacturing,Pharma,Poland,2024-01-16 14:00:00,0.56,2.67,21.2,162,59940.66,371.12,77.9,1.22,96.6,90.3,0
S1033,Blue Ridge Precision,Automotive,Mexico,2024-01-16 14:00:00,2.14,4.2,26.4,1109,394330.88,355.5,66.8,4.23,91.9,82.9,0
S1034,Zenith Global,Textiles,Japan,2024-01-16 19:00:00,2.7,3.25,13.0,153,33431.55,217.94,70.1,3.94,98.0,86.0,0
S1035,Delta Works,Textiles,Vietnam,2024-01-16 00:00:00,4.09,2.08,19.7,1001,301038.5,300.75,80.0,7.67,89.1,84.3,1
S1036,Orion Components,Pharma,Vietnam,2024-01-16 17:00:00,0.32,3.26,13.9,963,170255.42,176.77,75.9,5.0,93.1,87.1,0
S1037,Nova Global,Pharma,India,2024-01-16 12:00:00,3.93,2.74,21.1,1178,44009.87,37.36,80.9,0.78,97.4,90.2,0
S1038,Blue Ridge Works,Metals,Vietnam,2024-01-16 10:00:00,2.43,3.45,19.6,885,232449.61,262.58,73.2,4.53,92.6,85.1,0
S1039,Orion Works,Metals,China,2024-01-16 20:00:00,1.63,2.79,20.6,957,140712.95,147.04,81.4,4.65,98.4,90.4,0
S1040,Harbor Components,Pharma,China,2024-01-16 08:00:00,6.28,3.43,21.6,856,247358.53,288.99,75.1,7.6,88.6,81.3,0
S1041,Vertex Supplies,Consumer Goods,Poland,2024-01-16 11:00:00,3.18,1.46,17.2,1379,330252.89,239.42,89.8,1.48,91.3,91.2,0
S1042,Harbor Materials,Electronics,India,2024-01-16 22:00:00,3.6,2.45,22.0,441,40866.38,92.69,78.6,8.25,91.1,84.5,0
S1043,Blue Ridge Logistics,Pharma,Japan,2024-01-16 05:00:00,1.16,1.47,23.1,140,44741.23,319.81,91.1,3.15,98.0,94.4,0
S1044,Quantum Manufacturing,Machinery,Vietnam,2024-01-16 17:00:00,3.2,1.75,13.0,688,142652.64,207.47,84.8,6.5,95.6,89.1,0
S1045,Vertex Manufacturing,Chemicals,India,2024-01-16 21:00:00,3.31,3.33,23.3,390,33019.91,84.73,74.0,0.07,89.6,85.6,0
S1046,Quantum Materials,Textiles,Mexico,2024-01-16 06:00:00,8.14,1.25,13.1,1085,199789.54,184.21,94.5,2.6,94.8,91.2,0
S1047,Atlas Industries,Metals,USA,2024-01-16 22:00:00,4.36,0.0,8.7,599,45667.99,76.18,97.0,4.79,91.5,92.0,0
S1048,Helix Industries,Chemicals,Japan,2024-01-16 16:00:00,2.26,3.26,27.3,1172,84100.8,71.78,79.2,0.99,92.9,88.7,0
S1049,Atlas Works,Metals,Germany,2024-01-16 00:00:00,2.57,3.4,9.1,114,15364.61,134.37,76.1,2.13,91.4,86.5,0
S1050,Vertex Global,Metals,Japan,2024-01-16 23:00:00,2.8,3.71,7.9,1442,445037.68,308.57,68.1,5.73,86.7,80.6,0
S1051,Zenith Industries,Consumer Goods,Germany,2024-01-16 19:00:00,1.32,1.66,25.9,1134,134956.77,118.99,87.6,1.58,99.5,94.2,0
S1052,Meridian Manufacturing,Automotive,Germany,2024-01-16 03:00:00,3.97,3.15,11.1,1901,228745.07,120.31,76.1,6.57,94.5,85.3,0
S1053,Harbor Systems,Machinery,India,2024-01-16 16:00:00,4.44,4.29,12.5,1222,151366.12,123.82,71.0,7.19,93.3,82.6,0
S1054,Harbor Manufacturing,Pharma,Mexico,2024-01-16 01:00:00,5.43,2.97,17.5,931,279630.47,300.44,77.0,2.83,94.6,86.3,0
S1055,Harbor Works,Chemicals,USA,2024-01-16 19:00:00,6.2,5.03,19.9,353,46034.0,130.31,60.8,7.79,89.0,76.4,0
S1056,Ironclad Supplies,Chemicals,Germany,2024-01-16 23:00:00,3.53,4.16,17.4,698,170462.8,244.09,70.0,5.06,92.1,83.1,0
S1057,Atlas Components,Textiles,Japan,2024-01-16 06:00:00,13.39,3.65,6.8,688,151567.8,220.35,66.8,3.69,88.1,76.2,1
S1058,Meridian Supplies,Textiles,Poland,2024-01-16 09:00:00,3.77,1.04,16.2,223,15768.27,70.85,89.9,4.0,96.3,91.8,0
S1059,Quantum Systems,Pharma,Mexico,2024-01-16 08:00:00,3.3,4.03,18.5,1041,88957.11,85.41,71.5,-0.3,96.0,86.9,0
S1060,Blue Ridge Systems,Textiles,Vietnam,2024-01-16 01:00:00,8.89,1.78,16.9,672,150473.12,223.84,89.0,1.59,92.1,88.3,0
S1061,Zenith Manufacturing,Pharma,Germany,2024-01-16 12:00:00,2.52,3.29,7.8,497,70051.73,141.06,74.5,1.99,97.1,88.1,0
S1062,Meridian Systems,Consumer Goods,Vietnam,2024-01-16 01:00:00,3.57,1.37,16.6,1370,570986.87,416.65,88.3,6.02,94.6,90.0,0
S1063,Delta Precision,Consumer Goods,Germany,2024-01-16 19:00:00,2.36,2.07,18.7,314,23265.55,74.18,84.7,1.85,93.7,90.6,0
S1064,Vertex Logistics,Chemicals,Japan,2024-01-16 22:00:00,0.9,1.02,17.3,253,80782.1,319.45,91.5,5.07,96.0,93.3,0
S1065,Zenith Logistics,Automotive,Vietnam,2024-01-16 14:00:00,1.73,0.92,17.0,1028,263730.17,256.51,91.1,5.05,94.9,92.3,0
S1066,Vertex Materials,Electronics,Germany,2024-01-16 21:00:00,4.99,1.64,7.7,1527,224441.58,146.96,83.2,6.52,90.9,86.0,1
S1067,Harbor Supplies,Textiles,Japan,2024-01-16 00:00:00,2.32,2.7,30.3,1403,101801.22,72.55,78.2,4.51,95.7,88.0,0
S1068,Vertex Supplies,Machinery,Poland,2024-01-16 00:00:00,4.29,1.58,25.9,732,127554.95,174.25,88.2,4.27,92.6,89.5,0
S1069,Keystone Industries,Electronics,India,2024-01-16 13:00:00,1.6,2.06,20.7,345,108607.41,314.53,84.9,-2.48,96.6,91.8,0
S1070,Delta Logistics,Machinery,Vietnam,2024-01-16 16:00:00,1.3,1.36,22.1,413,129639.07,313.6,89.4,2.98,92.8,92.0,0
S1071,Pioneer Logistics,Textiles,Japan,2024-01-16 00:00:00,3.48,0.88,24.5,928,37883.43,40.81,93.0,3.66,92.5,91.8,0
S1072,Delta Materials,Automotive,Poland,2024-01-16 15:00:00,2.09,0.81,20.7,734,190657.87,259.79,90.8,6.6,94.3,91.3,0
S1073,Orion Components,Pharma,Germany,2024-01-16 01:00:00,2.46,1.05,8.4,574,228872.48,398.89,90.0,7.41,90.2,89.0,0
S1074,Pioneer Precision,Electronics,Vietnam,2024-01-16 19:00:00,6.17,1.69,6.2,181,17374.97,96.07,85.0,2.29,97.1,89.8,1
S1075,Zenith Logistics,Consumer Goods,USA,2024-01-16 22:00:00,0.0,3.46,21.2,1235,283117.48,229.19,73.2,3.02,100.0,89.5,0
S1076,Harbor Materials,Consumer Goods,Japan,2024-01-16 21:00:00,0.92,5.31,9.5,679,41580.13,61.25,58.1,4.52,93.0,80.7,0
S1077,Vertex Precision,Machinery,Poland,2024-01-16 16:00:00,3.06,4.44,14.3,778,110163.36,141.57,66.4,8.86,94.2,81.4,0
S1078,Quantum Precision,Metals,Poland,2024-01-16 07:00:00,3.84,2.22,31.9,165,36646.91,221.73,76.8,7.86,92.4,84.4,0
S1079,Apex Systems,Pharma,China,2024-01-16 08:00:00,3.56,4.52,13.4,957,68599.68,71.68,63.2,6.23,88.7,79.1,0
S1080,Zenith Precision,Chemicals,India,2024-01-16 04:00:00,2.82,2.08,20.2,723,295596.0,409.06,81.4,4.82,90.3,86.9,0
S1081,Keystone Components,Textiles,Japan,2024-01-16 04:00:00,2.47,3.27,14.1,228,61316.73,269.11,77.1,1.37,97.0,89.2,0
S1082,Keystone Manufacturing,Consumer Goods,Mexico,2024-01-16 04:00:00,1.0,3.34,13.8,1330,339943.75,255.63,75.3,4.67,94.6,87.2,0
S1083,Blue Ridge Components,Consumer Goods,USA,2024-01-16 07:00:00,3.67,1.35,22.9,1365,546755.86,400.68,87.9,4.02,95.4,90.8,0
S1084,Pioneer Precision,Machinery,Poland,2024-01-16 15:00:00,3.06,2.26,11.4,493,110789.14,224.89,83.4,6.26,93.8,88.1,0
S1085,Harbor Components,Machinery,USA,2024-01-16 03:00:00,0.0,1.11,21.4,542,96831.97,178.59,89.4,2.91,98.8,94.8,0
S1086,Keystone Global,Metals,Germany,2024-01-16 05:00:00,4.37,0.5,31.5,731,125554.41,171.77,90.5,5.72,90.3,89.0,0
S1087,Summit Components,Pharma,USA,2024-01-16 08:00:00,3.12,0.65,10.9,167,15366.26,92.1,90.7,0.5,98.5,94.4,0
S1088,Helix Precision,Chemicals,Japan,2024-01-16 08:00:00,1.71,1.74,22.9,1423,260483.89,183.08,85.2,4.09,95.3,90.8,0
S1089,Helix Works,Textiles,USA,2024-01-16 02:00:00,4.7,3.04,18.6,674,118336.46,175.48,76.5,2.84,91.2,85.3,0
S1090,Pioneer Supplies,Electronics,China,2024-01-16 11:00:00,0.0,4.78,16.3,668,203835.77,305.22,60.2,8.79,93.7,80.6,0
S1091,Zenith Components,Metals,China,2024-01-16 21:00:00,1.31,2.08,13.7,450,70321.07,156.16,89.3,2.58,97.1,93.6,0
S1092,Zenith Components,Textiles,USA,2024-01-16 16:00:00,4.36,0.91,30.1,380,105133.88,276.82,86.8,4.94,90.4,88.0,1
S1093,Atlas Works,Consumer Goods,China,2024-01-16 19:00:00,0.81,2.78,12.0,1187,260183.39,219.21,73.8,-1.85,92.3,87.0,0
S1094,Summit Precision,Machinery,Japan,2024-01-16 21:00:00,4.55,4.91,29.6,818,27171.34,33.24,61.2,9.12,90.5,77.4,0
S1095,Vertex Global,Metals,India,2024-01-16 08:00:00,0.69,2.26,25.0,813,187134.69,230.15,82.1,2.95,98.5,91.8,0
S1096,Zenith Precision,Textiles,Japan,2024-01-16 17:00:00,0.0,2.25,15.3,914,226380.67,247.68,78.1,4.81,94.8,88.7,0
S1097,Orion Works,Textiles,China,2024-01-16 18:00:00,2.37,1.59,27.0,298,36663.06,122.87,93.4,3.48,96.4,93.9,0
S1098,Blue Ridge Components,Machinery,Mexico,2024-01-16 05:00:00,2.74,4.85,30.8,196,25709.06,131.06,63.0,3.39,92.7,81.9,0
S1099,Quantum Global,Consumer Goods,Mexico,2024-01-16 05:00:00,1.99,1.73,19.3,214,87714.81,409.68,84.5,3.49,92.8,89.7,0
S1100,Helix Logistics,Electronics,Poland,2024-01-16 11:00:00,0.62,1.55,11.0,257,73281.65,285.61,81.7,-0.5,87.9,88.8,0
S1101,Summit Logistics,Metals,Poland,2024-01-16 23:00:00,5.6,0.66,26.6,1264,473679.97,374.84,93.7,2.0,88.5,90.2,0
S1102,Atlas Works,Consumer Goods,Germany,2024-01-16 06:00:00,2.09,3.97,22.1,1788,404640.1,226.35,70.5,6.51,94.8,84.4,1
S1103,Ironclad Industries,Automotive,Poland,2024-01-16 13:00:00,2.29,0.85,26.6,896,218096.52,243.4,94.6,0.39,95.5,95.2,0
S1104,Blue Ridge Materials,Textiles,Japan,2024-01-16 12:00:00,16.29,2.63,33.0,647,39764.61,61.47,74.0,9.19,80.4,72.5,0
S1105,Keystone Works,Electronics,Poland,2024-01-16 22:00:00,3.93,1.78,7.5,1475,450195.76,305.3,84.7,7.01,95.4,88.4,0
S1106,Quantum Materials,Chemicals,Poland,2024-01-16 01:00:00,2.57,0.96,20.0,624,120422.99,193.06,94.6,1.1,96.5,95.2,0
S1107,Delta Supplies,Consumer Goods,USA,2024-01-16 06:00:00,7.19,3.71,16.9,2268,606794.82,267.51,70.5,6.7,91.2,80.5,1
S1108,Ironclad Industries,Automotive,Poland,2024-01-16 02:00:00,2.37,4.06,21.9,324,117964.05,364.24,67.7,4.32,92.5,83.3,0
S1109,Keystone Components,Metals,Mexico,2024-01-16 01:00:00,2.23,2.5,18.5,226,61784.73,273.91,81.0,2.97,94.8,89.3,0
S1110,Blue Ridge Works,Automotive,China,2024-01-16 09:00:00,5.36,2.92,9.7,693,154232.45,222.65,77.1,0.91,90.4,85.6,0
S1111,Quantum Materials,Chemicals,China,2024-01-16 23:00:00,3.22,2.51,22.0,1006,292373.64,290.74,81.6,3.75,96.4,89.3,0
S1112,Nova Supplies,Chemicals,Japan,2024-01-16 19:00:00,0.0,3.44,16.2,117,21183.14,180.67,67.2,13.46,90.0,80.0,0
S1113,Pioneer Industries,Machinery,Poland,2024-01-16 08:00:00,0.55,1.14,17.0,531,29309.28,55.25,84.9,1.92,92.5,91.1,0
S1114,Pioneer Industries,Machinery,Japan,2024-01-16 17:00:00,2.4,1.15,29.4,264,83517.86,316.76,82.3,5.38,89.8,87.0,0
S1115,Keystone Global,Textiles,Vietnam,2024-01-16 13:00:00,3.28,1.78,19.0,1047,281717.31,268.98,86.3,6.55,91.2,88.0,0
S1116,Harbor Works,Automotive,Germany,2024-01-16 04:00:00,2.95,2.76,18.6,566,48615.67,85.86,82.0,4.8,97.8,89.6,0
S1117,Orion Precision,Consumer Goods,Mexico,2024-01-16 06:00:00,5.54,2.97,22.6,873,71091.41,81.39,75.6,0.08,94.5,86.7,0
S1118,Pioneer Materials,Machinery,Japan,2024-01-16 03:00:00,2.58,1.14,12.8,602,135917.11,225.89,84.9,12.56,88.6,84.7,0
S1119,Zenith Manufacturing,Electronics,Japan,2024-01-16 07:00:00,0.88,1.36,30.7,712,30750.03,43.16,88.7,3.55,98.7,93.8,0
S1120,Zenith Systems,Pharma,Germany,2024-01-16 09:00:00,1.19,1.69,30.4,168,23177.7,138.24,87.7,-0.82,98.4,94.2,0
S1001,Meridian Materials,Pharma,Poland,2024-01-19 03:00:00,4.85,0.66,15.3,58,22503.14,385.25,87.9,9.93,90.4,86.3,0
S1002,Keystone Manufacturing,Metals,China,2024-01-19 05:00:00,5.55,1.65,37.9,755,254399.94,337.0,80.0,5.73,86.6,83.4,0
S1003,Delta Components,Electronics,Japan,2024-01-19 18:00:00,2.02,4.44,21.1,1083,235151.71,217.17,67.9,3.64,95.0,84.6,0
S1004,Delta Components,Consumer Goods,Mexico,2024-01-19 17:00:00,0.43,1.97,31.1,1103,242473.2,219.88,80.4,5.8,91.2,87.7,0
S1005,Quantum Precision,Pharma,USA,2024-01-19 23:00:00,2.82,1.02,17.3,183,25088.2,137.22,93.0,1.92,94.9,93.6,0
S1006,Delta Materials,Consumer Goods,Vietnam,2024-01-19 18:00:00,1.38,1.73,12.9,169,30542.5,180.77,84.4,9.04,89.6,86.8,0
S1007,Apex Materials,Consumer Goods,Germany,2024-01-19 09:00:00,3.08,4.96,32.0,248,61778.0,249.45,56.7,7.83,91.5,77.4,1
S1008,Meridian Materials,Consumer Goods,Japan,2024-01-19 07:00:00,0.33,2.9,17.4,1330,38284.78,28.78,69.6,25.58,85.1,74.4,1
S1009,Keystone Logistics,Textiles,India,2024-01-19 10:00:00,1.25,5.32,25.3,944,176927.23,187.43,57.1,6.58,84.3,76.4,1
S1010,Harbor Systems,Consumer Goods,Mexico,2024-01-19 15:00:00,4.96,2.43,32.2,1063,11862.46,11.15,75.7,11.21,87.1,80.3,0
S1011,Blue Ridge Materials,Chemicals,Mexico,2024-01-19 02:00:00,5.3,2.81,13.6,552,50597.22,91.6,78.2,6.73,93.4,84.9,0
S1012,Orion Manufacturing,Automotive,Poland,2024-01-19 10:00:00,3.65,3.47,17.7,1200,264020.84,219.97,71.1,3.62,97.5,85.8,0
S1013,Keystone Global,Automotive,India,2024-01-19 07:00:00,0.0,2.6,28.6,1123,128574.57,114.47,78.6,7.59,96.1,88.3,0
S1014,Keystone Manufacturing,Electronics,India,2024-01-19 06:00:00,3.89,4.54,32.2,814,44443.2,54.57,59.7,4.81,87.2,77.7,0
S1015,Ironclad Supplies,Electronics,Vietnam,2024-01-19 14:00:00,2.27,0.77,4.3,1112,191334.77,172.14,96.4,1.67,97.5,96.1,0
S1016,Keystone Precision,Metals,Japan,2024-01-19 19:00:00,5.9,2.36,9.4,446,7768.9,17.42,78.3,9.37,91.6,83.0,0
S1017,Apex Industries,Automotive,Vietnam,2024-01-19 14:00:00,0.0,2.1,35.4,667,163109.62,244.57,75.9,11.65,86.0,82.3,0
S1018,Vertex Precision,Chemicals,Poland,2024-01-19 04:00:00,4.56,0.89,16.7,264,37308.84,141.5,90.1,6.66,87.8,87.5,0
S1019,Summit Industries,Textiles,Mexico,2024-01-19 00:00:00,3.42,1.76,20.2,661,179545.9,271.56,85.7,5.1,93.3,89.0,0
S1020,Atlas Logistics,Automotive,Vietnam,2024-01-19 15:00:00,5.97,4.2,9.0,1005,19754.57,19.66,68.1,6.44,94.2,81.4,0
S1021,Harbor Supplies,Metals,Vietnam,2024-01-19 14:00:00,2.62,2.27,12.4,1012,286292.03,282.96,78.7,5.71,92.0,86.3,0
S1022,Vertex Logistics,Textiles,China,2024-01-19 22:00:00,2.27,4.08,25.0,222,29770.62,134.08,68.1,6.85,86.0,80.2,0
S1023,Keystone Global,Pharma,USA,2024-01-19 19:00:00,1.18,3.19,21.4,689,59244.04,86.02,75.7,5.73,96.0,87.4,0
S1024,Apex Works,Consumer Goods,Mexico,2024-01-19 05:00:00,2.36,2.07,8.4,1777,369932.84,208.21,83.1,-1.49,96.4,91.1,0
S1025,Helix Industries,Metals,Germany,2024-01-19 22:00:00,3.78,4.48,23.5,1395,582672.85,417.68,61.2,4.75,90.6,79.5,1
S1026,Blue Ridge Works,Consumer Goods,Mexico,2024-01-19 14:00:00,5.85,2.97,19.3,88,15993.78,182.17,74.0,5.57,87.2,81.4,0
S1027,Ironclad Logistics,Automotive,Mexico,2024-01-19 10:00:00,4.78,1.57,10.9,1652,524011.59,317.27,89.2,3.66,96.6,91.3,0
S1028,Zenith Components,Pharma,Poland,2024-01-19 23:00:00,5.72,1.88,24.7,1012,197129.07,194.87,83.6,6.52,83.5,83.2,1
S1029,Summit Supplies,Electronics,India,2024-01-19 07:00:00,0.0,2.58,26.4,133,25030.21,187.65,79.4,0.69,91.9,89.7,0
S1030,Keystone Manufacturing,Consumer Goods,India,2024-01-19 05:00:00,0.0,3.42,8.6,1695,136068.98,80.26,75.3,4.08,94.4,87.9,0
S1031,Ironclad Manufacturing,Textiles,Japan,2024-01-19 04:00:00,3.8,3.56,21.2,1128,375969.66,333.22,66.6,4.79,85.3,79.5,0
S1032,Vertex Manufacturing,Pharma,Poland,2024-01-19 03:00:00,10.67,2.64,19.4,117,44720.35,382.23,76.4,4.25,90.6,81.5,0
S1033,Blue Ridge Precision,Automotive,Mexico,2024-01-19 17:00:00,5.93,1.75,25.5,1240,448347.87,361.69,86.2,6.04,90.5,86.6,0
S1034,Zenith Global,Textiles,Japan,2024-01-19 08:00:00,2.27,2.73,9.8,149,32781.76,219.57,76.9,4.72,96.4,87.7,0
S1035,Delta Works,Textiles,Vietnam,2024-01-19 21:00:00,5.1,2.61,19.0,1496,418524.16,279.71,83.8,0.14,88.0,87.6,0
S1036,Orion Components,Pharma,Vietnam,2024-01-19 20:00:00,1.16,4.91,18.1,689,124045.32,179.98,64.9,6.9,97.6,83.7,0
S1037,Nova Global,Pharma,India,2024-01-19 08:00:00,3.75,3.05,21.0,627,23208.29,37.0,78.6,-0.19,95.6,89.0,0
S1038,Blue Ridge Works,Metals,Vietnam,2024-01-19 13:00:00,3.29,4.45,20.3,1148,347590.79,302.73,69.5,20.52,90.4,76.6,1
S1039,Orion Works,Metals,China,2024-01-19 09:00:00,5.74,3.29,19.4,1392,207984.46,149.46,74.7,6.37,89.1,82.1,0
S1040,Harbor Components,Pharma,China,2024-01-19 06:00:00,5.25,2.53,21.1,642,182539.28,284.18,77.0,5.81,95.6,85.6,0
S1041,Vertex Supplies,Consumer Goods,Poland,2024-01-19 19:00:00,2.81,1.74,15.7,1556,383985.68,246.78,79.3,4.6,96.2,88.3,0
S1042,Harbor Materials,Electronics,India,2024-01-19 07:00:00,6.13,1.34,20.8,587,55330.35,94.25,91.3,10.07,90.6,86.8,0
S1043,Blue Ridge Logistics,Pharma,Japan,2024-01-19 16:00:00,2.0,1.38,21.4,133,40945.48,308.9,83.8,-0.37,100.0,93.2,0
S1044,Quantum Manufacturing,Machinery,Vietnam,2024-01-19 03:00:00,2.33,3.13,14.1,841,172028.73,204.63,81.1,5.04,96.6,89.1,0
S1045,Vertex Manufacturing,Chemicals,India,2024-01-19 00:00:00,2.24,3.31,26.2,265,23662.11,89.4,71.2,5.6,94.6,84.8,0
S1046,Quantum Materials,Textiles,Mexico,2024-01-19 15:00:00,4.17,2.13,13.4,724,130180.24,179.9,82.6,0.2,93.7,89.6,0
S1047,Atlas Industries,Metals,USA,2024-01-19 16:00:00,5.75,0.02,10.0,854,64165.32,75.17,98.3,3.4,93.3,92.9,0
S1048,Helix Industries,Chemicals,Japan,2024-01-19 07:00:00,2.81,2.38,27.8,1408,102045.48,72.47,80.9,1.96,93.1,88.8,0
S1049,Atlas Works,Metals,Germany,2024-01-19 05:00:00,2.32,3.02,9.9,117,15739.25,134.48,77.0,2.22,97.9,89.2,0
S1050,Vertex Global,Metals,Japan,2024-01-19 05:00:00,3.65,4.07,9.1,1261,391982.52,310.9,68.4,6.52,83.6,78.9,0
S1051,Zenith Industries,Consumer Goods,Germany,2024-01-19 06:00:00,1.06,2.16,27.9,1305,159053.53,121.89,85.5,4.06,95.2,91.2,0
S1052,Meridian Manufacturing,Automotive,Germany,2024-01-19 20:00:00,4.11,3.69,12.0,1526,180842.31,118.54,71.0,5.01,93.3,83.6,0
S1053,Harbor Systems,Machinery,India,2024-01-19 04:00:00,2.23,3.8,9.6,1454,171886.43,118.2,73.0,2.33,88.7,84.6,0
S1054,Harbor Manufacturing,Pharma,Mexico,2024-01-19 13:00:00,2.79,3.3,15.7,1270,382971.44,301.46,76.1,3.18,100.0,89.0,0
S1055,Harbor Works,Chemicals,USA,2024-01-19 08:00:00,5.32,5.63,23.3,521,65467.37,125.67,53.0,3.95,87.6,75.1,0
S1056,Ironclad Supplies,Chemicals,Germany,2024-01-19 15:00:00,4.47,4.11,17.7,976,246595.51,252.68,66.6,8.76,93.4,80.5,0
S1057,Atlas Components,Textiles,Japan,2024-01-19 21:00:00,6.26,3.58,7.3,622,135042.18,217.18,72.0,2.2,91.7,83.4,0
S1058,Meridian Supplies,Textiles,Poland,2024-01-19 22:00:00,1.99,1.2,18.3,225,16138.48,71.72,87.5,5.28,96.3,91.4,0
S1059,Quantum Systems,Pharma,Mexico,2024-01-19 12:00:00,3.18,3.87,18.9,993,87685.6,88.31,69.1,3.08,94.8,84.6,0
S1060,Blue Ridge Systems,Textiles,Vietnam,2024-01-19 12:00:00,2.4,0.33,13.3,1140,263278.42,231.04,98.1,4.85,97.4,95.4,0
S1061,Zenith Manufacturing,Pharma,Germany,2024-01-19 03:00:00,2.72,2.81,7.0,312,43557.07,139.56,77.1,0.9,96.6,89.1,0
S1062,Meridian Systems,Consumer Goods,Vietnam,2024-01-19 04:00:00,3.73,1.78,14.3,1165,479402.27,411.45,87.8,4.7,87.1,87.6,0
S1063,Delta Precision,Consumer Goods,Germany,2024-01-19 00:00:00,0.39,2.58,18.8,330,28885.41,87.49,79.4,20.12,92.7,82.5,0
S1064,Vertex Logistics,Chemicals,Japan,2024-01-19 02:00:00,0.17,0.4,16.3,559,176882.87,316.66,95.4,4.15,96.2,95.4,0
S1065,Zenith Logistics,Automotive,Vietnam,2024-01-19 05:00:00,19.4,0.31,17.4,1367,346576.74,253.51,95.1,3.82,88.0,83.0,0
S1066,Vertex Materials,Electronics,Germany,2024-01-19 17:00:00,5.22,1.27,7.7,1263,179541.08,142.15,92.6,3.03,92.4,91.0,0
S1067,Harbor Supplies,Textiles,Japan,2024-01-19 14:00:00,2.1,3.16,28.4,1417,100250.77,70.76,80.6,1.93,100.0,91.4,0
S1068,Vertex Supplies,Machinery,Poland,2024-01-19 00:00:00,3.6,2.23,25.5,665,113870.62,171.26,80.6,2.48,100.0,90.5,0
S1069,Keystone Industries,Electronics,India,2024-01-19 12:00:00,1.83,2.48,22.4,436,138120.16,316.45,85.3,-1.88,97.2,92.3,0
S1070,Delta Logistics,Machinery,Vietnam,2024-01-19 17:00:00,2.38,1.05,22.5,609,188297.4,309.32,89.3,1.57,92.6,91.9,0
S1071,Pioneer Logistics,Textiles,Japan,2024-01-19 10:00:00,4.93,1.43,23.7,1817,78099.8,42.98,87.1,9.16,90.7,86.3,0
S1072,Delta Materials,Automotive,Poland,2024-01-19 17:00:00,4.23,0.13,22.0,479,117462.79,245.26,93.9,0.63,92.1,92.7,0
S1073,Orion Components,Pharma,Germany,2024-01-19 17:00:00,3.33,0.0,9.1,625,253418.83,405.77,95.0,9.27,89.8,89.5,0
S1074,Pioneer Precision,Electronics,Vietnam,2024-01-19 03:00:00,0.75,1.88,9.2,121,11524.22,95.47,84.4,1.65,97.8,92.8,0
S1075,Zenith Logistics,Consumer Goods,USA,2024-01-19 09:00:00,0.0,2.63,25.3,1062,241849.78,227.7,78.6,2.35,99.1,91.3,0
S1076,Harbor Materials,Consumer Goods,Japan,2024-01-19 18:00:00,0.99,5.68,13.6,758,52338.64,69.02,54.1,17.78,91.9,73.9,0
S1077,Vertex Precision,Machinery,Poland,2024-01-19 11:00:00,3.45,4.45,18.2,638,87484.53,137.15,65.9,5.46,90.9,81.1,0
S1078,Quantum Precision,Metals,Poland,2024-01-19 08:00:00,0.38,2.05,34.9,294,64832.62,220.2,84.7,7.12,92.2,89.1,0
S1079,Apex Systems,Pharma,China,2024-01-19 11:00:00,7.74,4.45,9.4,801,59142.04,73.85,67.6,9.45,84.5,75.8,0
S1080,Zenith Precision,Chemicals,India,2024-01-19 12:00:00,3.83,1.83,20.0,853,340889.25,399.78,85.5,2.44,90.8,88.9,0
S1081,Keystone Components,Textiles,Japan,2024-01-19 08:00:00,4.2,2.11,14.3,196,54281.66,277.03,86.7,4.36,91.5,88.6,0
S1082,Keystone Manufacturing,Consumer Goods,Mexico,2024-01-19 17:00:00,3.25,3.65,16.7,998,260749.96,261.21,67.4,6.96,95.5,82.8,0
S1083,Blue Ridge Components,Consumer Goods,USA,2024-01-19 02:00:00,3.16,1.08,22.4,877,332219.03,378.92,90.4,-1.63,95.4,92.9,0
S1084,Pioneer Precision,Machinery,Poland,2024-01-19 16:00:00,1.75,1.35,13.5,606,128899.23,212.82,93.0,0.56,96.5,95.2,0
S1085,Harbor Components,Machinery,USA,2024-01-19 09:00:00,0.11,0.71,23.2,855,152220.41,178.1,95.8,2.63,99.9,97.5,0
S1086,Keystone Global,Metals,Germany,2024-01-19 02:00:00,3.94,2.51,31.3,929,156476.24,168.42,80.5,3.66,94.3,87.8,0
S1087,Summit Components,Pharma,USA,2024-01-19 18:00:00,4.75,0.29,10.8,310,29191.33,94.2,93.7,2.79,96.1,93.0,0
S1088,Helix Precision,Chemicals,Japan,2024-01-19 14:00:00,1.23,3.87,22.2,1005,185750.79,184.9,69.1,5.12,95.0,84.9,0
S1089,Helix Works,Textiles,USA,2024-01-19 01:00:00,4.66,2.68,15.6,1551,269889.28,174.02,81.5,1.98,95.3,88.8,0
S1090,Pioneer Supplies,Electronics,China,2024-01-19 16:00:00,1.39,5.8,17.0,467,144752.56,310.07,58.0,10.53,88.3,76.6,0
S1091,Zenith Components,Metals,China,2024-01-19 15:00:00,1.32,2.15,10.1,598,94161.28,157.47,88.1,3.44,95.2,92.2,0
S1092,Zenith Components,Textiles,USA,2024-01-19 18:00:00,7.08,0.87,28.0,436,123425.36,283.14,94.7,7.34,87.2,87.4,0
S1093,Atlas Works,Consumer Goods,China,2024-01-19 12:00:00,0.44,2.6,13.9,686,162547.89,236.88,80.3,6.06,96.4,89.4,0
S1094,Summit Precision,Machinery,Japan,2024-01-19 01:00:00,4.71,4.29,26.2,920,29804.08,32.39,68.1,6.35,92.9,81.6,0
S1095,Vertex Global,Metals,India,2024-01-19 12:00:00,0.59,1.82,28.3,751,165806.16,220.66,86.1,-1.3,100.0,94.3,0
S1096,Zenith Precision,Textiles,Japan,2024-01-19 20:00:00,0.09,2.28,16.9,1032,245464.53,237.77,78.3,0.62,93.7,89.9,0
S1097,Orion Works,Textiles,China,2024-01-19 09:00:00,3.05,1.4,27.2,302,36099.0,119.44,90.3,0.59,100.0,94.9,0
S1098,Blue Ridge Components,Machinery,Mexico,2024-01-19 03:00:00,0.0,3.48,30.1,173,23740.44,137.23,71.6,8.25,92.6,84.4,0
S1099,Quantum Global,Consumer Goods,Mexico,2024-01-19 23:00:00,0.0,1.88,19.0,245,101348.68,413.69,85.0,4.5,95.9,91.6,0
S1100,Helix Logistics,Electronics,Poland,2024-01-19 23:00:00,0.41,1.3,9.7,562,189342.53,337.01,84.3,17.4,83.7,82.1,0
S1101,Summit Logistics,Metals,Poland,2024-01-19 21:00:00,5.91,0.8,26.1,1884,720454.92,382.46,94.1,4.07,91.5,90.5,0
S1102,Atlas Works,Consumer Goods,Germany,2024-01-19 03:00:00,2.46,3.34,20.3,879,185445.71,210.91,76.1,-0.76,94.0,88.0,0
S1103,Ironclad Industries,Automotive,Poland,2024-01-19 11:00:00,1.94,0.6,27.3,948,239365.78,252.39,92.2,4.09,96.3,93.5,0
S1104,Blue Ridge Materials,Textiles,Japan,2024-01-19 04:00:00,0.34,2.47,33.2,822,48064.13,58.44,79.9,3.8,86.2,86.6,0
S1105,Keystone Works,Electronics,Poland,2024-01-19 19:00:00,3.61,2.2,9.7,2131,622752.31,292.18,78.5,2.41,93.7,87.6,0
S1106,Quantum Materials,Chemicals,Poland,2024-01-19 18:00:00,7.76,1.64,20.3,956,189099.02,197.9,88.9,3.63,92.8,88.4,0
S1107,Delta Supplies,Consumer Goods,USA,2024-01-19 08:00:00,4.04,4.81,14.5,1088,284179.79,261.31,63.4,4.23,91.9,80.7,0
S1108,Ironclad Industries,Automotive,Poland,2024-01-19 08:00:00,4.54,3.73,25.1,426,157066.06,368.87,70.0,5.64,91.9,82.3,0
S1109,Keystone Components,Metals,Mexico,2024-01-19 21:00:00,5.51,2.67,15.6,188,51612.12,274.98,77.3,3.38,92.3,85.3,0
S1110,Blue Ridge Works,Automotive,China,2024-01-19 19:00:00,3.75,2.62,12.6,704,166009.62,235.93,79.4,6.93,90.5,85.0,0
S1111,Quantum Materials,Chemicals,China,2024-01-19 13:00:00,3.9,3.04,17.9,871,251453.84,288.55,71.4,2.97,95.9,85.5,0
S1112,Nova Supplies,Chemicals,Japan,2024-01-19 19:00:00,2.96,2.7,14.7,122,20676.03,170.15,75.2,6.85,84.2,81.7,0
S1113,Pioneer Industries,Machinery,Poland,2024-01-19 20:00:00,0.0,1.53,19.3,884,51668.67,58.43,89.6,7.78,96.7,92.3,0
S1114,Pioneer Industries,Machinery,Japan,2024-01-19 19:00:00,1.65,1.67,29.6,179,54368.25,303.27,90.1,0.89,87.8,91.1,0
S1115,Keystone Global,Textiles,Vietnam,2024-01-19 15:00:00,2.23,1.38,16.6,1375,374296.44,272.3,86.2,7.87,92.5,88.5,0
S1116,Harbor Works,Automotive,Germany,2024-01-19 05:00:00,3.21,2.42,18.8,981,85235.76,86.91,79.4,6.08,92.9,86.4,0
S1117,Orion Precision,Consumer Goods,Mexico,2024-01-19 00:00:00,2.53,3.17,18.7,1126,90474.42,80.37,77.5,-1.18,100.0,90.4,0
S1118,Pioneer Materials,Machinery,Japan,2024-01-19 04:00:00,0.0,2.01,14.0,361,78031.57,216.05,83.3,7.66,87.5,86.9,0
S1119,Zenith Manufacturing,Electronics,Japan,2024-01-19 20:00:00,0.91,1.72,29.7,1088,46058.81,42.35,83.1,1.61,99.9,93.0,0
S1120,Zenith Systems,Pharma,Germany,2024-01-19 09:00:00,2.25,1.89,27.1,360,55530.63,154.08,83.1,10.54,97.3,88.1,0
S1001,Meridian Materials,Pharma,Poland,2024-01-22 16:00:00,7.17,0.76,16.9,116,44020.32,380.38,89.4,8.55,84.0,83.9,1
S1002,Keystone Manufacturing,Metals,China,2024-01-22 09:00:00,4.35,4.63,37.3,781,268660.57,344.01,65.9,7.93,85.4,77.8,0
S1003,Delta Components,Electronics,Japan,2024-01-22 10:00:00,2.87,4.05,23.2,1201,264521.35,220.33,67.7,5.15,96.7,84.1,0
S1004,Delta Components,Consumer Goods,Mexico,2024-01-22 05:00:00,2.25,3.06,29.1,1542,335014.97,217.21,81.2,4.51,89.9,87.1,0
S1005,Quantum Precision,Pharma,USA,2024-01-22 00:00:00,3.56,1.21,17.3,265,36265.55,136.71,87.4,1.55,93.6,91.0,0
S1006,Delta Materials,Consumer Goods,Vietnam,2024-01-22 03:00:00,0.05,2.52,13.6,265,45429.67,171.49,77.0,3.45,93.0,88.2,0
S1007,Apex Materials,Consumer Goods,Germany,2024-01-22 12:00:00,7.3,5.96,32.0,216,52837.8,244.81,52.0,5.83,90.1,73.9,0
S1008,Meridian Materials,Consumer Goods,Japan,2024-01-22 20:00:00,3.35,3.55,16.2,1093,28139.83,25.74,71.3,12.33,79.1,76.4,1
S1009,Keystone Logistics,Textiles,India,2024-01-22 09:00:00,0.44,4.56,26.3,459,89923.61,196.05,66.3,11.48,89.7,80.1,0
S1010,Harbor Systems,Consumer Goods,Mexico,2024-01-22 11:00:00,4.74,0.36,39.6,946,10458.19,11.06,89.4,10.23,88.4,86.0,0
S1011,Blue Ridge Materials,Chemicals,Mexico,2024-01-22 10:00:00,3.87,3.01,12.9,586,53597.08,91.47,77.4,6.59,93.8,85.5,0
S1012,Orion Manufacturing,Automotive,Poland,2024-01-22 08:00:00,3.39,3.01,18.8,1796,388627.92,216.35,78.0,1.91,94.8,88.1,0
S1013,Keystone Global,Automotive,India,2024-01-22 17:00:00,3.2,3.34,31.6,1709,184846.39,108.18,68.8,1.68,93.5,84.6,0
S1014,Keystone Manufacturing,Electronics,India,2024-01-22 17:00:00,1.54,5.34,30.3,802,46204.4,57.61,56.0,10.64,89.3,76.1,1
S1015,Ironclad Supplies,Electronics,Vietnam,2024-01-22 11:00:00,3.42,1.03,11.0,845,146749.03,173.69,93.5,2.59,96.0,93.6,0
S1016,Keystone Precision,Metals,Japan,2024-01-22 20:00:00,6.32,2.37,8.0,328,5562.66,16.97,82.7,6.56,93.3,86.0,0
S1017,Apex Industries,Automotive,Vietnam,2024-01-22 19:00:00,0.0,1.05,36.6,711,170124.36,239.29,83.5,9.24,85.6,85.7,0
S1018,Vertex Precision,Chemicals,Poland,2024-01-22 20:00:00,6.46,0.33,20.2,215,29352.55,136.72,91.0,3.07,88.4,88.4,0
S1019,Summit Industries,Textiles,Mexico,2024-01-22 05:00:00,5.33,0.53,22.9,801,222644.87,277.96,95.0,7.57,88.9,88.9,0
S1020,Atlas Logistics,Automotive,Vietnam,2024-01-22 18:00:00,7.96,4.8,11.9,1154,21089.16,18.28,64.3,-1.04,90.0,79.6,0
S1021,Harbor Supplies,Metals,Vietnam,2024-01-22 20:00:00,0.71,2.16,12.2,1762,488133.23,276.99,84.8,3.48,92.7,90.4,0
S1022,Vertex Logistics,Textiles,China,2024-01-22 15:00:00,2.31,4.82,23.6,143,19581.16,137.1,59.3,9.26,86.2,76.3,1
S1023,Keystone Global,Pharma,USA,2024-01-22 17:00:00,0.77,3.4,21.2,830,68663.77,82.68,73.6,1.62,96.2,88.4,0
S1024,Apex Works,Consumer Goods,Mexico,2024-01-22 18:00:00,2.78,2.61,8.2,1267,287556.41,227.02,80.8,7.41,94.7,87.2,0
S1025,Helix Industries,Metals,Germany,2024-01-22 08:00:00,4.92,3.28,26.1,863,368029.63,426.35,72.1,6.93,90.0,81.7,0
S1026,Blue Ridge Works,Consumer Goods,Mexico,2024-01-22 04:00:00,7.47,2.98,18.8,119,21818.39,182.59,76.9,5.82,86.8,81.4,0
S1027,Ironclad Logistics,Automotive,Mexico,2024-01-22 07:00:00,5.18,2.09,11.4,1078,341192.97,316.52,81.6,3.41,90.0,86.2,0
S1028,Zenith Components,Pharma,Poland,2024-01-22 03:00:00,1.03,1.64,24.7,1042,209711.98,201.26,81.3,10.01,85.9,84.2,1
S1029,Summit Supplies,Electronics,India,2024-01-22 12:00:00,4.49,1.68,27.7,167,33021.38,197.42,85.0,5.93,89.8,86.7,0
S1030,Keystone Manufacturing,Consumer Goods,India,2024-01-22 03:00:00,1.96,2.73,7.6,1361,108380.49,79.65,76.6,3.3,95.8,88.1,0
S1031,Ironclad Manufacturing,Textiles,Japan,2024-01-22 10:00:00,4.95,3.57,18.9,1445,508533.72,352.01,64.7,10.7,83.3,75.3,0
S1032,Vertex Manufacturing,Pharma,Poland,2024-01-22 03:00:00,0.0,2.62,18.9,106,40024.45,378.32,79.7,3.18,93.9,89.6,0
S1033,Blue Ridge Precision,Automotive,Mexico,2024-01-22 11:00:00,2.24,2.66,25.1,1077,388657.46,361.04,75.7,5.85,95.5,86.6,0
S1034,Zenith Global,Textiles,Japan,2024-01-22 00:00:00,1.07,3.35,9.6,190,41000.97,215.56,75.9,2.81,95.7,88.5,0
S1035,Delta Works,Textiles,Vietnam,2024-01-22 20:00:00,6.97,2.65,17.8,1114,311448.26,279.56,76.8,0.09,89.6,84.7,0
S1036,Orion Components,Pharma,Vietnam,2024-01-22 21:00:00,2.57,4.18,19.5,761,133595.92,175.53,69.2,4.26,93.4,84.0,0
S1037,Nova Global,Pharma,India,2024-01-22 10:00:00,2.3,2.83,18.2,701,27207.99,38.82,78.7,4.73,93.6,87.4,0
S1038,Blue Ridge Works,Metals,Vietnam,2024-01-22 10:00:00,4.09,3.87,23.1,1098,291569.17,265.6,68.4,5.74,90.0,81.2,1
S1039,Orion Works,Metals,China,2024-01-22 08:00:00,3.04,3.15,16.4,1172,171255.94,146.12,75.2,3.99,95.1,86.6,0
S1040,Harbor Components,Pharma,China,2024-01-22 10:00:00,9.35,2.58,20.8,571,154801.94,271.14,79.1,0.96,90.8,84.4,0
S1041,Vertex Supplies,Consumer Goods,Poland,2024-01-22 14:00:00,2.45,2.99,13.9,1031,251817.0,244.25,71.5,3.53,93.9,85.3,0
S1042,Harbor Materials,Electronics,India,2024-01-22 11:00:00,7.05,1.36,20.9,470,42719.87,90.98,87.5,6.26,88.4,85.7,0
S1043,Blue Ridge Logistics,Pharma,Japan,2024-01-22 15:00:00,0.71,1.44,23.2,196,63432.52,323.32,94.3,4.28,96.2,94.7,0
S1044,Quantum Manufacturing,Machinery,Vietnam,2024-01-22 13:00:00,0.29,2.52,14.8,593,118880.71,200.39,79.5,2.87,97.3,90.7,0
S1045,Vertex Manufacturing,Chemicals,India,2024-01-22 18:00:00,2.98,3.03,25.0,188,16811.95,89.22,75.2,5.38,95.4,86.2,0
S1046,Quantum Materials,Textiles,Mexico,2024-01-22 12:00:00,8.98,1.3,13.9,608,111496.78,183.53,86.8,2.22,89.8,86.5,0
S1047,Atlas Industries,Metals,USA,2024-01-22 01:00:00,6.82,0.0,14.4,865,65271.73,75.49,95.6,3.83,92.4,91.0,0
S1048,Helix Industries,Chemicals,Japan,2024-01-22 20:00:00,0.19,2.57,29.0,1061,82068.04,77.36,76.8,8.83,93.5,86.2,0
S1049,Atlas Works,Metals,Germany,2024-01-22 07:00:00,1.99,3.25,10.3,132,17495.28,132.46,73.3,0.68,91.8,86.5,0
S1050,Vertex Global,Metals,Japan,2024-01-22 16:00:00,4.15,4.3,9.9,583,183058.52,314.1,62.9,7.62,85.1,76.9,1
S1051,Zenith Industries,Consumer Goods,Germany,2024-01-22 15:00:00,0.0,1.49,26.7,2055,246680.41,120.04,85.5,2.48,100.0,94.0,0
S1052,Meridian Manufacturing,Automotive,Germany,2024-01-22 16:00:00,4.74,2.93,10.8,2256,265721.68,117.77,77.9,4.32,91.2,85.2,0
S1053,Harbor Systems,Machinery,India,2024-01-22 12:00:00,5.46,2.99,9.0,863,102013.87,118.28,75.8,2.4,89.5,84.2,0
S1054,Harbor Manufacturing,Pharma,Mexico,2024-01-22 22:00:00,3.21,2.91,15.6,945,282826.71,299.43,76.4,2.49,96.1,87.8,0
S1055,Harbor Works,Chemicals,USA,2024-01-22 11:00:00,0.0,4.54,23.5,391,52247.02,133.67,64.1,10.56,89.1,79.6,0
S1056,Ironclad Supplies,Chemicals,Germany,2024-01-22 07:00:00,4.98,5.74,15.5,478,117559.47,245.91,57.0,5.85,87.5,75.9,0
S1057,Atlas Components,Textiles,Japan,2024-01-22 12:00:00,7.29,3.79,5.7,587,128511.88,219.01,72.1,3.05,89.2,81.7,0
S1058,Meridian Supplies,Textiles,Poland,2024-01-22 02:00:00,1.26,0.93,14.0,220,15360.07,69.68,94.5,2.29,96.2,95.2,0
S1059,Quantum Systems,Pharma,Mexico,2024-01-22 01:00:00,1.41,3.05,19.2,1045,93135.23,89.13,79.6,4.04,96.1,89.3,0
S1060,Blue Ridge Systems,Textiles,Vietnam,2024-01-22 04:00:00,2.62,0.78,13.1,1671,381045.02,227.97,92.1,3.46,95.7,93.1,0
S1061,Zenith Manufacturing,Pharma,Germany,2024-01-22 21:00:00,1.93,2.73,6.7,309,44080.6,142.53,84.0,3.05,98.7,91.8,0
S1062,Meridian Systems,Consumer Goods,Vietnam,2024-01-22 21:00:00,4.65,1.03,19.5,930,392614.62,422.25,87.0,7.45,88.8,86.4,0
S1063,Delta Precision,Consumer Goods,Germany,2024-01-22 13:00:00,3.1,2.45,18.5,269,22808.1,84.71,86.0,16.31,93.5,85.2,0
S1064,Vertex Logistics,Chemicals,Japan,2024-01-22 16:00:00,4.4,0.57,13.3,564,178260.69,316.32,97.3,4.04,94.4,93.4,0
S1065,Zenith Logistics,Automotive,Vietnam,2024-01-22 22:00:00,1.48,1.7,18.9,1748,445039.92,254.61,85.5,4.27,97.3,91.7,0
S1066,Vertex Materials,Electronics,Germany,2024-01-22 22:00:00,3.71,0.8,6.5,1286,178774.74,139.03,95.1,0.77,93.6,93.9,0
S1067,Harbor Supplies,Textiles,Japan,2024-01-22 16:00:00,1.65,2.81,29.4,1259,89245.64,70.87,81.9,2.09,96.7,90.9,0
S1068,Vertex Supplies,Machinery,Poland,2024-01-22 18:00:00,4.92,2.03,27.3,727,123438.29,169.79,90.4,1.6,95.5,92.0,0
S1069,Keystone Industries,Electronics,India,2024-01-22 00:00:00,3.02,3.07,21.6,383,124542.28,324.92,79.5,0.75,93.9,88.9,0
S1070,Delta Logistics,Machinery,Vietnam,2024-01-22 15:00:00,0.96,1.01,24.6,627,196087.29,312.75,89.6,2.7,94.2,92.8,0
S1071,Pioneer Logistics,Textiles,Japan,2024-01-22 14:00:00,2.62,2.3,26.7,1538,65154.7,42.38,87.6,7.63,93.5,89.2,0
S1072,Delta Materials,Automotive,Poland,2024-01-22 16:00:00,6.97,1.23,19.9,743,198634.27,267.28,86.4,9.67,88.8,84.2,0
S1073,Orion Components,Pharma,Germany,2024-01-22 18:00:00,1.62,0.6,6.1,540,213138.81,394.7,87.9,6.29,93.9,90.5,0
S1074,Pioneer Precision,Electronics,Vietnam,2024-01-22 16:00:00,1.3,1.81,6.8,84,8345.33,99.55,84.3,5.99,97.3,90.6,0
S1075,Zenith Logistics,Consumer Goods,USA,2024-01-22 15:00:00,0.96,3.53,23.5,1325,296633.36,223.92,73.8,0.65,96.1,88.7,0
S1076,Harbor Materials,Consumer Goods,Japan,2024-01-22 01:00:00,1.07,6.56,8.1,1010,65731.85,65.09,52.9,11.08,88.9,74.9,0
S1077,Vertex Precision,Machinery,Poland,2024-01-22 08:00:00,2.11,4.13,17.4,943,130015.65,137.9,67.8,6.04,89.8,81.8,0
S1078,Quantum Precision,Metals,Poland,2024-01-22 04:00:00,3.13,1.69,34.6,279,61474.51,220.61,86.4,7.32,88.3,86.8,0
S1079,Apex Systems,Pharma,China,2024-01-22 20:00:00,5.8,3.99,9.6,427,29562.47,69.3,72.6,2.71,92.7,83.9,0
S1080,Zenith Precision,Chemicals,India,2024-01-22 08:00:00,3.11,1.86,19.5,779,314471.84,403.71,84.4,3.45,91.4,88.7,0
S1081,Keystone Components,Textiles,Japan,2024-01-22 04:00:00,2.65,1.63,10.5,401,109021.22,271.97,84.7,2.45,94.6,90.5,0
S1082,Keystone Manufacturing,Consumer Goods,Mexico,2024-01-22 18:00:00,0.65,4.08,14.8,2049,517608.25,252.63,63.8,3.44,90.6,82.4,1
S1083,Blue Ridge Components,Consumer Goods,USA,2024-01-22 16:00:00,3.14,0.91,23.3,1130,448237.94,396.78,92.8,3.01,94.2,92.8,0
S1084,Pioneer Precision,Machinery,Poland,2024-01-22 22:00:00,2.88,2.43,12.1,332,72040.33,217.04,80.2,2.56,93.4,88.3,0
S1085,Harbor Components,Machinery,USA,2024-01-22 06:00:00,1.51,1.33,21.7,709,125994.69,177.69,88.0,2.39,95.7,92.6,0
S1086,Keystone Global,Metals,Germany,2024-01-22 21:00:00,4.78,1.08,29.0,565,92124.77,163.18,86.2,0.43,89.1,88.8,0
S1087,Summit Components,Pharma,USA,2024-01-22 10:00:00,3.78,0.82,11.2,203,18738.95,92.36,92.3,0.79,93.1,92.7,0
S1088,Helix Precision,Chemicals,Japan,2024-01-22 08:00:00,1.98,2.79,27.0,1808,350853.83,194.09,80.5,10.35,94.6,86.4,0
S1089,Helix Works,Textiles,USA,2024-01-22 14:00:00,4.45,2.88,14.2,1295,233338.22,180.22,77.3,5.61,92.3,85.0,0
S1090,Pioneer Supplies,Electronics,China,2024-01-22 22:00:00,3.25,3.27,15.8,1015,304328.6,299.91,74.6,6.9,90.4,83.5,0
S1091,Zenith Components,Metals,China,2024-01-22 00:00:00,0.0,2.51,10.7,574,93911.66,163.69,80.1,7.53,92.6,87.6,0
S1092,Zenith Components,Textiles,USA,2024-01-22 14:00:00,4.85,1.07,28.2,530,145916.65,275.13,91.3,4.3,91.0,89.8,0
S1093,Atlas Works,Consumer Goods,China,2024-01-22 14:00:00,0.0,2.49,13.6,1090,252211.93,231.28,78.4,3.56,95.1,89.4,0
S1094,Summit Precision,Machinery,Japan,2024-01-22 00:00:00,3.29,3.1,28.2,1065,35274.08,33.11,75.3,8.7,88.6,82.5,0
S1095,Vertex Global,Metals,India,2024-01-22 00:00:00,9.98,1.45,25.7,771,175881.98,228.23,90.4,2.09,92.6,88.3,0
S1096,Zenith Precision,Textiles,Japan,2024-01-22 13:00:00,1.17,1.58,17.0,1643,393293.21,239.36,85.1,1.29,94.8,91.9,0
S1097,Orion Works,Textiles,China,2024-01-22 17:00:00,3.67,1.46,28.8,223,26550.97,119.27,92.2,0.44,100.0,95.3,0
S1098,Blue Ridge Components,Machinery,Mexico,2024-01-22 06:00:00,1.03,4.34,29.8,168,22122.71,131.51,70.3,3.74,97.6,86.8,0
S1099,Quantum Global,Consumer Goods,Mexico,2024-01-22 08:00:00,0.0,1.01,17.5,141,57981.08,410.0,90.1,3.57,94.0,93.1,0
S1100,Helix Logistics,Electronics,Poland,2024-01-22 01:00:00,0.0,2.79,11.5,286,89848.0,313.85,74.7,9.33,83.3,81.8,1
S1101,Summit Logistics,Metals,Poland,2024-01-22 17:00:00,3.61,1.23,24.3,1418,568694.72,401.01,91.8,9.12,89.7,88.3,0
S1102,Atlas Works,Consumer Goods,Germany,2024-01-22 13:00:00,0.08,3.19,20.9,1686,365495.71,216.81,73.1,2.02,95.4,88.2,0
S1103,Ironclad Industries,Automotive,Poland,2024-01-22 07:00:00,2.19,0.27,28.9,933,228128.01,244.52,96.9,0.85,96.5,96.3,0
S1104,Blue Ridge Materials,Textiles,Japan,2024-01-22 09:00:00,4.1,2.17,35.2,1008,60909.4,60.44,80.8,7.34,86.2,83.6,1
S1105,Keystone Works,Electronics,Poland,2024-01-22 18:00:00,3.36,2.18,8.3,1719,511334.44,297.49,80.0,4.27,92.7,87.2,0
S1106,Quantum Materials,Chemicals,Poland,2024-01-22 17:00:00,1.11,1.15,22.1,902,175168.81,194.11,94.2,1.65,100.0,96.8,0
S1107,Delta Supplies,Consumer Goods,USA,2024-01-22 12:00:00,2.85,2.98,11.8,1026,265146.4,258.54,74.0,3.13,92.7,85.8,0
S1108,Ironclad Industries,Automotive,Poland,2024-01-22 00:00:00,3.97,3.44,20.3,521,184385.0,353.67,73.8,1.29,93.7,86.1,1
S1109,Keystone Components,Metals,Mexico,2024-01-22 18:00:00,2.37,2.9,11.6,236,67155.64,285.03,77.3,7.15,97.3,87.3,0
S1110,Blue Ridge Works,Automotive,China,2024-01-22 14:00:00,3.34,1.38,7.8,1185,271102.23,228.82,87.9,3.71,90.0,89.2,0
S1111,Quantum Materials,Chemicals,China,2024-01-22 15:00:00,3.5,2.25,22.5,877,247125.4,281.71,86.3,0.53,92.9,90.8,0
S1112,Nova Supplies,Chemicals,Japan,2024-01-22 20:00:00,2.62,3.22,17.4,192,34221.52,177.81,73.7,11.66,84.7,79.8,1
S1113,Pioneer Industries,Machinery,Poland,2024-01-22 00:00:00,1.93,2.6,19.7,682,38377.54,56.26,76.4,3.79,89.9,85.8,0
S1114,Pioneer Industries,Machinery,Japan,2024-01-22 10:00:00,10.64,2.26,28.1,221,70721.21,320.55,85.6,6.64,85.6,82.1,0
S1115,Keystone Global,Textiles,Vietnam,2024-01-22 15:00:00,9.81,1.06,14.6,1000,261593.49,261.47,85.4,3.58,89.2,84.9,0
S1116,Harbor Works,Automotive,Germany,2024-01-22 12:00:00,3.1,3.68,17.3,483,40244.66,83.35,66.4,1.73,95.6,84.5,0
S1117,Orion Precision,Consumer Goods,Mexico,2024-01-22 16:00:00,3.22,3.04,20.7,1665,135270.75,81.24,80.8,-0.11,97.9,90.9,0
S1118,Pioneer Materials,Machinery,Japan,2024-01-22 15:00:00,1.68,2.02,11.8,669,139937.7,209.19,83.8,4.24,92.3,89.2,0
S1119,Zenith Manufacturing,Electronics,Japan,2024-01-22 17:00:00,0.0,0.92,26.9,950,39736.75,41.81,96.0,0.31,96.9,97.4,0
S1120,Zenith Systems,Pharma,Germany,2024-01-22 21:00:00,2.03,1.43,30.7,382,52810.28,138.22,87.4,-0.83,99.0,93.9,0
S1001,Meridian Materials,Pharma,Poland,2024-01-25 06:00:00,6.18,1.93,12.1,141,52389.61,370.62,82.4,5.76,88.9,84.7,0
S1002,Keystone Manufacturing,Metals,China,2024-01-25 15:00:00,5.37,3.54,38.5,741,267269.07,360.58,73.4,13.13,87.0,78.5,1
S1003,Delta Components,Electronics,Japan,2024-01-25 20:00:00,0.06,2.61,22.4,715,161288.64,225.57,82.5,7.65,97.9,90.2,0
S1004,Delta Components,Consumer Goods,Mexico,2024-01-25 19:00:00,0.0,1.63,30.6,864,187896.33,217.36,84.5,4.58,91.8,90.0,0
S1005,Quantum Precision,Pharma,USA,2024-01-25 01:00:00,3.28,1.15,16.1,193,26929.46,139.53,96.1,3.64,90.7,92.4,0
S1006,Delta Materials,Consumer Goods,Vietnam,2024-01-25 03:00:00,2.92,2.17,14.2,167,30494.47,182.28,79.2,9.95,89.9,84.0,0
S1007,Apex Materials,Consumer Goods,Germany,2024-01-25 07:00:00,8.18,5.52,33.2,277,70509.18,254.62,57.6,10.07,85.1,72.1,0
S1008,Meridian Materials,Consumer Goods,Japan,2024-01-25 09:00:00,7.65,4.66,17.1,922,22954.56,24.89,61.7,8.6,79.3,72.3,1
S1009,Keystone Logistics,Textiles,India,2024-01-25 07:00:00,10.17,5.65,26.4,709,129696.56,182.98,52.0,4.05,88.2,72.5,0
S1010,Harbor Systems,Consumer Goods,Mexico,2024-01-25 20:00:00,6.98,1.85,41.0,983,10997.15,11.19,74.1,11.58,77.2,75.1,1
S1011,Blue Ridge Materials,Chemicals,Mexico,2024-01-25 08:00:00,2.77,2.85,11.8,451,40324.84,89.49,79.2,4.28,97.1,88.7,0
S1012,Orion Manufacturing,Automotive,Poland,2024-01-25 21:00:00,2.39,3.74,19.9,1030,228506.21,221.93,68.4,4.54,98.4,85.5,0
S1013,Keystone Global,Automotive,India,2024-01-25 23:00:00,5.22,2.77,31.7,1923,210083.2,109.24,76.9,2.68,93.3,85.9,0
S1014,Keystone Manufacturing,Electronics,India,2024-01-25 00:00:00,1.34,4.32,30.9,720,38937.61,54.11,69.5,3.92,91.3,84.1,0
S1015,Ironclad Supplies,Electronics,Vietnam,2024-01-25 20:00:00,2.15,0.81,8.3,1195,208461.8,174.37,90.4,2.99,94.6,92.6,0
S1016,Keystone Precision,Metals,Japan,2024-01-25 13:00:00,5.3,1.12,7.8,591,9697.91,16.42,90.0,3.11,90.1,89.2,0
S1017,Apex Industries,Automotive,Vietnam,2024-01-25 21:00:00,0.22,2.35,34.6,1286,309439.06,240.57,75.5,9.82,90.2,84.2,0
S1018,Vertex Precision,Chemicals,Poland,2024-01-25 12:00:00,6.31,0.14,16.1,217,29207.42,134.35,93.6,1.28,86.2,89.3,0
S1019,Summit Industries,Textiles,Mexico,2024-01-25 11:00:00,3.67,2.11,21.4,938,259050.4,276.16,80.7,6.88,93.3,86.5,0
S1020,Atlas Logistics,Automotive,Vietnam,2024-01-25 01:00:00,4.7,4.88,11.1,1483,29445.37,19.86,55.4,7.52,93.2,76.8,0
S1021,Harbor Supplies,Metals,Vietnam,2024-01-25 07:00:00,4.29,1.99,12.1,1128,309580.31,274.48,85.2,2.54,90.3,88.3,0
S1022,Vertex Logistics,Textiles,China,2024-01-25 05:00:00,4.0,4.52,29.1,137,20043.48,146.11,59.6,16.44,85.8,72.7,1
S1023,Keystone Global,Pharma,USA,2024-01-25 23:00:00,0.85,3.81,23.9,710,60393.45,85.03,73.9,4.51,93.7,86.5,0
S1024,Apex Works,Consumer Goods,Mexico,2024-01-25 16:00:00,3.61,1.61,9.9,834,182171.99,218.3,85.3,3.28,96.3,90.5,0
S1025,Helix Industries,Metals,Germany,2024-01-25 18:00:00,7.28,3.06,25.9,1187,500202.77,421.57,75.2,5.73,87.3,81.1,0
S1026,Blue Ridge Works,Consumer Goods,Mexico,2024-01-25 20:00:00,4.09,2.86,17.8,93,17809.54,191.77,81.6,11.14,90.9,84.1,0
S1027,Ironclad Logistics,Automotive,Mexico,2024-01-25 13:00:00,2.0,1.96,9.2,1974,616707.13,312.38,85.6,2.06,93.8,91.0,0
S1028,Zenith Components,Pharma,Poland,2024-01-25 12:00:00,0.19,1.72,25.8,1369,272759.71,199.27,81.7,8.93,86.4,85.4,0
S1029,Summit Supplies,Electronics,India,2024-01-25 16:00:00,3.37,2.96,27.7,166,32668.08,196.32,76.5,5.34,88.6,84.1,0
S1030,Keystone Manufacturing,Consumer Goods,India,2024-01-25 22:00:00,3.31,2.48,10.4,1238,99482.43,80.37,78.5,4.23,90.7,86.0,1
S1031,Ironclad Manufacturing,Textiles,Japan,2024-01-25 19:00:00,5.07,4.0,21.9,1424,513313.7,360.36,59.9,13.32,81.9,72.1,1
S1032,Vertex Manufacturing,Pharma,Poland,2024-01-25 17:00:00,3.16,2.3,20.9,90,33811.39,373.74,80.8,1.93,93.3,88.6,0
S1033,Blue Ridge Precision,Automotive,Mexico,2024-01-25 22:00:00,5.61,3.65,24.8,641,238203.06,371.78,69.1,9.0,87.2,78.5,0
S1034,Zenith Global,Textiles,Japan,2024-01-25 16:00:00,3.51,4.21,11.4,167,36191.36,217.1,66.9,3.54,95.7,83.8,0
S1035,Delta Works,Textiles,Vietnam,2024-01-25 10:00:00,4.53,2.59,18.7,1177,333244.59,283.16,74.4,1.38,94.8,86.5,0
S1036,Orion Components,Pharma,Vietnam,2024-01-25 07:00:00,2.49,4.07,17.5,1059,192748.74,182.06,68.8,8.14,94.5,82.9,0
S1037,Nova Global,Pharma,India,2024-01-25 08:00:00,1.87,3.49,20.1,722,27348.65,37.87,69.6,2.17,93.7,85.4,0
S1038,Blue Ridge Works,Metals,Vietnam,2024-01-25 18:00:00,5.52,4.82,20.9,1508,414287.69,274.75,58.5,9.38,86.6,74.5,1
S1039,Orion Works,Metals,China,2024-01-25 13:00:00,4.09,2.06,17.1,859,125178.34,145.66,85.4,3.67,92.6,88.9,0
S1040,Harbor Components,Pharma,China,2024-01-25 22:00:00,4.96,2.9,20.8,727,206108.68,283.44,76.6,5.53,90.9,84.1,1
S1041,Vertex Supplies,Consumer Goods,Poland,2024-01-25 19:00:00,1.61,1.53,13.8,1409,349783.67,248.31,89.6,5.25,96.4,92.3,0
S1042,Harbor Materials,Electronics,India,2024-01-25 11:00:00,2.58,2.15,22.4,453,40128.08,88.53,75.0,3.4,93.5,86.4,0
S1043,Blue Ridge Logistics,Pharma,Japan,2024-01-25 00:00:00,0.0,1.87,23.8,148,46379.29,313.09,87.9,0.98,97.7,94.6,0
S1044,Quantum Manufacturing,Machinery,Vietnam,2024-01-25 06:00:00,1.35,2.4,12.5,744,147886.44,198.69,86.0,1.99,98.3,93.1,0
S1045,Vertex Manufacturing,Chemicals,India,2024-01-25 00:00:00,4.54,3.88,22.7,378,32925.45,87.01,72.7,2.77,92.0,84.3,0
S1046,Quantum Materials,Textiles,Mexico,2024-01-25 19:00:00,2.95,0.55,10.9,623,114762.51,184.12,90.8,2.54,93.8,92.2,0
S1047,Atlas Industries,Metals,USA,2024-01-25 18:00:00,4.34,0.2,12.1,722,55570.19,76.96,93.5,5.87,91.7,90.4,0
S1048,Helix Industries,Chemicals,Japan,2024-01-25 22:00:00,8.07,3.25,30.7,1661,128125.48,77.14,78.5,8.53,87.1,80.7,0
S1049,Atlas Works,Metals,Germany,2024-01-25 16:00:00,1.37,2.9,7.8,128,16660.57,130.17,79.8,-1.06,99.2,91.6,0
S1050,Vertex Global,Metals,Japan,2024-01-25 21:00:00,6.27,5.99,8.8,1267,404245.93,318.94,51.2,9.28,78.5,68.8,1
S1051,Zenith Industries,Consumer Goods,Germany,2024-01-25 19:00:00,1.64,1.71,26.5,1466,176282.66,120.22,85.8,2.63,99.7,93.1,0
S1052,Meridian Manufacturing,Automotive,Germany,2024-01-25 03:00:00,4.64,3.36,15.0,1391,160766.2,115.55,76.5,2.35,92.6,86.0,0
S1053,Harbor Systems,Machinery,India,2024-01-25 22:00:00,4.73,3.57,7.0,925,114240.16,123.53,73.4,6.94,93.3,83.4,0
S1054,Harbor Manufacturing,Pharma,Mexico,2024-01-25 08:00:00,1.97,2.44,15.8,861,264372.88,307.19,84.0,5.14,99.7,91.4,0
S1055,Harbor Works,Chemicals,USA,2024-01-25 03:00:00,4.86,5.35,21.9,371,54795.0,147.81,53.8,22.26,86.8,68.5,1
S1056,Ironclad Supplies,Chemicals,Germany,2024-01-25 23:00:00,4.57,4.96,16.7,893,234113.48,262.3,60.2,12.9,89.8,75.4,0
S1057,Atlas Components,Textiles,Japan,2024-01-25 06:00:00,4.16,3.52,5.9,577,126630.7,219.43,69.5,3.26,96.2,84.7,0
S1058,Meridian Supplies,Textiles,Poland,2024-01-25 02:00:00,1.41,1.23,17.0,179,12732.46,71.05,94.3,4.29,96.6,94.5,0
S1059,Quantum Systems,Pharma,Mexico,2024-01-25 07:00:00,2.38,3.32,22.2,1079,97838.54,90.63,77.0,5.79,95.0,86.8,0
S1060,Blue Ridge Systems,Textiles,Vietnam,2024-01-25 15:00:00,1.26,1.96,13.1,878,199325.98,226.94,81.4,2.99,96.3,90.4,0
S1061,Zenith Manufacturing,Pharma,Germany,2024-01-25 02:00:00,3.88,3.43,6.5,453,64035.09,141.2,74.6,2.09,96.2,87.1,0
S1062,Meridian Systems,Consumer Goods,Vietnam,2024-01-25 18:00:00,4.86,0.78,19.4,840,344883.4,410.69,87.4,4.51,88.3,87.4,0
S1063,Delta Precision,Consumer Goods,Germany,2024-01-25 16:00:00,2.33,1.71,20.3,228,17408.23,76.35,89.5,4.82,96.8,92.2,0
S1064,Vertex Logistics,Chemicals,Japan,2024-01-25 05:00:00,1.84,0.28,14.3,617,208703.23,338.11,95.7,11.21,97.0,92.3,0
S1065,Zenith Logistics,Automotive,Vietnam,2024-01-25 01:00:00,0.7,1.71,18.0,1559,402841.01,258.43,83.4,5.84,93.9,89.5,0
S1066,Vertex Materials,Electronics,Germany,2024-01-25 17:00:00,4.16,0.95,7.1,1456,211302.42,145.09,89.3,5.16,91.6,89.3,0
S1067,Harbor Supplies,Textiles,Japan,2024-01-25 04:00:00,3.56,2.87,32.8,1584,118441.1,74.78,81.9,7.73,95.4,87.4,0
S1068,Vertex Supplies,Machinery,Poland,2024-01-25 22:00:00,3.67,1.65,27.2,612,104513.64,170.73,89.3,2.17,99.3,93.4,0
S1069,Keystone Industries,Electronics,India,2024-01-25 14:00:00,4.04,2.22,24.8,406,137412.03,338.65,80.5,5.0,95.8,87.8,0
S1070,Delta Logistics,Machinery,Vietnam,2024-01-25 05:00:00,0.0,1.08,24.5,537,192895.14,359.26,83.8,17.97,94.8,85.8,0
S1071,Pioneer Logistics,Textiles,Japan,2024-01-25 10:00:00,1.4,1.94,25.0,948,38512.13,40.62,86.0,3.17,97.6,92.4,0
S1072,Delta Materials,Automotive,Poland,2024-01-25 11:00:00,7.07,1.04,19.3,1067,271656.18,254.48,94.7,4.42,87.9,88.7,0
S1073,Orion Components,Pharma,Germany,2024-01-25 08:00:00,4.63,1.11,9.5,610,232558.03,381.52,87.2,2.74,91.1,89.1,0
S1074,Pioneer Precision,Electronics,Vietnam,2024-01-25 23:00:00,1.73,2.69,6.4,112,10612.98,94.84,75.2,0.98,95.1,88.4,0
S1075,Zenith Logistics,Consumer Goods,USA,2024-01-25 16:00:00,1.77,2.79,20.9,773,176157.57,227.86,81.6,2.42,98.3,91.2,0
S1076,Harbor Materials,Consumer Goods,Japan,2024-01-25 03:00:00,1.93,5.36,10.7,768,49554.42,64.55,51.3,10.15,85.5,73.1,0
S1077,Vertex Precision,Machinery,Poland,2024-01-25 15:00:00,1.44,4.83,18.9,696,92788.7,133.23,61.3,2.44,88.9,81.0,0
S1078,Quantum Precision,Metals,Poland,2024-01-25 20:00:00,0.05,1.03,35.6,120,27099.32,225.82,88.3,9.85,90.8,89.0,0
S1079,Apex Systems,Pharma,China,2024-01-25 04:00:00,4.61,4.9,10.2,618,44266.82,71.62,58.0,6.15,93.5,78.4,0
S1080,Zenith Precision,Chemicals,India,2024-01-25 14:00:00,2.9,1.21,16.3,567,237197.3,418.22,92.0,7.17,95.2,91.4,0
S1081,Keystone Components,Textiles,Japan,2024-01-25 15:00:00,1.22,1.7,13.8,315,87556.21,278.32,83.8,4.84,91.5,88.9,0
S1082,Keystone Manufacturing,Consumer Goods,Mexico,2024-01-25 03:00:00,2.28,4.08,16.9,1140,299205.31,262.37,67.6,7.43,93.2,82.4,0
S1083,Blue Ridge Components,Consumer Goods,USA,2024-01-25 19:00:00,3.97,0.77,22.5,2781,1100192.33,395.61,93.7,2.7,92.8,92.3,0
S1084,Pioneer Precision,Machinery,Poland,2024-01-25 11:00:00,2.32,2.25,9.8,482,102793.34,213.39,81.9,0.83,93.6,90.0,0
S1085,Harbor Components,Machinery,USA,2024-01-25 13:00:00,0.72,0.26,18.2,641,111288.06,173.55,97.3,0.01,96.4,97.5,0
S1086,Keystone Global,Metals,Germany,2024-01-25 13:00:00,5.5,1.45,30.5,999,170823.98,171.0,87.0,5.24,90.6,87.4,0
S1087,Summit Components,Pharma,USA,2024-01-25 13:00:00,3.66,0.55,12.6,145,13443.61,92.41,95.6,0.84,93.5,94.0,0
S1088,Helix Precision,Chemicals,Japan,2024-01-25 12:00:00,3.9,1.96,22.1,1370,245999.72,179.6,83.9,2.11,93.4,89.3,0
S1089,Helix Works,Textiles,USA,2024-01-25 19:00:00,3.63,2.99,16.8,1090,186628.6,171.2,77.6,0.33,93.7,88.0,0
S1090,Pioneer Supplies,Electronics,China,2024-01-25 21:00:00,2.02,4.55,14.6,562,162532.39,289.05,69.4,3.03,92.4,84.5,0
S1091,Zenith Components,Metals,China,2024-01-25 14:00:00,1.69,3.81,9.5,480,75283.37,156.82,69.1,3.01,96.9,86.1,0
S1092,Zenith Components,Textiles,USA,2024-01-25 10:00:00,3.57,1.71,30.6,600,162386.45,270.55,86.0,2.57,92.6,89.8,0
S1093,Atlas Works,Consumer Goods,China,2024-01-25 22:00:00,0.91,2.28,13.9,936,219120.72,234.04,84.6,4.8,93.1,89.9,0
S1094,Summit Precision,Machinery,Japan,2024-01-25 11:00:00,4.05,3.15,29.5,883,27982.3,31.7,73.8,4.08,88.9,83.4,0
S1095,Vertex Global,Metals,India,2024-01-25 17:00:00,1.51,1.44,24.9,875,198262.96,226.51,90.7,1.32,95.7,94.0,0
S1096,Zenith Precision,Textiles,Japan,2024-01-25 17:00:00,1.09,2.92,16.5,815,195799.25,240.34,78.4,1.7,97.4,90.3,0
S1097,Orion Works,Textiles,China,2024-01-25 21:00:00,2.19,1.89,28.5,263,30560.12,116.14,86.5,-2.19,99.9,93.3,0
S1098,Blue Ridge Components,Machinery,Mexico,2024-01-25 00:00:00,0.0,4.0,29.7,227,29951.71,131.81,69.2,3.98,92.3,85.0,0
S1099,Quantum Global,Consumer Goods,Mexico,2024-01-25 22:00:00,1.23,3.22,16.8,204,85100.49,416.93,76.7,5.32,99.3,89.0,0
S1100,Helix Logistics,Electronics,Poland,2024-01-25 21:00:00,3.64,2.93,12.2,333,108125.41,324.28,70.9,12.97,82.6,77.0,0
S1101,Summit Logistics,Metals,Poland,2024-01-25 03:00:00,3.36,1.61,25.4,1211,486069.58,401.22,79.4,9.18,97.3,86.7,0
S1102,Atlas Works,Consumer Goods,Germany,2024-01-25 02:00:00,0.95,3.44,21.2,1439,320526.36,222.67,72.7,4.77,91.1,85.1,0
S1103,Ironclad Industries,Automotive,Poland,2024-01-25 07:00:00,1.58,0.26,30.8,1044,260185.47,249.2,96.4,2.78,94.5,95.0,0
S1104,Blue Ridge Materials,Textiles,Japan,2024-01-25 21:00:00,0.0,0.91,32.1,618,38309.84,61.97,85.6,10.06,89.6,87.6,0
S1105,Keystone Works,Electronics,Poland,2024-01-25 18:00:00,3.34,2.14,8.9,1593,460839.25,289.34,82.2,1.42,90.4,88.2,0
S1106,Quantum Materials,Chemicals,Poland,2024-01-25 14:00:00,3.16,1.48,23.4,943,180902.71,191.82,92.4,0.45,95.4,94.0,0
S1107,Delta Supplies,Consumer Goods,USA,2024-01-25 10:00:00,5.01,3.27,14.7,1395,362862.85,260.07,68.9,3.74,93.9,83.1,0
S1108,Ironclad Industries,Automotive,Poland,2024-01-25 13:00:00,2.95,5.1,26.4,511,182510.23,357.4,62.9,2.36,91.2,81.6,0
S1109,Keystone Components,Metals,Mexico,2024-01-25 23:00:00,4.65,2.19,13.8,233,63536.88,272.93,83.4,2.61,95.7,89.4,0
S1110,Blue Ridge Works,Automotive,China,2024-01-25 19:00:00,4.69,1.59,8.5,817,189972.66,232.62,85.5,5.43,90.4,87.2,0
S1111,Quantum Materials,Chemicals,China,2024-01-25 10:00:00,1.91,2.23,18.7,953,280921.74,294.76,81.0,5.18,94.3,88.5,0
S1112,Nova Supplies,Chemicals,Japan,2024-01-25 02:00:00,2.95,3.97,16.4,199,36572.8,183.4,63.5,15.18,84.5,74.6,1
S1113,Pioneer Industries,Machinery,Poland,2024-01-25 23:00:00,1.39,2.15,17.9,516,30959.69,59.99,76.2,10.67,91.7,84.1,0
S1114,Pioneer Industries,Machinery,Japan,2024-01-25 14:00:00,13.8,1.43,29.2,336,106636.24,317.12,88.7,5.5,85.9,82.2,0
S1115,Keystone Global,Textiles,Vietnam,2024-01-25 02:00:00,1.99,2.36,18.1,1477,391454.75,265.04,86.3,4.99,91.4,89.3,0
S1116,Harbor Works,Automotive,Germany,2024-01-25 23:00:00,4.65,2.85,16.5,611,50804.44,83.11,76.7,1.44,91.0,85.8,0
S1117,Orion Precision,Consumer Goods,Mexico,2024-01-25 21:00:00,2.55,2.94,18.8,1336,112132.1,83.9,83.1,3.17,97.0,90.6,0
S1118,Pioneer Materials,Machinery,Japan,2024-01-25 11:00:00,15.43,2.34,11.0,519,106959.74,205.95,82.6,2.63,83.4,79.4,0
S1119,Zenith Manufacturing,Electronics,Japan,2024-01-25 15:00:00,0.03,0.96,27.4,604,25593.69,42.34,95.0,1.59,100.0,97.6,0
S1120,Zenith Systems,Pharma,Germany,2024-01-25 21:00:00,1.38,0.0,31.1,437,63467.92,145.12,99.8,4.12,98.1,97.0,0
S1001,Meridian Materials,Pharma,Poland,2024-01-28 15:00:00,4.25,2.37,12.1,58,21042.19,360.2,80.1,2.79,90.3,86.5,0
S1002,Keystone Manufacturing,Metals,China,2024-01-28 16:00:00,6.57,4.92,38.7,1258,449237.8,357.03,53.7,12.02,82.7,69.9,1
S1003,Delta Components,Electronics,Japan,2024-01-28 04:00:00,3.52,3.49,23.7,757,164803.79,217.78,71.5,3.94,96.0,85.4,0
S1004,Delta Components,Consumer Goods,Mexico,2024-01-28 13:00:00,1.8,2.59,32.9,1345,299739.19,222.9,81.1,7.25,92.4,87.1,0
S1005,Quantum Precision,Pharma,USA,2024-01-28 18:00:00,4.6,1.37,16.2,203,29790.55,147.02,87.2,9.2,92.8,87.2,0
S1006,Delta Materials,Consumer Goods,Vietnam,2024-01-28 04:00:00,0.0,2.71,13.1,171,33479.83,195.51,80.4,17.93,92.0,83.6,0
S1007,Apex Materials,Consumer Goods,Germany,2024-01-28 09:00:00,6.89,5.77,33.9,258,63960.38,248.33,55.0,7.35,88.4,74.0,0
S1008,Meridian Materials,Consumer Goods,Japan,2024-01-28 12:00:00,5.37,4.17,16.7,942,22818.1,24.22,60.3,5.66,80.0,74.3,1
S1009,Keystone Logistics,Textiles,India,2024-01-28 19:00:00,2.22,5.54,25.2,1114,211146.2,189.45,59.0,7.73,89.0,77.8,0
S1010,Harbor Systems,Consumer Goods,Mexico,2024-01-28 21:00:00,12.92,1.89,41.0,1280,14180.62,11.08,80.6,10.48,75.8,74.3,0
S1011,Blue Ridge Materials,Chemicals,Mexico,2024-01-28 16:00:00,0.08,3.4,12.0,509,44565.11,87.59,74.6,2.07,91.8,87.4,0
S1012,Orion Manufacturing,Automotive,Poland,2024-01-28 19:00:00,3.43,4.3,19.6,1316,284215.51,216.02,68.0,1.75,96.1,85.1,0
S1013,Keystone Global,Automotive,India,2024-01-28 03:00:00,2.26,2.61,30.2,1440,159516.08,110.77,80.8,4.11,96.9,89.5,1
S1014,Keystone Manufacturing,Electronics,India,2024-01-28 10:00:00,2.4,4.46,26.1,1008,54293.03,53.86,61.5,3.44,93.9,81.9,0
S1015,Ironclad Supplies,Electronics,Vietnam,2024-01-28 09:00:00,2.58,1.67,10.9,1229,211795.61,172.28,87.1,1.75,96.4,92.3,0
S1016,Keystone Precision,Metals,Japan,2024-01-28 05:00:00,4.17,1.84,10.1,457,7688.97,16.81,82.9,5.57,93.8,87.7,1
S1017,Apex Industries,Automotive,Vietnam,2024-01-28 12:00:00,0.92,1.97,34.6,1115,260125.55,233.23,82.7,6.47,88.8,87.1,0
S1018,Vertex Precision,Chemicals,Poland,2024-01-28 19:00:00,4.68,1.35,14.6,222,30567.77,137.9,87.4,3.95,88.1,87.6,0
S1019,Summit Industries,Textiles,Mexico,2024-01-28 22:00:00,3.9,0.98,19.7,695,188419.62,271.18,89.5,4.95,92.4,89.9,0
S1020,Atlas Logistics,Automotive,Vietnam,2024-01-28 11:00:00,5.0,5.12,10.4,1010,19472.39,19.28,64.4,4.38,94.4,81.4,0
S1021,Harbor Supplies,Metals,Vietnam,2024-01-28 12:00:00,0.93,2.76,10.4,1118,319184.21,285.45,77.9,6.64,95.6,87.8,0
S1022,Vertex Logistics,Textiles,China,2024-01-28 14:00:00,0.0,5.45,29.5,139,19111.2,137.91,53.2,9.91,87.0,75.4,0
S1023,Keystone Global,Pharma,USA,2024-01-28 23:00:00,1.64,3.82,20.7,1064,89546.28,84.16,72.2,3.44,96.2,86.8,0
S1024,Apex Works,Consumer Goods,Mexico,2024-01-28 21:00:00,1.05,1.29,7.9,575,127098.76,221.12,89.6,4.62,98.2,93.5,0
S1025,Helix Industries,Metals,Germany,2024-01-28 11:00:00,4.09,3.83,26.0,1389,588042.57,423.3,68.6,6.16,95.6,83.1,0
S1026,Blue Ridge Works,Consumer Goods,Mexico,2024-01-28 08:00:00,4.9,3.18,16.3,124,22152.25,177.97,74.2,3.14,89.1,83.5,0
S1027,Ironclad Logistics,Automotive,Mexico,2024-01-28 06:00:00,2.94,2.82,8.2,974,308841.54,316.97,77.6,3.56,91.2,86.3,0
S1028,Zenith Components,Pharma,Poland,2024-01-28 14:00:00,2.36,1.82,26.8,826,162468.57,196.66,77.9,7.5,84.0,82.7,0
S1029,Summit Supplies,Electronics,India,2024-01-28 14:00:00,3.92,1.12,25.0,196,38265.22,195.61,88.4,4.96,89.6,88.5,1
S1030,Keystone Manufacturing,Consumer Goods,India,2024-01-28 18:00:00,1.82,2.36,9.1,1725,137860.16,79.93,82.8,3.66,94.2,89.7,0
S1031,Ironclad Manufacturing,Textiles,Japan,2024-01-28 17:00:00,5.21,4.52,21.7,868,303258.63,349.55,62.7,9.92,74.8,71.8,1
S1032,Vertex Manufacturing,Pharma,Poland,2024-01-28 06:00:00,2.97,2.55,19.4,91,34636.42,381.09,82.9,3.94,94.2,89.0,0
S1033,Blue Ridge Precision,Automotive,Mexico,2024-01-28 16:00:00,5.02,3.43,21.8,796,280247.64,352.2,69.6,3.26,93.5,83.3,1
S1034,Zenith Global,Textiles,Japan,2024-01-28 21:00:00,1.67,3.97,9.5,250,56181.28,224.31,72.3,6.98,94.2,84.8,0
S1035,Delta Works,Textiles,Vietnam,2024-01-28 17:00:00,3.33,2.35,16.2,1384,407017.92,294.18,77.7,5.32,95.6,87.0,0
S1036,Orion Components,Pharma,Vietnam,2024-01-28 22:00:00,0.0,4.07,16.4,1443,247653.9,171.59,68.2,1.92,97.0,87.1,0
S1037,Nova Global,Pharma,India,2024-01-28 01:00:00,2.25,3.19,19.0,1089,42312.42,38.86,79.7,4.81,97.1,88.9,0
S1038,Blue Ridge Works,Metals,Vietnam,2024-01-28 23:00:00,8.79,4.45,23.1,1194,321902.53,269.58,66.9,7.32,87.5,76.9,0
S1039,Orion Works,Metals,China,2024-01-28 21:00:00,0.67,2.93,21.4,1877,265865.82,141.63,75.9,0.8,100.0,90.9,0
S1040,Harbor Components,Pharma,China,2024-01-28 02:00:00,4.14,3.29,20.1,1111,307661.99,276.85,72.3,3.08,92.9,84.6,0
S1041,Vertex Supplies,Consumer Goods,Poland,2024-01-28 10:00:00,0.0,2.44,14.9,1790,444365.32,248.26,82.2,5.23,97.3,90.9,0
S1042,Harbor Materials,Electronics,India,2024-01-28 13:00:00,4.01,2.23,19.3,414,37083.25,89.64,84.5,4.69,90.2,87.4,0
S1043,Blue Ridge Logistics,Pharma,Japan,2024-01-28 21:00:00,0.22,1.5,22.0,114,36065.23,315.82,89.3,1.86,95.1,93.7,0
S1044,Quantum Manufacturing,Machinery,Vietnam,2024-01-28 09:00:00,3.14,3.82,15.5,750,150478.63,200.77,73.4,3.06,92.2,85.2,0
S1045,Vertex Manufacturing,Chemicals,India,2024-01-28 19:00:00,3.4,3.3,24.6,434,36634.32,84.34,75.0,-0.38,94.7,87.6,0
S1046,Quantum Materials,Textiles,Mexico,2024-01-28 15:00:00,2.52,1.6,14.3,783,147833.66,188.71,85.8,5.1,95.5,90.3,0
S1047,Atlas Industries,Metals,USA,2024-01-28 04:00:00,6.93,1.4,10.6,436,32886.17,75.51,89.5,3.86,91.3,88.4,0
S1048,Helix Industries,Chemicals,Japan,2024-01-28 12:00:00,7.47,2.68,30.8,1416,109923.55,77.63,78.3,9.22,83.3,79.4,1
S1049,Atlas Works,Metals,Germany,2024-01-28 14:00:00,2.23,2.5,9.9,117,15601.58,133.07,83.9,1.15,97.0,91.8,0
S1050,Vertex Global,Metals,Japan,2024-01-28 05:00:00,2.12,5.44,7.4,1046,353993.89,338.42,49.8,15.95,83.5,69.6,0
S1051,Zenith Industries,Consumer Goods,Germany,2024-01-28 19:00:00,1.73,0.84,28.0,1273,153809.14,120.86,95.0,3.18,98.1,95.5,0
S1052,Meridian Manufacturing,Automotive,Germany,2024-01-28 18:00:00,4.59,2.7,13.3,1491,182549.69,122.4,83.6,8.42,91.8,85.9,1
S1053,Harbor Systems,Machinery,India,2024-01-28 17:00:00,3.28,3.66,8.6,892,106139.09,118.96,72.7,2.99,92.6,85.1,0
S1054,Harbor Manufacturing,Pharma,Mexico,2024-01-28 17:00:00,2.58,2.49,15.4,1083,321563.07,297.01,81.2,1.66,99.5,91.3,0
S1055,Harbor Works,Chemicals,USA,2024-01-28 04:00:00,5.75,5.59,20.6,470,60056.09,127.8,52.3,5.71,84.4,72.9,1
S1056,Ironclad Supplies,Chemicals,Germany,2024-01-28 19:00:00,4.45,6.43,15.8,868,214920.16,247.66,47.2,6.6,87.3,72.4,1
S1057,Atlas Components,Textiles,Japan,2024-01-28 05:00:00,3.96,3.12,10.4,714,156443.71,219.1,78.1,3.1,93.5,86.9,0
S1058,Meridian Supplies,Textiles,Poland,2024-01-28 06:00:00,1.83,0.0,19.9,176,12235.4,69.58,100.0,2.13,96.6,97.1,0
S1059,Quantum Systems,Pharma,Mexico,2024-01-28 17:00:00,2.41,3.04,18.7,647,57516.61,88.96,77.0,3.84,98.0,88.6,0
S1060,Blue Ridge Systems,Textiles,Vietnam,2024-01-28 17:00:00,1.51,2.4,17.5,826,182107.59,220.46,85.5,0.05,95.1,92.4,0
S1061,Zenith Manufacturing,Pharma,Germany,2024-01-28 14:00:00,2.12,2.48,6.9,298,42109.52,141.37,83.8,2.22,100.0,92.4,0
S1062,Meridian Systems,Consumer Goods,Vietnam,2024-01-28 19:00:00,3.94,1.25,18.0,837,367288.37,439.02,84.3,11.72,86.1,83.3,0
S1063,Delta Precision,Consumer Goods,Germany,2024-01-28 21:00:00,1.87,2.96,20.3,204,15504.93,75.85,81.9,4.14,93.4,88.9,0
S1064,Vertex Logistics,Chemicals,Japan,2024-01-28 20:00:00,1.91,0.84,13.2,422,131088.1,310.92,94.5,2.27,99.2,96.0,0
S1065,Zenith Logistics,Automotive,Vietnam,2024-01-28 05:00:00,0.79,0.62,17.5,1492,362777.35,243.15,91.1,-0.42,93.6,94.1,0
S1066,Vertex Materials,Electronics,Germany,2024-01-28 14:00:00,5.03,0.6,11.7,2132,307513.1,144.26,97.3,4.56,95.2,93.1,0
S1067,Harbor Supplies,Textiles,Japan,2024-01-28 16:00:00,2.75,1.77,30.1,1196,87404.15,73.1,87.2,5.31,94.5,90.2,0
S1068,Vertex Supplies,Machinery,Poland,2024-01-28 05:00:00,6.08,2.07,30.7,683,113931.76,166.87,85.9,-0.14,95.0,90.2,0
S1069,Keystone Industries,Electronics,India,2024-01-28 08:00:00,3.91,2.28,20.4,256,85901.0,335.32,79.1,3.97,97.9,88.5,0
S1070,Delta Logistics,Machinery,Vietnam,2024-01-28 19:00:00,1.37,0.79,22.5,653,205683.45,314.82,93.3,3.38,95.9,94.3,0
S1071,Pioneer Logistics,Textiles,Japan,2024-01-28 15:00:00,0.32,0.47,24.7,1880,76609.54,40.74,93.6,3.49,97.7,95.5,0
S1072,Delta Materials,Automotive,Poland,2024-01-28 06:00:00,5.51,0.13,19.0,733,193456.51,263.78,99.9,8.24,92.5,91.5,0
S1073,Orion Components,Pharma,Germany,2024-01-28 03:00:00,0.93,0.89,9.7,549,215574.83,392.4,89.9,5.67,93.3,91.5,0
S1074,Pioneer Precision,Electronics,Vietnam,2024-01-28 08:00:00,0.81,1.7,8.6,114,11221.94,98.05,84.3,4.4,95.1,90.7,0
S1075,Zenith Logistics,Consumer Goods,USA,2024-01-28 06:00:00,2.84,3.69,23.2,1000,234360.26,234.43,69.9,5.37,95.3,84.4,0
S1076,Harbor Materials,Consumer Goods,Japan,2024-01-28 05:00:00,2.59,6.05,11.2,1412,88282.77,62.51,49.4,6.67,86.6,73.8,0
S1077,Vertex Precision,Machinery,Poland,2024-01-28 02:00:00,1.9,4.28,20.1,695,93434.16,134.41,65.9,3.35,90.6,82.6,0
S1078,Quantum Precision,Metals,Poland,2024-01-28 06:00:00,3.27,1.37,31.3,218,47744.32,219.14,90.3,6.6,89.5,88.8,0
S1079,Apex Systems,Pharma,China,2024-01-28 08:00:00,5.61,3.56,7.8,382,25692.36,67.24,69.8,-0.35,91.6,83.6,0
S1080,Zenith Precision,Chemicals,India,2024-01-28 14:00:00,1.86,2.18,18.3,1286,526883.15,409.62,77.2,4.96,92.3,86.5,0
S1081,Keystone Components,Textiles,Japan,2024-01-28 21:00:00,0.38,1.4,14.0,353,97068.58,274.61,88.0,3.44,96.0,92.9,0
S1082,Keystone Manufacturing,Consumer Goods,Mexico,2024-01-28 07:00:00,5.0,3.68,15.7,1269,334648.35,263.71,74.3,7.98,87.3,81.1,0
S1083,Blue Ridge Components,Consumer Goods,USA,2024-01-28 06:00:00,2.87,0.11,23.9,1414,556059.92,393.35,93.6,2.12,96.3,94.3,0
S1084,Pioneer Precision,Machinery,Poland,2024-01-28 03:00:00,0.0,2.75,10.8,616,126862.84,206.04,83.2,-2.64,99.9,93.1,0
S1085,Harbor Components,Machinery,USA,2024-01-28 10:00:00,0.48,1.09,20.0,1014,181122.76,178.69,88.1,2.97,97.5,93.6,0
S1086,Keystone Global,Metals,Germany,2024-01-28 08:00:00,5.06,2.0,31.0,555,98274.92,177.21,85.1,9.07,96.7,87.7,0
S1087,Summit Components,Pharma,USA,2024-01-28 04:00:00,3.04,0.81,9.2,237,22609.34,95.22,89.6,3.91,96.4,92.1,0
S1088,Helix Precision,Chemicals,Japan,2024-01-28 04:00:00,1.59,2.53,23.9,970,172814.37,178.12,79.3,1.27,96.9,90.4,0
S1089,Helix Works,Textiles,USA,2024-01-28 01:00:00,3.95,2.57,14.6,1434,256860.01,179.14,81.8,4.98,97.3,88.8,0
S1090,Pioneer Supplies,Electronics,China,2024-01-28 10:00:00,1.91,3.62,15.6,524,154380.61,294.76,73.5,5.07,93.4,85.6,0
S1091,Zenith Components,Metals,China,2024-01-28 05:00:00,0.97,2.37,7.0,501,78295.2,156.24,79.9,2.63,96.7,90.3,0
S1092,Zenith Components,Textiles,USA,2024-01-28 12:00:00,5.1,1.35,30.5,264,73015.26,276.37,90.9,4.77,89.4,88.8,0
S1093,Atlas Works,Consumer Goods,China,2024-01-28 19:00:00,0.35,1.44,14.1,1426,328713.25,230.47,89.6,3.2,98.3,94.4,0
S1094,Summit Precision,Machinery,Japan,2024-01-28 05:00:00,2.57,2.88,33.0,1067,34045.64,31.92,69.6,4.8,90.3,82.9,0
S1095,Vertex Global,Metals,India,2024-01-28 20:00:00,0.9,1.47,25.9,643,147255.76,229.01,90.0,2.44,99.3,94.9,0
S1096,Zenith Precision,Textiles,Japan,2024-01-28 08:00:00,0.17,2.19,12.9,775,190011.24,245.2,83.7,3.76,97.0,91.8,0
S1097,Orion Works,Textiles,China,2024-01-28 15:00:00,2.67,2.13,27.8,232,27893.65,120.31,84.4,1.32,97.1,91.7,0
S1098,Blue Ridge Components,Machinery,Mexico,2024-01-28 12:00:00,1.36,3.88,27.9,170,22470.93,132.53,69.1,4.55,92.7,84.2,0
S1099,Quantum Global,Consumer Goods,Mexico,2024-01-28 05:00:00,0.16,1.73,18.1,204,86171.26,422.71,86.0,6.78,94.9,90.7,0
S1100,Helix Logistics,Electronics,Poland,2024-01-28 08:00:00,9.78,0.69,11.2,349,112756.98,323.53,86.4,12.71,80.4,78.7,1
S1101,Summit Logistics,Metals,Poland,2024-01-28 08:00:00,16.11,0.55,25.2,1778,702181.57,394.88,95.5,7.45,84.2,82.1,1
S1102,Atlas Works,Consumer Goods,Germany,2024-01-28 09:00:00,13.96,4.1,20.3,1385,295613.68,213.49,71.9,0.45,91.0,79.9,0
S1103,Ironclad Industries,Automotive,Poland,2024-01-28 22:00:00,1.89,0.24,31.0,476,121131.96,254.67,94.4,5.03,99.7,95.1,0
S1104,Blue Ridge Materials,Textiles,Japan,2024-01-28 09:00:00,2.27,1.42,36.4,692,43539.2,62.88,85.5,11.69,87.3,84.9,0
S1105,Keystone Works,Electronics,Poland,2024-01-28 12:00:00,3.2,2.1,8.6,1224,372273.64,304.15,85.7,6.6,93.3,88.6,0
S1106,Quantum Materials,Chemicals,Poland,2024-01-28 00:00:00,3.14,1.37,20.4,476,91284.1,191.67,88.9,0.37,96.6,93.2,0
S1107,Delta Supplies,Consumer Goods,USA,2024-01-28 21:00:00,3.58,4.31,14.3,1318,378793.94,287.29,64.9,14.59,89.2,76.7,0
S1108,Ironclad Industries,Automotive,Poland,2024-01-28 16:00:00,4.34,3.62,24.6,546,201368.45,368.71,74.8,5.6,93.2,84.5,0
S1109,Keystone Components,Metals,Mexico,2024-01-28 04:00:00,2.49,2.86,15.8,141,38673.21,273.38,82.5,2.77,94.2,89.6,0
S1110,Blue Ridge Works,Automotive,China,2024-01-28 20:00:00,4.25,1.34,7.4,1495,339069.08,226.75,91.1,2.77,91.0,90.6,0
S1111,Quantum Materials,Chemicals,China,2024-01-28 18:00:00,1.58,1.97,19.6,737,213482.95,289.71,80.7,3.38,90.9,88.0,0
S1112,Nova Supplies,Chemicals,Japan,2024-01-28 20:00:00,8.46,3.17,14.1,152,27118.16,178.54,66.5,12.12,78.0,71.8,1
S1113,Pioneer Industries,Machinery,Poland,2024-01-28 03:00:00,18.95,2.11,19.5,500,28276.3,56.57,81.5,4.35,80.4,75.6,0
S1114,Pioneer Industries,Machinery,Japan,2024-01-28 01:00:00,2.27,2.26,27.0,288,93202.36,323.27,80.5,7.54,93.6,86.9,0
S1115,Keystone Global,Textiles,Vietnam,2024-01-28 13:00:00,4.07,1.37,16.3,899,247625.0,275.55,86.9,9.16,94.7,88.1,1
S1116,Harbor Works,Automotive,Germany,2024-01-28 04:00:00,1.03,2.42,18.0,529,46431.96,87.78,84.5,7.14,95.4,89.8,0
S1117,Orion Precision,Consumer Goods,Mexico,2024-01-28 11:00:00,3.07,2.65,20.4,1597,132143.0,82.76,78.0,1.77,98.2,89.5,0
S1118,Pioneer Materials,Machinery,Japan,2024-01-28 09:00:00,4.96,1.97,11.8,452,93304.87,206.32,82.6,2.81,88.5,86.4,0
S1119,Zenith Manufacturing,Electronics,Japan,2024-01-28 05:00:00,0.44,0.95,23.6,1846,77379.7,41.92,94.1,0.57,100.0,97.5,0
S1120,Zenith Systems,Pharma,Germany,2024-01-28 18:00:00,2.05,1.36,29.4,401,57886.12,144.43,91.1,3.62,99.9,94.5,0
S1001,Meridian Materials,Pharma,Poland,2024-01-31 19:00:00,5.21,0.96,15.3,75,27150.34,362.33,88.3,3.4,90.0,88.5,0
S1002,Keystone Manufacturing,Metals,China,2024-01-31 19:00:00,6.55,4.22,41.1,688,238674.49,346.73,63.3,8.79,79.3,73.3,1
S1003,Delta Components,Electronics,Japan,2024-01-31 21:00:00,1.73,2.57,21.3,989,218346.8,220.69,80.9,5.32,99.1,90.1,0
S1004,Delta Components,Consumer Goods,Mexico,2024-01-31 08:00:00,3.42,1.94,31.3,982,214640.05,218.6,77.9,5.18,92.3,85.9,0
S1005,Quantum Precision,Pharma,USA,2024-01-31 13:00:00,3.62,1.18,18.7,246,34445.58,140.01,86.0,3.99,91.3,88.8,0
S1006,Delta Materials,Consumer Goods,Vietnam,2024-01-31 12:00:00,5.43,2.15,13.9,237,38505.95,162.23,79.0,-2.14,90.7,85.9,1
S1007,Apex Materials,Consumer Goods,Germany,2024-01-31 18:00:00,4.6,5.3,31.3,290,72162.22,248.93,60.1,7.61,90.0,77.4,0
S1008,Meridian Materials,Consumer Goods,Japan,2024-01-31 17:00:00,6.77,3.28,17.1,1374,35268.19,25.66,64.7,11.96,74.5,70.8,1
S1009,Keystone Logistics,Textiles,India,2024-01-31 07:00:00,2.81,5.38,25.0,1041,208431.64,200.16,55.6,13.81,88.2,73.8,1
S1010,Harbor Systems,Consumer Goods,Mexico,2024-01-31 04:00:00,6.01,1.44,39.5,1387,16010.26,11.54,80.9,15.1,80.0,77.6,1
S1011,Blue Ridge Materials,Chemicals,Mexico,2024-01-31 18:00:00,2.66,2.89,12.6,724,63742.17,88.08,76.6,2.63,94.7,87.6,0
S1012,Orion Manufacturing,Automotive,Poland,2024-01-31 01:00:00,3.28,2.86,18.4,993,222145.44,223.67,76.3,5.36,91.9,85.2,0
S1013,Keystone Global,Automotive,India,2024-01-31 11:00:00,2.92,2.89,30.0,1054,114542.36,108.7,80.2,2.17,96.2,89.5,0
S1014,Keystone Manufacturing,Electronics,India,2024-01-31 05:00:00,9.59,5.04,30.9,680,39226.0,57.65,60.3,10.73,89.1,73.5,0
S1015,Ironclad Supplies,Electronics,Vietnam,2024-01-31 06:00:00,2.31,1.43,8.8,1193,207323.94,173.75,90.1,2.62,96.7,93.2,0
S1016,Keystone Precision,Metals,Japan,2024-01-31 01:00:00,4.82,0.89,6.9,353,5980.16,16.93,92.8,6.32,89.1,88.9,0
S1017,Apex Industries,Automotive,Vietnam,2024-01-31 03:00:00,2.86,2.07,30.3,1203,280332.4,232.99,82.3,6.36,92.2,87.3,0
S1018,Vertex Precision,Chemicals,Poland,2024-01-31 05:00:00,3.53,0.96,17.4,188,26611.16,141.86,89.6,6.94,89.4,88.3,0
S1019,Summit Industries,Textiles,Mexico,2024-01-31 15:00:00,5.58,1.6,23.2,912,245778.92,269.36,86.1,4.25,87.1,86.2,0
S1020,Atlas Logistics,Automotive,Vietnam,2024-01-31 08:00:00,4.72,4.68,10.6,1761,35005.89,19.88,67.2,7.64,86.6,78.6,0
S1021,Harbor Supplies,Metals,Vietnam,2024-01-31 20:00:00,0.0,2.96,9.5,1887,507169.73,268.7,74.4,0.38,95.9,89.5,0
S1022,Vertex Logistics,Textiles,China,2024-01-31 04:00:00,4.44,6.04,28.9,102,15602.36,153.35,48.2,22.21,81.2,64.8,1
S1023,Keystone Global,Pharma,USA,2024-01-31 10:00:00,3.81,4.35,24.0,855,74664.78,87.31,64.8,7.31,95.1,81.3,0
S1024,Apex Works,Consumer Goods,Mexico,2024-01-31 07:00:00,4.37,1.83,8.4,1294,292262.31,225.88,83.9,6.87,93.0,87.2,0
S1025,Helix Industries,Metals,Germany,2024-01-31 18:00:00,2.81,3.22,25.8,1894,827396.94,436.78,73.3,9.54,94.8,83.9,0
S1026,Blue Ridge Works,Consumer Goods,Mexico,2024-01-31 15:00:00,4.84,2.26,17.3,128,23325.65,182.33,80.3,5.67,87.5,84.2,0
S1027,Ironclad Logistics,Automotive,Mexico,2024-01-31 00:00:00,3.12,2.01,11.2,1293,406057.07,313.96,81.4,2.58,96.6,89.8,0
S1028,Zenith Components,Pharma,Poland,2024-01-31 00:00:00,1.41,4.39,24.6,980,193679.23,197.63,56.8,8.03,86.4,76.4,0
S1029,Summit Supplies,Electronics,India,2024-01-31 22:00:00,1.1,1.2,25.8,178,35180.0,197.34,88.4,5.89,92.4,90.5,0
S1030,Keystone Manufacturing,Consumer Goods,India,2024-01-31 21:00:00,0.0,3.5,7.8,1285,103164.53,80.27,72.2,4.1,96.1,87.4,0
S1031,Ironclad Manufacturing,Textiles,Japan,2024-01-31 07:00:00,9.37,6.53,22.0,849,302359.66,355.95,47.2,11.93,82.7,66.3,1
S1032,Vertex Manufacturing,Pharma,Poland,2024-01-31 20:00:00,1.91,1.93,18.7,144,54265.24,378.06,82.1,3.11,94.0,89.5,0
S1033,Blue Ridge Precision,Automotive,Mexico,2024-01-31 09:00:00,3.47,3.7,26.9,901,311863.48,346.12,70.7,1.48,91.3,84.4,0
S1034,Zenith Global,Textiles,Japan,2024-01-31 18:00:00,2.15,3.64,14.5,275,59387.86,216.33,74.5,3.18,97.2,87.8,0
S1035,Delta Works,Textiles,Vietnam,2024-01-31 17:00:00,5.13,1.86,17.7,1063,310540.22,292.02,88.3,4.55,91.1,88.5,0
S1036,Orion Components,Pharma,Vietnam,2024-01-31 09:00:00,1.62,3.41,17.2,888,154772.45,174.36,75.3,3.57,95.3,87.6,0
S1037,Nova Global,Pharma,India,2024-01-31 14:00:00,4.8,2.89,21.7,957,36442.99,38.09,80.8,2.76,93.8,87.7,0
S1038,Blue Ridge Works,Metals,Vietnam,2024-01-31 08:00:00,4.62,4.7,20.9,785,209961.01,267.41,60.5,6.46,83.4,75.6,1
S1039,Orion Works,Metals,China,2024-01-31 23:00:00,2.22,3.31,17.3,1521,221041.5,145.33,74.3,3.43,98.7,88.2,0
S1040,Harbor Components,Pharma,China,2024-01-31 15:00:00,5.75,2.85,21.0,1034,290864.27,281.4,70.8,4.77,89.5,81.4,0
S1041,Vertex Supplies,Consumer Goods,Poland,2024-01-31 10:00:00,3.1,2.01,14.4,1682,405212.59,240.93,85.5,2.13,97.7,91.8,0
S1042,Harbor Materials,Electronics,India,2024-01-31 08:00:00,6.28,2.02,20.6,354,33069.68,93.29,86.9,8.95,90.2,85.5,0
S1043,Blue Ridge Logistics,Pharma,Japan,2024-01-31 18:00:00,0.28,0.99,23.8,179,56790.72,318.07,94.3,2.59,96.6,95.7,0
S1044,Quantum Manufacturing,Machinery,Vietnam,2024-01-31 21:00:00,2.09,2.7,15.0,493,108079.55,219.43,81.5,12.64,91.9,84.9,0
S1045,Vertex Manufacturing,Chemicals,India,2024-01-31 21:00:00,1.74,3.69,24.2,174,15703.49,90.4,75.2,6.78,92.6,85.3,0
S1046,Quantum Materials,Textiles,Mexico,2024-01-31 06:00:00,2.71,1.54,16.5,1587,292590.23,184.4,90.1,2.7,96.3,92.9,0
S1047,Atlas Industries,Metals,USA,2024-01-31 07:00:00,13.54,1.79,12.2,738,56072.87,75.97,82.6,4.49,88.2,81.3,0
S1048,Helix Industries,Chemicals,Japan,2024-01-31 02:00:00,2.96,3.57,34.2,1021,78410.03,76.81,68.5,8.07,87.3,80.0,1
S1049,Atlas Works,Metals,Germany,2024-01-31 10:00:00,2.69,2.96,9.5,171,22762.47,132.81,79.5,0.95,94.1,89.1,0
S1050,Vertex Global,Metals,Japan,2024-01-31 14:00:00,4.91,5.12,7.7,983,324011.46,329.68,57.5,12.96,85.5,72.7,1
S1051,Zenith Industries,Consumer Goods,Germany,2024-01-31 08:00:00,2.44,1.76,26.2,1287,153305.12,119.16,88.3,1.73,96.2,92.7,0
S1052,Meridian Manufacturing,Automotive,Germany,2024-01-31 08:00:00,2.9,3.04,13.6,1015,143042.98,141.0,77.0,24.89,92.4,78.5,0
S1053,Harbor Systems,Machinery,India,2024-01-31 06:00:00,4.79,4.16,7.4,1147,137173.19,119.6,68.4,3.54,89.2,81.5,1
S1054,Harbor Manufacturing,Pharma,Mexico,2024-01-31 10:00:00,8.08,2.65,16.7,981,293303.8,298.84,81.9,2.28,95.9,87.3,0
S1055,Harbor Works,Chemicals,USA,2024-01-31 13:00:00,5.82,7.36,22.7,535,72782.77,136.07,42.6,12.55,83.5,66.5,1
S1056,Ironclad Supplies,Chemicals,Germany,2024-01-31 16:00:00,8.54,4.91,19.4,1187,308935.1,260.24,65.7,12.02,83.3,73.4,0
S1057,Atlas Components,Textiles,Japan,2024-01-31 05:00:00,1.55,3.33,4.3,756,160660.14,212.56,73.9,0.02,97.5,89.2,0
S1058,Meridian Supplies,Textiles,Poland,2024-01-31 12:00:00,1.56,0.58,17.5,151,10600.57,70.11,96.4,2.92,95.7,95.3,0
S1059,Quantum Systems,Pharma,Mexico,2024-01-31 07:00:00,2.25,2.62,21.7,551,49815.6,90.44,79.0,5.57,93.9,87.3,0
S1060,Blue Ridge Systems,Textiles,Vietnam,2024-01-31 14:00:00,1.25,1.5,17.1,890,199395.86,224.11,89.7,1.71,97.7,94.3,0
S1061,Zenith Manufacturing,Pharma,Germany,2024-01-31 17:00:00,2.36,3.44,7.5,360,51543.4,143.27,76.2,3.59,97.1,88.1,0
S1062,Meridian Systems,Consumer Goods,Vietnam,2024-01-31 19:00:00,4.47,2.63,16.6,977,453394.57,464.05,79.1,18.08,81.5,77.2,0
S1063,Delta Precision,Consumer Goods,Germany,2024-01-31 23:00:00,3.27,3.51,17.9,315,23477.05,74.6,72.3,2.42,92.8,85.2,0
S1064,Vertex Logistics,Chemicals,Japan,2024-01-31 05:00:00,2.02,0.4,14.1,734,224939.28,306.4,93.5,0.78,96.7,95.3,0
S1065,Zenith Logistics,Automotive,Vietnam,2024-01-31 03:00:00,0.16,1.23,22.3,869,221339.84,254.73,92.0,4.33,94.5,93.6,0
S1066,Vertex Materials,Electronics,Germany,2024-01-31 04:00:00,3.0,0.13,10.0,742,105485.15,142.11,96.4,3.0,95.9,94.7,0
S1067,Harbor Supplies,Textiles,Japan,2024-01-31 16:00:00,3.41,2.45,29.9,1386,98110.27,70.78,80.3,1.97,93.8,88.5,0
S1068,Vertex Supplies,Machinery,Poland,2024-01-31 21:00:00,2.82,1.65,27.7,644,110053.51,170.76,91.6,2.19,96.3,93.5,0
S1069,Keystone Industries,Electronics,India,2024-01-31 16:00:00,2.38,1.83,21.2,521,171796.72,329.68,86.1,2.22,96.9,92.0,0
S1070,Delta Logistics,Machinery,Vietnam,2024-01-31 04:00:00,3.15,0.15,23.9,357,114909.24,321.94,99.1,5.72,95.5,94.4,0
S1071,Pioneer Logistics,Textiles,Japan,2024-01-31 11:00:00,1.88,1.29,25.3,1017,42569.71,41.86,87.3,6.31,91.3,89.2,0
S1072,Delta Materials,Automotive,Poland,2024-01-31 11:00:00,7.78,1.37,20.0,1424,343518.69,241.32,85.6,-0.98,92.8,88.2,0
S1073,Orion Components,Pharma,Germany,2024-01-31 10:00:00,1.63,0.84,9.7,646,248698.21,385.17,90.2,3.72,89.2,90.6,0
S1074,Pioneer Precision,Electronics,Vietnam,2024-01-31 02:00:00,0.33,1.88,5.6,92,9171.1,99.54,87.9,5.98,97.2,92.4,0
S1075,Zenith Logistics,Consumer Goods,USA,2024-01-31 18:00:00,0.92,2.98,21.5,1143,257207.36,224.99,73.1,1.13,95.1,88.0,0
S1076,Harbor Materials,Consumer Goods,Japan,2024-01-31 07:00:00,6.11,7.47,7.4,1072,64960.5,60.58,42.0,3.38,80.2,68.4,1
S1077,Vertex Precision,Machinery,Poland,2024-01-31 00:00:00,0.44,3.91,16.8,404,54319.02,134.36,69.3,3.32,92.6,85.2,1
S1078,Quantum Precision,Metals,Poland,2024-01-31 19:00:00,1.98,1.7,29.4,214,44685.88,208.41,80.3,1.39,93.9,89.5,0
S1079,Apex Systems,Pharma,China,2024-01-31 06:00:00,15.51,4.76,10.2,533,37404.81,70.18,67.7,4.01,87.8,75.2,0
S1080,Zenith Precision,Chemicals,India,2024-01-31 21:00:00,3.19,1.92,22.0,858,334815.02,390.41,83.9,0.04,91.9,89.9,0
S1081,Keystone Components,Textiles,Japan,2024-01-31 16:00:00,2.68,3.26,9.2,251,67833.85,270.68,77.2,1.96,95.2,88.3,0
S1082,Keystone Manufacturing,Consumer Goods,Mexico,2024-01-31 00:00:00,3.31,3.93,17.4,1833,451644.87,246.43,65.1,0.91,88.8,81.9,0
S1083,Blue Ridge Components,Consumer Goods,USA,2024-01-31 09:00:00,3.9,0.98,23.9,1348,542568.11,402.65,89.7,4.53,96.2,91.4,0
S1084,Pioneer Precision,Machinery,Poland,2024-01-31 20:00:00,1.68,2.09,12.0,320,67843.7,211.87,83.4,0.11,94.1,91.2,0
S1085,Harbor Components,Machinery,USA,2024-01-31 16:00:00,0.04,0.8,20.9,502,91397.48,182.13,89.5,4.95,96.6,93.3,0
S1086,Keystone Global,Metals,Germany,2024-01-31 22:00:00,2.69,2.06,31.6,534,90019.43,168.56,81.6,3.74,92.8,88.3,0
S1087,Summit Components,Pharma,USA,2024-01-31 22:00:00,3.55,0.9,9.7,151,14606.49,96.61,90.1,5.42,94.4,90.8,0
S1088,Helix Precision,Chemicals,Japan,2024-01-31 19:00:00,0.0,2.63,22.1,735,131425.12,178.9,77.3,1.71,100.0,91.4,0
S1089,Helix Works,Textiles,USA,2024-01-31 18:00:00,4.28,2.23,14.2,1095,191349.35,174.78,79.8,2.42,97.4,89.0,0
S1090,Pioneer Supplies,Electronics,China,2024-01-31 08:00:00,2.18,4.18,17.5,523,156361.12,298.85,69.9,6.53,92.7,83.4,0
S1091,Zenith Components,Metals,China,2024-01-31 04:00:00,0.05,2.78,9.7,463,73157.07,157.87,81.7,3.7,96.7,91.0,0
S1092,Zenith Components,Textiles,USA,2024-01-31 07:00:00,3.51,0.86,29.9,467,125685.12,269.38,89.6,2.12,94.4,91.8,0
S1093,Atlas Works,Consumer Goods,China,2024-01-31 02:00:00,1.83,2.54,13.7,1012,237967.91,235.05,80.0,5.25,92.3,87.4,0
S1094,Summit Precision,Machinery,Japan,2024-01-31 09:00:00,4.11,3.54,28.5,989,31613.25,31.95,69.5,4.89,91.9,82.6,0
S1095,Vertex Global,Metals,India,2024-01-31 13:00:00,2.2,1.39,26.5,711,160698.39,225.88,87.0,1.03,99.1,93.7,0
S1096,Zenith Precision,Textiles,Japan,2024-01-31 23:00:00,0.31,1.94,16.6,1574,387189.52,246.0,83.4,4.1,98.6,92.0,0
S1097,Orion Works,Textiles,China,2024-01-31 16:00:00,1.76,1.56,27.7,358,42897.21,119.94,87.3,1.01,100.0,94.3,0
S1098,Blue Ridge Components,Machinery,Mexico,2024-01-31 08:00:00,6.47,3.88,27.8,172,21853.25,127.12,69.6,0.28,91.5,83.0,0
S1099,Quantum Global,Consumer Goods,Mexico,2024-01-31 07:00:00,0.55,3.12,19.2,261,104922.18,402.75,73.3,1.74,99.0,89.4,1
S1100,Helix Logistics,Electronics,Poland,2024-01-31 00:00:00,2.68,2.58,12.3,355,104368.9,293.85,76.2,2.36,82.6,83.4,0
S1101,Summit Logistics,Metals,Poland,2024-01-31 02:00:00,4.68,1.35,25.2,877,336980.22,384.12,91.7,4.53,92.8,90.5,0
S1102,Atlas Works,Consumer Goods,Germany,2024-01-31 09:00:00,1.82,3.29,17.9,1453,320255.51,220.41,73.2,3.71,93.6,86.1,0
S1103,Ironclad Industries,Automotive,Poland,2024-01-31 07:00:00,1.36,1.11,27.0,825,200155.53,242.65,89.6,0.08,96.2,94.3,0
S1104,Blue Ridge Materials,Textiles,Japan,2024-01-31 17:00:00,2.84,2.43,31.9,735,43949.59,59.76,78.8,6.14,90.6,85.6,1
S1105,Keystone Works,Electronics,Poland,2024-01-31 21:00:00,3.94,2.53,7.2,2362,696059.44,294.75,82.1,3.31,93.9,88.4,0
S1106,Quantum Materials,Chemicals,Poland,2024-01-31 22:00:00,2.82,1.7,22.3,971,195984.82,201.93,85.7,5.75,95.9,90.0,0
S1107,Delta Supplies,Consumer Goods,USA,2024-01-31 03:00:00,4.57,2.98,17.0,1951,488823.22,250.61,72.4,-0.04,83.1,82.1,0
S1108,Ironclad Industries,Automotive,Poland,2024-01-31 18:00:00,6.0,4.25,23.5,468,175015.48,374.35,70.2,7.21,93.7,81.7,1
S1109,Keystone Components,Metals,Mexico,2024-01-31 16:00:00,2.54,2.63,14.6,194,53067.55,272.89,78.5,2.59,98.0,89.5,0
S1110,Blue Ridge Works,Automotive,China,2024-01-31 13:00:00,4.5,2.2,7.9,1206,288679.0,239.41,80.8,8.5,87.1,83.3,0
S1111,Quantum Materials,Chemicals,China,2024-01-31 04:00:00,5.3,2.22,20.9,598,177682.53,297.0,80.1,5.98,89.8,84.6,0
S1112,Nova Supplies,Chemicals,Japan,2024-01-31 07:00:00,2.34,4.96,16.3,274,45533.78,166.27,57.7,4.41,82.8,76.3,1
S1113,Pioneer Industries,Machinery,Poland,2024-01-31 02:00:00,3.9,2.47,20.4,316,17891.61,56.54,77.5,4.31,94.7,86.7,0
S1114,Pioneer Industries,Machinery,Japan,2024-01-31 04:00:00,1.45,1.69,24.4,358,117001.37,326.53,83.9,8.63,97.5,89.5,0
S1115,Keystone Global,Textiles,Vietnam,2024-01-31 21:00:00,4.38,1.55,19.3,2080,563990.38,271.16,83.7,7.42,90.4,86.0,0
S1116,Harbor Works,Automotive,Germany,2024-01-31 19:00:00,4.44,3.99,19.6,956,80279.72,84.01,71.8,2.53,90.1,83.5,0
S1117,Orion Precision,Consumer Goods,Mexico,2024-01-31 03:00:00,2.26,3.01,22.3,924,77126.94,83.45,78.0,2.62,99.5,90.0,0
S1118,Pioneer Materials,Machinery,Japan,2024-01-31 19:00:00,2.15,1.53,12.0,436,93277.79,213.74,87.6,6.51,92.1,89.4,0
S1119,Zenith Manufacturing,Electronics,Japan,2024-01-31 04:00:00,0.84,1.81,26.7,1448,60264.95,41.63,86.0,-0.12,100.0,94.6,0
S1120,Zenith Systems,Pharma,Germany,2024-01-31 05:00:00,2.12,0.84,30.5,293,42246.59,144.25,97.6,3.49,98.8,96.4,0
S1001,Meridian Materials,Pharma,Poland,2024-02-03 23:00:00,5.44,2.34,16.2,96,35141.36,366.8,81.1,4.67,89.5,85.3,0
S1002,Keystone Manufacturing,Metals,China,2024-02-03 16:00:00,5.83,4.93,39.1,1124,402565.88,358.3,55.9,12.42,78.9,69.6,1
S1003,Delta Components,Electronics,Japan,2024-02-03 09:00:00,2.84,5.26,22.6,832,182529.69,219.3,64.4,4.66,95.2,82.7,0
S1004,Delta Components,Consumer Goods,Mexico,2024-02-03 15:00:00,0.0,1.61,30.1,851,183698.05,215.96,83.6,3.91,91.4,89.8,0
S1005,Quantum Precision,Pharma,USA,2024-02-03 00:00:00,3.3,1.61,17.3,169,26297.19,155.35,86.4,15.39,92.6,85.2,0
S1006,Delta Materials,Consumer Goods,Vietnam,2024-02-03 16:00:00,0.24,2.01,13.0,194,33215.6,171.57,86.5,3.49,92.4,91.2,0
S1007,Apex Materials,Consumer Goods,Germany,2024-02-03 08:00:00,9.66,4.73,30.0,344,82070.89,238.46,62.8,3.08,87.9,76.8,1
S1008,Meridian Materials,Consumer Goods,Japan,2024-02-03 08:00:00,2.4,3.12,18.6,767,20065.49,26.15,62.8,14.12,79.4,73.3,1
S1009,Keystone Logistics,Textiles,India,2024-02-03 08:00:00,2.59,4.54,26.5,555,106829.34,192.61,60.7,9.53,91.3,78.3,1
S1010,Harbor Systems,Consumer Goods,Mexico,2024-02-03 04:00:00,17.03,0.9,41.2,948,11043.62,11.65,81.6,16.19,71.8,69.1,1
S1011,Blue Ridge Materials,Chemicals,Mexico,2024-02-03 05:00:00,3.58,3.86,10.6,559,48051.02,85.99,72.6,0.2,92.5,85.9,0
S1012,Orion Manufacturing,Automotive,Poland,2024-02-03 10:00:00,2.28,4.5,18.4,883,188637.19,213.67,64.9,0.65,91.5,83.4,0
S1013,Keystone Global,Automotive,India,2024-02-03 00:00:00,1.72,2.27,29.3,1251,140359.94,112.2,80.9,5.46,92.3,87.7,0
S1014,Keystone Manufacturing,Electronics,India,2024-02-03 17:00:00,2.17,3.68,29.6,964,54216.39,56.23,75.6,8.01,93.3,85.0,0
S1015,Ironclad Supplies,Electronics,Vietnam,2024-02-03 19:00:00,2.11,0.6,7.4,1534,267873.44,174.57,94.6,3.1,96.5,94.7,1
S1016,Keystone Precision,Metals,Japan,2024-02-03 11:00:00,5.91,1.23,6.9,414,6826.56,16.5,90.1,3.62,91.2,89.2,0
S1017,Apex Industries,Automotive,Vietnam,2024-02-03 22:00:00,2.3,2.09,31.7,1102,255353.71,231.77,85.3,5.81,92.6,88.9,0
S1018,Vertex Precision,Chemicals,Poland,2024-02-03 23:00:00,3.85,0.2,14.9,341,47424.11,139.01,94.0,4.79,92.4,91.5,0
S1019,Summit Industries,Textiles,Mexico,2024-02-03 10:00:00,11.54,1.65,24.8,667,185299.65,278.01,81.7,7.59,81.3,78.4,0
S1020,Atlas Logistics,Automotive,Vietnam,2024-02-03 15:00:00,4.96,4.35,12.7,1218,23259.01,19.1,68.2,3.44,90.9,81.9,0
S1021,Harbor Supplies,Metals,Vietnam,2024-02-03 13:00:00,0.0,2.22,9.6,1211,345776.31,285.64,80.1,6.71,94.3,88.5,0
S1022,Vertex Logistics,Textiles,China,2024-02-03 03:00:00,1.29,4.44,25.7,170,22688.37,133.74,57.3,6.58,79.6,74.8,0
S1023,Keystone Global,Pharma,USA,2024-02-03 11:00:00,2.18,2.72,22.8,941,77968.07,82.86,81.6,1.85,96.5,90.6,0
S1024,Apex Works,Consumer Goods,Mexico,2024-02-03 10:00:00,4.57,1.52,7.3,1699,355657.1,209.31,87.5,-0.97,94.9,91.2,0
S1025,Helix Industries,Metals,Germany,2024-02-03 00:00:00,1.92,3.92,27.1,1054,439583.0,417.1,68.2,4.61,95.1,84.5,0
S1026,Blue Ridge Works,Consumer Goods,Mexico,2024-02-03 11:00:00,4.28,2.93,19.8,154,28365.52,184.54,74.1,6.95,88.6,82.2,0
S1027,Ironclad Logistics,Automotive,Mexico,2024-02-03 23:00:00,3.24,2.53,8.7,1227,392891.78,320.12,77.0,4.59,95.0,86.8,0
S1028,Zenith Components,Pharma,Poland,2024-02-03 00:00:00,0.17,1.94,29.0,1486,306035.67,205.88,74.3,12.54,83.1,80.3,0
S1029,Summit Supplies,Electronics,India,2024-02-03 04:00:00,1.13,1.75,26.5,129,26619.87,206.67,77.9,10.9,92.1,84.9,0
S1030,Keystone Manufacturing,Consumer Goods,India,2024-02-03 17:00:00,0.1,1.97,7.7,848,69321.69,81.77,87.0,6.05,94.7,91.3,0
S1031,Ironclad Manufacturing,Textiles,Japan,2024-02-03 10:00:00,6.51,4.03,23.2,1552,537416.41,346.2,64.5,8.87,77.2,73.0,1
S1032,Vertex Manufacturing,Pharma,Poland,2024-02-03 07:00:00,1.15,2.08,18.7,143,54516.23,381.92,81.2,4.16,94.2,89.3,0
S1033,Blue Ridge Precision,Automotive,Mexico,2024-02-03 22:00:00,4.02,3.41,24.3,615,227977.93,370.47,72.0,8.62,96.7,83.8,0
S1034,Zenith Global,Textiles,Japan,2024-02-03 14:00:00,3.1,4.01,11.0,118,25400.69,215.17,71.2,2.62,97.1,86.3,0
S1035,Delta Works,Textiles,Vietnam,2024-02-03 19:00:00,4.34,2.51,18.9,1252,366571.47,292.84,81.7,4.84,96.3,88.3,0
S1036,Orion Components,Pharma,Vietnam,2024-02-03 11:00:00,0.0,3.98,18.2,792,147948.45,186.88,70.0,11.0,95.4,83.7,0
S1037,Nova Global,Pharma,India,2024-02-03 23:00:00,2.28,2.6,21.4,1363,52198.38,38.3,80.1,3.32,95.5,89.1,0
S1038,Blue Ridge Works,Metals,Vietnam,2024-02-03 00:00:00,3.49,5.11,23.3,1036,289812.36,279.73,58.2,11.36,88.7,75.4,1
S1039,Orion Works,Metals,China,2024-02-03 05:00:00,8.23,3.34,19.7,1340,194185.5,144.93,75.1,3.14,90.8,82.8,0
S1040,Harbor Components,Pharma,China,2024-02-03 12:00:00,5.15,2.87,18.7,934,262963.92,281.7,78.6,4.88,94.8,86.3,0
S1041,Vertex Supplies,Consumer Goods,Poland,2024-02-03 14:00:00,7.57,1.74,16.6,1322,328589.8,248.59,85.2,5.37,96.1,87.7,0
S1042,Harbor Materials,Electronics,India,2024-02-03 14:00:00,6.11,1.36,20.4,846,78247.35,92.5,84.8,8.03,93.1,86.2,0
S1043,Blue Ridge Logistics,Pharma,Japan,2024-02-03 22:00:00,0.0,0.86,24.2,223,71820.94,322.02,93.7,3.86,96.0,94.9,0
S1044,Quantum Manufacturing,Machinery,Vietnam,2024-02-03 03:00:00,0.55,2.04,14.7,760,149389.05,196.48,85.7,0.86,98.5,93.9,0
S1045,Vertex Manufacturing,Chemicals,India,2024-02-03 08:00:00,3.04,2.38,22.3,282,24045.13,85.38,79.2,0.84,94.2,88.9,0
S1046,Quantum Materials,Textiles,Mexico,2024-02-03 02:00:00,4.1,2.35,12.7,720,128957.47,179.18,84.5,-0.21,93.7,90.2,0
S1047,Atlas Industries,Metals,USA,2024-02-03 01:00:00,8.01,0.94,12.1,680,56279.74,82.82,82.4,13.92,83.1,78.7,0
S1048,Helix Industries,Chemicals,Japan,2024-02-03 02:00:00,6.21,2.31,33.7,1516,123921.05,81.72,76.2,14.97,83.0,77.0,0
S1049,Atlas Works,Metals,Germany,2024-02-03 08:00:00,3.1,3.06,8.2,117,15729.34,134.92,79.9,2.55,99.8,90.4,0
S1050,Vertex Global,Metals,Japan,2024-02-03 16:00:00,0.42,3.79,7.3,811,263302.86,324.54,65.6,11.2,84.2,78.0,0
S1051,Zenith Industries,Consumer Goods,Germany,2024-02-03 02:00:00,0.38,1.35,28.2,902,109315.95,121.13,87.9,3.41,98.5,93.8,0
S1052,Meridian Manufacturing,Automotive,Germany,2024-02-03 18:00:00,1.64,2.27,11.7,1503,175980.76,117.08,81.8,3.71,94.5,89.5,0
S1053,Harbor Systems,Machinery,India,2024-02-03 22:00:00,2.0,3.65,9.4,1307,160937.48,123.09,68.7,6.56,93.4,83.3,0
S1054,Harbor Manufacturing,Pharma,Mexico,2024-02-03 22:00:00,2.04,3.2,14.7,1233,373222.54,302.81,75.4,3.64,96.7,87.9,0
S1055,Harbor Works,Chemicals,USA,2024-02-03 02:00:00,5.14,5.98,22.3,437,55346.46,126.64,54.8,4.75,82.1,73.6,0
S1056,Ironclad Supplies,Chemicals,Germany,2024-02-03 01:00:00,7.05,6.49,15.2,880,220590.37,250.58,50.3,7.86,83.5,70.4,1
S1057,Atlas Components,Textiles,Japan,2024-02-03 00:00:00,4.36,3.04,8.1,515,112155.85,217.75,78.4,2.46,95.0,87.6,0
S1058,Meridian Supplies,Textiles,Poland,2024-02-03 18:00:00,4.85,0.54,15.2,148,10574.49,71.56,91.0,5.05,93.3,90.2,0
S1059,Quantum Systems,Pharma,Mexico,2024-02-03 06:00:00,3.82,3.13,19.1,1057,95157.1,89.99,77.9,5.04,96.1,87.1,0
S1060,Blue Ridge Systems,Textiles,Vietnam,2024-02-03 11:00:00,0.94,0.99,15.8,1204,278079.19,231.05,91.0,4.86,95.7,93.1,0
S1061,Zenith Manufacturing,Pharma,Germany,2024-02-03 13:00:00,2.58,3.17,8.3,282,38972.56,138.41,76.8,0.07,96.1,89.2,0
S1062,Meridian Systems,Consumer Goods,Vietnam,2024-02-03 20:00:00,3.42,1.99,18.3,578,253340.95,438.23,78.0,11.52,84.7,80.9,1
S1063,Delta Precision,Consumer Goods,Germany,2024-02-03 10:00:00,1.61,3.13,20.2,284,21326.38,75.1,78.0,3.11,94.1,88.3,0
S1064,Vertex Logistics,Chemicals,Japan,2024-02-03 14:00:00,1.23,0.54,13.0,706,227431.06,322.23,94.4,5.99,95.0,93.4,0
S1065,Zenith Logistics,Automotive,Vietnam,2024-02-03 18:00:00,2.41,0.51,12.8,1847,468516.47,253.64,92.1,3.88,97.8,93.8,0
S1066,Vertex Materials,Electronics,Germany,2024-02-03 08:00:00,4.82,1.62,8.8,1493,209278.66,140.2,90.0,1.62,95.0,91.7,0
S1067,Harbor Supplies,Textiles,Japan,2024-02-03 00:00:00,2.43,2.29,29.8,1168,84648.95,72.46,80.6,4.38,93.1,87.9,0
S1068,Vertex Supplies,Machinery,Poland,2024-02-03 01:00:00,3.32,1.99,29.2,635,109418.49,172.38,86.5,3.16,94.6,90.5,0
S1069,Keystone Industries,Electronics,India,2024-02-03 20:00:00,3.63,2.01,24.8,613,205406.29,335.1,83.9,3.9,95.1,89.4,0
S1070,Delta Logistics,Machinery,Vietnam,2024-02-03 05:00:00,2.76,0.95,24.2,312,103890.16,333.4,89.9,9.48,91.3,88.5,0
S1071,Pioneer Logistics,Textiles,Japan,2024-02-03 08:00:00,8.5,1.34,25.6,1292,52441.79,40.58,87.3,3.06,91.5,87.2,0
S1072,Delta Materials,Automotive,Poland,2024-02-03 21:00:00,3.17,1.14,21.4,1080,276996.02,256.51,91.4,5.25,94.5,91.5,0
S1073,Orion Components,Pharma,Germany,2024-02-03 06:00:00,3.93,1.08,8.3,690,255933.93,370.68,94.6,-0.18,88.7,92.1,0
S1074,Pioneer Precision,Electronics,Vietnam,2024-02-03 13:00:00,1.65,1.49,7.4,120,11525.47,96.23,89.7,2.46,96.4,93.4,0
S1075,Zenith Logistics,Consumer Goods,USA,2024-02-03 20:00:00,0.89,4.07,26.1,845,189244.6,224.06,73.9,0.71,97.8,89.4,0
S1076,Harbor Materials,Consumer Goods,Japan,2024-02-03 04:00:00,0.0,7.28,11.3,681,43574.11,63.94,39.9,9.11,88.7,71.6,1
S1077,Vertex Precision,Machinery,Poland,2024-02-03 12:00:00,0.91,3.96,15.5,843,112346.07,133.21,69.8,2.43,95.2,86.4,0
S1078,Quantum Precision,Metals,Poland,2024-02-03 02:00:00,3.02,2.23,30.6,153,32903.14,215.38,81.0,4.78,91.4,87.0,0
S1079,Apex Systems,Pharma,China,2024-02-03 18:00:00,3.09,4.26,10.1,544,38098.73,70.02,67.2,3.77,89.8,82.0,0
S1080,Zenith Precision,Chemicals,India,2024-02-03 21:00:00,3.21,1.43,20.5,783,321525.28,410.51,88.5,5.19,92.9,89.9,0
S1081,Keystone Components,Textiles,Japan,2024-02-03 23:00:00,0.85,1.85,13.3,203,55794.41,275.27,89.3,3.69,91.8,91.6,0
S1082,Keystone Manufacturing,Consumer Goods,Mexico,2024-02-03 01:00:00,0.85,3.85,17.7,1798,458882.68,255.26,65.4,4.52,88.0,81.6,1
S1083,Blue Ridge Components,Consumer Goods,USA,2024-02-03 17:00:00,4.17,0.81,22.1,1868,730798.46,391.29,90.7,1.58,94.5,92.2,0
S1084,Pioneer Precision,Machinery,Poland,2024-02-03 14:00:00,2.79,2.22,13.4,379,79818.21,210.76,82.1,-0.41,97.2,91.2,0
S1085,Harbor Components,Machinery,USA,2024-02-03 08:00:00,2.28,1.46,20.4,1438,254092.36,176.65,88.3,1.79,90.7,90.8,0
S1086,Keystone Global,Metals,Germany,2024-02-03 17:00:00,3.65,2.33,28.0,828,135749.91,163.99,84.6,0.93,92.5,89.8,0
S1087,Summit Components,Pharma,USA,2024-02-03 01:00:00,5.03,0.12,8.9,262,24578.93,93.79,100.0,2.35,92.2,93.9,0
S1088,Helix Precision,Chemicals,Japan,2024-02-03 01:00:00,0.0,2.61,22.5,1080,198300.63,183.53,76.4,4.34,94.3,88.1,0
S1089,Helix Works,Textiles,USA,2024-02-03 23:00:00,3.68,1.98,15.4,1484,261543.21,176.24,85.3,3.28,95.8,90.3,0
S1090,Pioneer Supplies,Electronics,China,2024-02-03 08:00:00,4.4,4.13,17.2,448,135275.33,302.02,67.4,7.65,93.9,81.4,0
S1091,Zenith Components,Metals,China,2024-02-03 10:00:00,1.18,3.39,11.6,463,72583.4,156.78,70.4,2.99,93.8,85.7,0
S1092,Zenith Components,Textiles,USA,2024-02-03 07:00:00,6.11,0.22,26.6,647,179486.68,277.44,99.6,5.18,94.4,92.9,0
S1093,Atlas Works,Consumer Goods,China,2024-02-03 18:00:00,0.73,3.23,12.9,1166,273882.67,234.88,74.5,5.17,96.5,87.5,0
S1094,Summit Precision,Machinery,Japan,2024-02-03 10:00:00,5.7,3.29,28.2,731,22623.46,30.95,77.3,1.61,92.9,86.1,1
S1095,Vertex Global,Metals,India,2024-02-03 04:00:00,0.0,1.5,26.6,727,163210.92,224.49,87.8,0.42,97.6,94.7,0
S1096,Zenith Precision,Textiles,Japan,2024-02-03 12:00:00,0.0,2.0,14.8,828,199045.52,240.52,87.9,1.78,96.2,93.8,0
S1097,Orion Works,Textiles,China,2024-02-03 14:00:00,2.7,1.67,28.5,236,28180.76,119.6,85.7,0.73,98.4,92.8,0
S1098,Blue Ridge Components,Machinery,Mexico,2024-02-03 14:00:00,1.47,3.71,28.6,235,31134.12,132.37,73.1,4.42,97.5,87.3,0
S1099,Quantum Global,Consumer Goods,Mexico,2024-02-03 10:00:00,0.0,1.74,20.8,168,68954.1,411.11,81.7,3.85,96.8,91.0,0
S1100,Helix Logistics,Electronics,Poland,2024-02-03 13:00:00,0.95,1.54,8.1,336,105422.46,313.31,85.5,9.14,87.3,86.6,1
S1101,Summit Logistics,Metals,Poland,2024-02-03 08:00:00,3.17,1.28,26.6,1915,707666.58,369.47,87.8,0.54,91.4,90.9,0
S1102,Atlas Works,Consumer Goods,Germany,2024-02-03 10:00:00,0.97,4.14,18.2,1435,313554.82,218.49,73.4,2.81,95.6,87.6,1
S1103,Ironclad Industries,Automotive,Poland,2024-02-03 00:00:00,1.27,0.0,28.7,1222,303754.4,248.58,100.0,2.52,100.0,98.4,0
S1104,Blue Ridge Materials,Textiles,Japan,2024-02-03 14:00:00,2.98,1.43,31.3,1005,61663.2,61.34,88.8,8.95,88.9,87.3,0
S1105,Keystone Works,Electronics,Poland,2024-02-03 15:00:00,2.28,1.99,10.9,1383,391070.68,282.76,82.3,-0.89,93.7,90.1,0
S1106,Quantum Materials,Chemicals,Poland,2024-02-03 16:00:00,3.33,1.98,24.7,992,205477.89,207.16,84.0,8.48,98.9,89.2,0
S1107,Delta Supplies,Consumer Goods,USA,2024-02-03 00:00:00,3.86,3.54,13.6,2038,538833.12,264.41,74.8,5.47,91.8,84.4,1
S1108,Ironclad Industries,Automotive,Poland,2024-02-03 12:00:00,3.09,3.3,24.1,373,150091.16,402.89,72.2,15.39,92.5,80.3,1
S1109,Keystone Components,Metals,Mexico,2024-02-03 02:00:00,2.98,2.89,14.5,163,43199.72,264.79,77.1,-0.45,94.3,88.3,1
S1110,Blue Ridge Works,Automotive,China,2024-02-03 09:00:00,3.7,2.33,10.6,600,140207.54,233.68,81.3,5.91,91.5,86.4,0
S1111,Quantum Materials,Chemicals,China,2024-02-03 16:00:00,1.88,1.83,19.8,852,252776.8,296.79,87.7,5.91,91.4,89.5,0
S1112,Nova Supplies,Chemicals,Japan,2024-02-03 03:00:00,4.1,5.46,16.0,149,27101.58,181.72,50.5,14.12,79.2,68.1,1
S1113,Pioneer Industries,Machinery,Poland,2024-02-03 14:00:00,2.14,1.56,20.0,698,39287.76,56.28,87.9,3.82,98.7,92.8,0
S1114,Pioneer Industries,Machinery,Japan,2024-02-03 17:00:00,2.82,1.96,28.3,209,64439.16,308.01,87.6,2.47,92.8,90.8,0
S1115,Keystone Global,Textiles,Vietnam,2024-02-03 16:00:00,3.05,1.63,13.5,976,260919.5,267.3,87.8,5.89,88.7,88.0,0
S1116,Harbor Works,Automotive,Germany,2024-02-03 05:00:00,1.92,3.76,17.3,707,59140.8,83.66,68.1,2.11,92.1,84.3,0
S1117,Orion Precision,Consumer Goods,Mexico,2024-02-03 11:00:00,3.63,3.24,19.9,1453,122762.42,84.47,81.1,3.87,93.1,87.7,0
S1118,Pioneer Materials,Machinery,Japan,2024-02-03 13:00:00,2.87,2.67,12.5,482,100818.54,209.23,79.4,4.26,93.0,87.3,0
S1119,Zenith Manufacturing,Electronics,Japan,2024-02-03 05:00:00,1.48,1.15,27.5,1290,53935.53,41.8,92.5,0.29,97.4,95.6,0
S1120,Zenith Systems,Pharma,Germany,2024-02-03 12:00:00,2.01,0.99,32.1,372,54096.99,145.35,91.3,4.28,91.8,91.5,0
S1001,Meridian Materials,Pharma,Poland,2024-02-06 13:00:00,3.56,2.43,15.2,85,30619.79,362.18,77.3,3.35,89.5,85.3,0
S1002,Keystone Manufacturing,Metals,China,2024-02-06 17:00:00,7.13,4.89,40.1,749,265687.73,354.55,56.6,11.24,78.4,69.5,0
S1003,Delta Components,Electronics,Japan,2024-02-06 21:00:00,3.69,4.48,26.7,529,112895.15,213.53,66.1,1.91,91.0,82.4,0
S1004,Delta Components,Consumer Goods,Mexico,2024-02-06 05:00:00,1.73,1.27,28.4,1622,349878.58,215.71,87.4,3.79,94.1,91.2,0
S1005,Quantum Precision,Pharma,USA,2024-02-06 16:00:00,2.26,1.78,16.1,185,25055.3,135.21,79.9,0.43,91.4,88.6,0
S1006,Delta Materials,Consumer Goods,Vietnam,2024-02-06 20:00:00,1.54,1.65,12.9,239,41691.36,174.47,87.1,5.24,93.3,90.4,0
S1007,Apex Materials,Consumer Goods,Germany,2024-02-06 11:00:00,6.3,4.16,31.3,214,53242.52,248.86,68.5,7.58,91.5,80.0,0
S1008,Meridian Materials,Consumer Goods,Japan,2024-02-06 09:00:00,3.01,4.52,20.4,2002,54159.71,27.06,57.4,18.06,74.6,67.9,1
S1009,Keystone Logistics,Textiles,India,2024-02-06 20:00:00,2.09,6.52,25.7,627,117898.05,188.18,53.2,7.0,90.9,76.8,0
S1010,Harbor Systems,Consumer Goods,Mexico,2024-02-06 16:00:00,15.74,2.13,39.7,728,8043.7,11.05,77.1,10.21,69.2,69.5,1
S1011,Blue Ridge Materials,Chemicals,Mexico,2024-02-06 01:00:00,19.97,3.48,12.1,535,48176.96,90.09,71.8,4.97,83.0,72.3,1
S1012,Orion Manufacturing,Automotive,Poland,2024-02-06 09:00:00,6.2,4.96,21.7,1821,397902.92,218.47,62.6,2.91,90.4,79.4,0
S1013,Keystone Global,Automotive,India,2024-02-06 14:00:00,3.31,2.73,30.7,995,112144.0,112.75,75.8,5.98,94.7,85.8,0
S1014,Keystone Manufacturing,Electronics,India,2024-02-06 13:00:00,3.07,4.32,30.2,875,47872.32,54.72,66.6,5.1,90.9,81.7,0
S1015,Ironclad Supplies,Electronics,Vietnam,2024-02-06 10:00:00,3.63,1.57,8.0,1805,310374.02,171.99,84.6,1.58,93.9,90.1,0
S1016,Keystone Precision,Metals,Japan,2024-02-06 04:00:00,3.7,0.0,8.2,418,6943.4,16.59,96.4,4.19,96.6,94.1,0
S1017,Apex Industries,Automotive,Vietnam,2024-02-06 04:00:00,0.73,1.22,30.6,807,187032.05,231.9,89.9,5.86,91.9,91.1,0
S1018,Vertex Precision,Chemicals,Poland,2024-02-06 07:00:00,4.95,0.16,15.9,206,28425.6,137.99,93.3,4.02,90.8,90.5,0
S1019,Summit Industries,Textiles,Mexico,2024-02-06 17:00:00,7.38,1.26,24.5,737,204726.04,277.93,87.3,7.56,82.0,82.8,0
S1020,Atlas Logistics,Automotive,Vietnam,2024-02-06 05:00:00,5.34,4.08,10.0,1253,24110.32,19.24,69.7,4.16,90.3,81.8,1
S1021,Harbor Supplies,Metals,Vietnam,2024-02-06 02:00:00,1.67,1.81,8.6,1614,423297.56,262.29,82.8,-2.01,91.0,89.3,0
S1022,Vertex Logistics,Textiles,China,2024-02-06 01:00:00,1.53,4.77,29.3,127,18435.25,144.67,52.1,15.3,80.9,70.0,1
S1023,Keystone Global,Pharma,USA,2024-02-06 23:00:00,4.28,3.42,24.1,749,62905.93,83.93,70.7,3.16,94.9,84.6,0
S1024,Apex Works,Consumer Goods,Mexico,2024-02-06 17:00:00,4.98,2.54,9.8,1166,254817.73,218.6,80.3,3.43,93.0,86.9,0
S1025,Helix Industries,Metals,Germany,2024-02-06 02:00:00,4.85,4.19,26.0,1449,617875.32,426.28,63.8,6.91,88.9,78.4,0
S1026,Blue Ridge Works,Consumer Goods,Mexico,2024-02-06 17:00:00,6.99,2.27,15.4,102,18527.56,182.0,78.1,5.48,90.2,83.3,0
S1027,Ironclad Logistics,Automotive,Mexico,2024-02-06 08:00:00,5.64,1.97,8.4,1191,378224.68,317.59,83.9,3.76,94.1,88.1,0
S1028,Zenith Components,Pharma,Poland,2024-02-06 15:00:00,0.0,3.4,30.2,751,155324.71,206.77,67.2,13.02,80.5,76.8,1
S1029,Summit Supplies,Electronics,India,2024-02-06 06:00:00,5.7,1.71,26.9,196,39610.63,202.27,81.2,8.53,86.1,82.5,0
S1030,Keystone Manufacturing,Consumer Goods,India,2024-02-06 10:00:00,0.0,3.0,9.8,1311,114247.63,87.12,81.0,12.98,92.9,86.0,0
S1031,Ironclad Manufacturing,Textiles,Japan,2024-02-06 14:00:00,3.68,4.98,24.0,1482,557405.91,376.2,54.3,18.3,81.2,68.7,0
S1032,Vertex Manufacturing,Pharma,Poland,2024-02-06 19:00:00,2.41,3.07,18.4,187,73282.46,390.88,77.7,6.6,93.8,86.3,0
S1033,Blue Ridge Precision,Automotive,Mexico,2024-02-06 09:00:00,5.41,3.98,27.1,1235,433191.01,350.62,71.4,2.8,92.4,83.6,0
S1034,Zenith Global,Textiles,Japan,2024-02-06 04:00:00,3.34,4.93,8.9,184,39440.58,214.84,62.0,2.46,96.3,82.8,0
S1035,Delta Works,Textiles,Vietnam,2024-02-06 12:00:00,2.79,2.1,17.5,1318,380695.32,288.78,82.5,3.39,94.9,89.4,0
S1036,Orion Components,Pharma,Vietnam,2024-02-06 01:00:00,1.9,3.48,17.8,1433,252319.34,176.02,74.2,4.56,93.2,85.9,0
S1037,Nova Global,Pharma,India,2024-02-06 16:00:00,2.18,2.83,19.9,967,35571.16,36.8,76.9,-0.72,95.7,89.0,0
S1038,Blue Ridge Works,Metals,Vietnam,2024-02-06 14:00:00,4.84,6.53,18.7,902,241115.73,267.33,45.8,6.43,84.7,70.9,1
S1039,Orion Works,Metals,China,2024-02-06 07:00:00,1.83,2.79,19.8,1470,212997.75,144.86,78.7,3.1,97.8,89.7,0
S1040,Harbor Components,Pharma,China,2024-02-06 19:00:00,1.55,2.87,22.5,929,291889.62,314.34,80.0,17.04,94.4,83.9,0
S1041,Vertex Supplies,Consumer Goods,Poland,2024-02-06 08:00:00,3.6,3.23,16.6,1291,316652.61,245.34,75.2,3.99,93.6,85.8,0
S1042,Harbor Materials,Electronics,India,2024-02-06 11:00:00,6.44,2.19,18.8,482,43428.05,90.01,83.6,5.12,90.5,85.8,0
S1043,Blue Ridge Logistics,Pharma,Japan,2024-02-06 21:00:00,3.25,1.99,24.5,142,46988.15,331.88,83.2,7.04,94.7,88.0,0
S1044,Quantum Manufacturing,Machinery,Vietnam,2024-02-06 07:00:00,1.33,2.75,12.0,907,180528.17,199.08,78.0,2.2,95.2,89.1,0
S1045,Vertex Manufacturing,Chemicals,India,2024-02-06 12:00:00,2.18,2.61,22.5,191,17044.74,89.21,78.5,5.37,92.4,86.7,0
S1046,Quantum Materials,Textiles,Mexico,2024-02-06 19:00:00,3.78,1.96,10.2,658,120855.52,183.69,87.9,2.31,98.6,92.5,0
S1047,Atlas Industries,Metals,USA,2024-02-06 03:00:00,6.62,0.64,13.0,587,46436.57,79.06,93.6,8.75,85.9,86.2,0
S1048,Helix Industries,Chemicals,Japan,2024-02-06 06:00:00,6.36,2.16,31.9,1195,97944.45,81.97,77.6,15.33,80.6,76.4,0
S1049,Atlas Works,Metals,Germany,2024-02-06 13:00:00,4.3,2.66,7.7,119,16045.95,134.43,81.5,2.18,100.0,90.6,0
S1050,Vertex Global,Metals,Japan,2024-02-06 12:00:00,5.59,3.62,8.0,746,230631.31,308.95,66.3,5.86,83.8,77.6,0
S1051,Zenith Industries,Consumer Goods,Germany,2024-02-06 15:00:00,2.73,1.91,31.7,1702,200473.29,117.78,92.6,0.54,96.5,94.6,0
S1052,Meridian Manufacturing,Automotive,Germany,2024-02-06 06:00:00,2.2,3.13,11.8,1522,177176.12,116.42,77.5,3.12,95.6,88.3,0
S1053,Harbor Systems,Machinery,India,2024-02-06 04:00:00,3.33,3.88,10.0,1355,162769.55,120.15,70.9,4.02,90.5,83.3,0
S1054,Harbor Manufacturing,Pharma,Mexico,2024-02-06 13:00:00,2.72,2.53,16.0,929,282118.91,303.71,79.9,3.95,98.5,89.6,0
S1055,Harbor Works,Chemicals,USA,2024-02-06 14:00:00,2.5,4.0,20.4,429,53386.38,124.56,65.7,3.03,83.5,79.8,1
S1056,Ironclad Supplies,Chemicals,Germany,2024-02-06 21:00:00,3.15,6.62,17.2,701,187170.19,266.96,44.2,14.91,83.2,67.4,1
S1057,Atlas Components,Textiles,Japan,2024-02-06 17:00:00,4.52,2.97,7.9,610,134044.22,219.67,75.0,3.37,96.2,86.4,0
S1058,Meridian Supplies,Textiles,Poland,2024-02-06 23:00:00,1.38,0.74,16.2,290,20518.48,70.77,97.1,3.89,96.3,95.6,0
S1059,Quantum Systems,Pharma,Mexico,2024-02-06 04:00:00,3.87,3.42,21.0,714,60991.95,85.44,74.8,-0.27,94.0,87.0,0
S1060,Blue Ridge Systems,Textiles,Vietnam,2024-02-06 03:00:00,2.38,1.73,16.0,1063,248270.8,233.51,87.6,5.97,95.1,90.5,0
S1061,Zenith Manufacturing,Pharma,Germany,2024-02-06 02:00:00,3.84,3.3,5.6,342,48586.86,142.06,77.8,2.71,97.2,88.3,0
S1062,Meridian Systems,Consumer Goods,Vietnam,2024-02-06 22:00:00,5.88,2.18,20.5,1436,597810.95,416.28,77.1,5.93,88.6,82.8,0
S1063,Delta Precision,Consumer Goods,Germany,2024-02-06 06:00:00,1.75,3.52,19.4,274,20847.7,76.04,72.7,4.4,97.3,87.0,0
S1064,Vertex Logistics,Chemicals,Japan,2024-02-06 14:00:00,0.53,0.49,15.8,348,107076.09,307.73,91.8,1.22,97.0,95.3,0
S1065,Zenith Logistics,Automotive,Vietnam,2024-02-06 09:00:00,2.42,0.49,18.3,1189,306807.03,258.11,92.7,5.71,96.0,92.7,0
S1066,Vertex Materials,Electronics,Germany,2024-02-06 21:00:00,5.23,0.05,9.6,1779,260603.58,146.53,97.5,6.2,94.3,92.2,0
S1067,Harbor Supplies,Textiles,Japan,2024-02-06 11:00:00,3.59,3.1,29.7,1632,115460.29,70.74,74.3,1.91,94.5,86.5,0
S1068,Vertex Supplies,Machinery,Poland,2024-02-06 17:00:00,5.45,1.74,26.8,632,107994.09,170.83,86.6,2.23,92.5,89.1,0
S1069,Keystone Industries,Electronics,India,2024-02-06 04:00:00,3.0,3.05,22.9,301,103168.65,342.42,76.4,6.17,94.0,85.8,0
S1070,Delta Logistics,Machinery,Vietnam,2024-02-06 12:00:00,2.75,1.5,24.5,456,146033.23,320.52,86.3,5.25,94.2,89.8,0
S1071,Pioneer Logistics,Textiles,Japan,2024-02-06 10:00:00,2.0,0.0,27.3,1274,50446.41,39.58,98.8,0.54,95.4,96.8,0
S1072,Delta Materials,Automotive,Poland,2024-02-06 13:00:00,4.7,0.87,21.6,830,212179.01,255.74,87.6,4.93,94.3,89.5,0
S1073,Orion Components,Pharma,Germany,2024-02-06 21:00:00,4.67,1.17,6.5,1015,408817.8,402.76,88.7,8.46,93.2,88.2,0
S1074,Pioneer Precision,Electronics,Vietnam,2024-02-06 00:00:00,1.06,1.62,8.1,118,11675.01,98.76,87.3,5.15,94.3,91.1,0
S1075,Zenith Logistics,Consumer Goods,USA,2024-02-06 22:00:00,3.36,2.99,22.7,762,183064.36,240.15,77.6,7.95,93.6,85.3,0
S1076,Harbor Materials,Consumer Goods,Japan,2024-02-06 18:00:00,1.67,6.98,10.7,1242,82152.44,66.15,47.7,12.89,83.5,70.3,1
S1077,Vertex Precision,Machinery,Poland,2024-02-06 08:00:00,1.67,4.26,17.7,886,118081.89,133.33,66.7,2.52,91.8,83.7,0
S1078,Quantum Precision,Metals,Poland,2024-02-06 03:00:00,2.53,1.5,31.7,312,66914.73,214.38,84.6,4.29,96.5,90.5,0
S1079,Apex Systems,Pharma,China,2024-02-06 12:00:00,3.24,4.21,9.8,708,49051.7,69.31,66.0,2.71,92.9,83.0,0
S1080,Zenith Precision,Chemicals,India,2024-02-06 01:00:00,2.13,0.82,17.1,814,349651.09,429.8,93.6,10.13,91.7,90.0,0
S1081,Keystone Components,Textiles,Japan,2024-02-06 07:00:00,2.02,2.22,15.5,384,104159.68,271.59,84.2,2.31,92.6,90.0,0
S1082,Keystone Manufacturing,Consumer Goods,Mexico,2024-02-06 21:00:00,1.55,4.32,16.1,962,260508.65,270.86,65.2,10.91,83.8,77.3,1
S1083,Blue Ridge Components,Consumer Goods,USA,2024-02-06 18:00:00,2.95,0.11,22.8,1517,620227.69,408.85,95.4,6.14,93.9,92.5,0
S1084,Pioneer Precision,Machinery,Poland,2024-02-06 22:00:00,4.01,1.77,10.3,339,71914.39,211.89,83.7,0.12,96.7,91.1,0
S1085,Harbor Components,Machinery,USA,2024-02-06 04:00:00,5.74,1.23,18.5,665,119688.45,179.95,87.2,3.69,94.2,89.2,0
S1086,Keystone Global,Metals,Germany,2024-02-06 21:00:00,3.86,0.87,28.1,950,159320.68,167.71,91.5,3.22,95.2,92.2,0
S1087,Summit Components,Pharma,USA,2024-02-06 07:00:00,2.75,0.58,11.9,145,13573.37,93.66,93.3,2.2,96.7,94.3,0
S1088,Helix Precision,Chemicals,Japan,2024-02-06 18:00:00,0.0,1.99,20.6,1185,217226.11,183.38,81.6,4.26,95.9,90.5,0
S1089,Helix Works,Textiles,USA,2024-02-06 13:00:00,3.33,3.02,15.5,1767,316989.94,179.41,76.2,5.13,91.8,85.2,0
S1090,Pioneer Supplies,Electronics,China,2024-02-06 17:00:00,1.8,4.65,14.5,642,193021.92,300.72,62.3,7.19,91.9,80.4,0
S1091,Zenith Components,Metals,China,2024-02-06 00:00:00,0.6,2.38,13.0,483,76214.95,157.87,85.4,3.7,96.9,92.1,0
S1092,Zenith Components,Textiles,USA,2024-02-06 22:00:00,3.86,1.53,31.4,346,94900.99,274.21,86.5,3.95,89.2,88.1,0
S1093,Atlas Works,Consumer Goods,China,2024-02-06 22:00:00,1.65,2.24,14.6,548,127291.11,232.17,85.6,3.96,93.0,90.2,0
S1094,Summit Precision,Machinery,Japan,2024-02-06 09:00:00,3.05,4.89,27.0,963,31543.99,32.75,58.2,7.53,93.5,78.7,0
S1095,Vertex Global,Metals,India,2024-02-06 11:00:00,1.5,1.11,24.8,994,221236.17,222.58,92.1,-0.44,100.0,96.3,0
S1096,Zenith Precision,Textiles,Japan,2024-02-06 18:00:00,2.31,2.6,14.9,1009,243959.24,241.83,78.9,2.33,99.3,90.3,0
S1097,Orion Works,Textiles,China,2024-02-06 00:00:00,2.67,1.57,28.7,319,37393.48,117.11,93.6,-1.37,97.8,95.1,0
S1098,Blue Ridge Components,Machinery,Mexico,2024-02-06 19:00:00,1.14,4.36,29.6,319,41332.12,129.69,68.9,2.31,98.1,87.0,0
S1099,Quantum Global,Consumer Goods,Mexico,2024-02-06 20:00:00,2.5,2.52,19.5,238,103495.39,434.59,83.0,9.78,93.9,87.0,0
S1100,Helix Logistics,Electronics,Poland,2024-02-06 17:00:00,1.85,1.34,11.4,450,133911.48,297.29,88.2,3.56,89.8,90.0,0
S1101,Summit Logistics,Metals,Poland,2024-02-06 23:00:00,2.02,1.45,24.3,1795,683101.26,380.55,86.5,3.56,93.8,90.8,0
S1102,Atlas Works,Consumer Goods,Germany,2024-02-06 18:00:00,0.34,3.5,19.4,1540,331873.49,215.48,74.2,1.39,100.0,90.3,0
S1103,Ironclad Industries,Automotive,Poland,2024-02-06 14:00:00,0.15,0.94,25.3,1287,318972.98,247.79,95.6,2.2,93.6,95.3,0
S1104,Blue Ridge Materials,Textiles,Japan,2024-02-06 19:00:00,4.79,1.12,31.2,807,47246.13,58.52,89.0,3.94,89.2,88.5,0
S1105,Keystone Works,Electronics,Poland,2024-02-06 17:00:00,4.25,2.19,9.3,1091,312859.25,286.67,79.6,0.48,94.5,88.6,0
S1106,Quantum Materials,Chemicals,Poland,2024-02-06 03:00:00,5.37,2.06,23.2,829,160955.85,194.18,81.8,1.69,97.9,89.6,0
S1107,Delta Supplies,Consumer Goods,USA,2024-02-06 11:00:00,6.19,5.52,16.8,819,213595.32,260.86,53.3,4.05,84.6,73.6,0
S1108,Ironclad Industries,Automotive,Poland,2024-02-06 08:00:00,2.22,3.56,21.5,478,174000.42,364.36,71.0,4.35,92.8,84.6,0
S1109,Keystone Components,Metals,Mexico,2024-02-06 01:00:00,3.01,2.07,14.3,190,53735.22,282.27,87.2,6.12,96.9,90.6,0
S1110,Blue Ridge Works,Automotive,China,2024-02-06 06:00:00,3.92,2.42,10.4,1027,239755.63,233.34,78.9,5.76,95.1,86.8,0
S1111,Quantum Materials,Chemicals,China,2024-02-06 19:00:00,0.0,2.32,16.4,1199,357335.71,298.04,80.8,6.35,97.1,89.9,0
S1112,Nova Supplies,Chemicals,Japan,2024-02-06 22:00:00,0.0,3.97,19.3,131,26580.38,203.52,62.1,27.81,79.4,69.1,1
S1113,Pioneer Industries,Machinery,Poland,2024-02-06 13:00:00,0.0,2.01,17.7,361,20672.48,57.31,87.5,5.73,95.3,91.8,0
S1114,Pioneer Industries,Machinery,Japan,2024-02-06 12:00:00,3.5,1.11,28.7,274,85720.39,312.41,87.9,3.93,97.7,91.7,0
S1115,Keystone Global,Textiles,Vietnam,2024-02-06 04:00:00,4.57,2.55,15.9,943,254061.36,269.46,77.9,6.74,91.1,84.3,0
S1116,Harbor Works,Automotive,Germany,2024-02-06 02:00:00,2.04,3.31,17.1,488,41261.58,84.52,78.3,3.15,93.3,87.8,0
S1117,Orion Precision,Consumer Goods,Mexico,2024-02-06 06:00:00,3.77,3.65,20.8,2032,166386.65,81.89,78.2,0.7,97.1,89.2,0
S1118,Pioneer Materials,Machinery,Japan,2024-02-06 12:00:00,1.34,2.24,11.4,727,159661.98,219.73,86.6,9.49,94.4,89.1,0
S1119,Zenith Manufacturing,Electronics,Japan,2024-02-06 07:00:00,0.11,2.08,28.3,942,38657.5,41.04,83.4,-1.54,100.0,93.6,0
S1120,Zenith Systems,Pharma,Germany,2024-02-06 21:00:00,1.29,2.42,31.7,458,66373.25,144.93,78.1,3.98,92.5,87.6,0
S1001,Meridian Materials,Pharma,Poland,2024-02-09 16:00:00,3.72,1.6,16.3,72,25477.66,354.56,81.7,1.18,94.1,89.2,0
S1002,Keystone Manufacturing,Metals,China,2024-02-09 05:00:00,0.77,3.31,40.8,744,263224.19,353.63,66.9,10.95,84.5,78.5,0
S1003,Delta Components,Electronics,Japan,2024-02-09 13:00:00,3.61,3.62,23.0,830,182558.35,219.93,73.3,4.96,92.0,84.2,1
S1004,Delta Components,Consumer Goods,Mexico,2024-02-09 02:00:00,0.98,2.23,29.8,1152,254179.53,220.68,79.5,6.18,95.3,88.4,0
S1005,Quantum Precision,Pharma,USA,2024-02-09 17:00:00,3.2,0.0,19.7,310,43683.47,141.07,97.6,4.78,93.9,93.6,0
S1006,Delta Materials,Consumer Goods,Vietnam,2024-02-09 18:00:00,2.31,2.77,12.4,246,44882.97,182.49,78.5,10.08,93.3,85.2,0
S1007,Apex Materials,Consumer Goods,Germany,2024-02-09 23:00:00,7.83,4.38,32.6,269,68280.77,253.77,68.2,9.7,88.9,77.4,1
S1008,Meridian Materials,Consumer Goods,Japan,2024-02-09 11:00:00,5.45,4.99,17.0,800,22951.59,28.68,52.9,25.14,74.0,62.3,1
S1009,Keystone Logistics,Textiles,India,2024-02-09 07:00:00,1.92,4.92,28.1,969,181278.64,187.12,66.1,6.4,88.3,80.7,1
S1010,Harbor Systems,Consumer Goods,Mexico,2024-02-09 05:00:00,8.16,1.27,44.2,831,10433.0,12.55,79.1,25.12,73.9,70.1,1
S1011,Blue Ridge Materials,Chemicals,Mexico,2024-02-09 06:00:00,2.63,3.25,10.7,509,44086.29,86.57,75.4,0.87,94.8,87.9,0
S1012,Orion Manufacturing,Automotive,Poland,2024-02-09 22:00:00,4.16,5.73,20.1,1356,307372.71,226.63,55.5,6.75,89.3,76.0,1
S1013,Keystone Global,Automotive,India,2024-02-09 00:00:00,3.39,3.39,32.9,1022,113026.24,110.64,78.1,3.99,90.1,85.7,0
S1014,Keystone Manufacturing,Electronics,India,2024-02-09 06:00:00,1.76,4.66,27.7,749,41838.68,55.87,66.6,7.32,93.1,82.2,0
S1015,Ironclad Supplies,Electronics,Vietnam,2024-02-09 21:00:00,3.42,1.55,10.7,973,167158.48,171.75,82.8,1.44,94.8,89.9,0
S1016,Keystone Precision,Metals,Japan,2024-02-09 20:00:00,4.84,0.83,9.6,878,14785.33,16.84,92.0,5.72,95.2,91.0,0
S1017,Apex Industries,Automotive,Vietnam,2024-02-09 17:00:00,0.0,1.81,30.9,1985,456684.76,230.01,83.5,5.0,94.9,90.6,0
S1018,Vertex Precision,Chemicals,Poland,2024-02-09 18:00:00,3.87,0.4,15.8,211,29156.84,138.49,94.3,4.4,92.6,91.8,0
S1019,Summit Industries,Textiles,Mexico,2024-02-09 11:00:00,7.49,2.1,24.4,963,275383.37,286.1,80.5,10.72,81.7,79.0,0
S1020,Atlas Logistics,Automotive,Vietnam,2024-02-09 06:00:00,3.56,4.18,11.0,775,14881.23,19.19,65.5,3.93,90.7,81.4,0
S1021,Harbor Supplies,Metals,Vietnam,2024-02-09 18:00:00,1.99,1.59,10.5,1069,301952.45,282.56,83.0,5.56,96.8,89.9,0
S1022,Vertex Logistics,Textiles,China,2024-02-09 22:00:00,4.54,6.9,28.9,106,14456.18,136.54,38.7,8.81,77.5,65.1,1
S1023,Keystone Global,Pharma,USA,2024-02-09 05:00:00,2.9,4.43,23.4,948,78855.11,83.19,62.2,2.25,95.8,83.0,1
S1024,Apex Works,Consumer Goods,Mexico,2024-02-09 01:00:00,3.63,1.74,7.7,1304,291392.49,223.44,88.2,5.72,95.6,90.4,0
S1025,Helix Industries,Metals,Germany,2024-02-09 12:00:00,5.49,2.94,24.6,1141,486342.49,426.17,77.2,6.88,90.1,83.2,0
S1026,Blue Ridge Works,Consumer Goods,Mexico,2024-02-09 07:00:00,3.73,2.93,15.8,90,16249.04,180.19,77.1,4.43,89.6,84.8,0
S1027,Ironclad Logistics,Automotive,Mexico,2024-02-09 20:00:00,11.09,1.68,10.0,1525,484853.43,318.01,88.6,3.9,93.3,86.7,0
S1028,Zenith Components,Pharma,Poland,2024-02-09 02:00:00,4.7,3.29,27.0,1517,329222.96,217.01,62.3,18.63,77.3,69.5,1
S1029,Summit Supplies,Electronics,India,2024-02-09 21:00:00,2.36,2.87,29.7,131,26884.42,205.56,70.0,10.3,88.0,80.3,0
S1030,Keystone Manufacturing,Consumer Goods,India,2024-02-09 00:00:00,0.01,1.69,10.9,997,79244.17,79.46,89.8,3.05,93.7,93.1,0
S1031,Ironclad Manufacturing,Textiles,Japan,2024-02-09 15:00:00,1.21,4.65,22.2,851,324785.74,381.48,56.7,19.96,80.0,69.8,1
S1032,Vertex Manufacturing,Pharma,Poland,2024-02-09 20:00:00,0.78,1.93,18.7,115,42718.03,370.5,77.5,1.05,94.1,89.3,0
S1033,Blue Ridge Precision,Automotive,Mexico,2024-02-09 19:00:00,4.73,3.5,24.8,1154,399132.61,345.78,72.9,1.38,93.1,85.2,0
S1034,Zenith Global,Textiles,Japan,2024-02-09 18:00:00,1.83,3.09,8.4,193,44062.73,228.02,76.2,8.75,97.2,86.5,0
S1035,Delta Works,Textiles,Vietnam,2024-02-09 03:00:00,3.19,1.58,19.3,1480,432623.09,292.23,87.3,4.62,93.0,89.8,0
S1036,Orion Components,Pharma,Vietnam,2024-02-09 02:00:00,0.75,4.61,17.7,839,145507.4,173.41,61.3,3.0,95.2,83.3,0
S1037,Nova Global,Pharma,India,2024-02-09 17:00:00,3.7,2.7,19.6,873,33385.99,38.25,76.6,3.17,93.8,86.6,0
S1038,Blue Ridge Works,Metals,Vietnam,2024-02-09 10:00:00,6.48,5.8,22.1,1303,345753.3,265.33,57.0,5.63,85.1,74.4,0
S1039,Orion Works,Metals,China,2024-02-09 20:00:00,1.51,2.15,14.7,1081,159921.89,147.92,76.3,5.27,97.7,88.2,0
S1040,Harbor Components,Pharma,China,2024-02-09 08:00:00,2.64,2.75,21.8,979,280816.17,286.9,77.3,6.82,94.1,86.1,0
S1041,Vertex Supplies,Consumer Goods,Poland,2024-02-09 00:00:00,2.78,2.25,16.1,1690,399187.71,236.26,85.9,0.15,95.0,91.9,0
S1042,Harbor Materials,Electronics,India,2024-02-09 20:00:00,7.28,0.98,19.5,668,61806.78,92.49,86.9,8.01,89.4,85.1,0
S1043,Blue Ridge Logistics,Pharma,Japan,2024-02-09 10:00:00,0.0,1.41,24.1,121,38433.73,317.07,84.1,2.27,97.8,92.8,0
S1044,Quantum Manufacturing,Machinery,Vietnam,2024-02-09 13:00:00,2.38,3.77,13.0,666,132192.82,198.58,73.6,1.94,99.6,88.7,0
S1045,Vertex Manufacturing,Chemicals,India,2024-02-09 22:00:00,0.78,3.52,24.4,212,18509.06,87.27,72.6,3.08,96.1,87.5,0
S1046,Quantum Materials,Textiles,Mexico,2024-02-09 09:00:00,2.1,1.11,14.4,608,115133.51,189.24,89.4,5.4,98.0,92.5,0
S1047,Atlas Industries,Metals,USA,2024-02-09 08:00:00,7.94,1.51,12.4,423,33293.86,78.69,85.6,8.24,86.6,83.2,0
S1048,Helix Industries,Chemicals,Japan,2024-02-09 06:00:00,6.92,2.9,33.9,1223,93350.51,76.33,76.0,7.39,79.9,78.3,1
S1049,Atlas Works,Metals,Germany,2024-02-09 12:00:00,3.2,3.06,10.4,128,16895.48,131.64,71.6,0.06,96.1,87.1,0
S1050,Vertex Global,Metals,Japan,2024-02-09 02:00:00,1.99,3.5,8.5,1331,438408.08,329.31,69.3,12.83,86.0,78.5,0
S1051,Zenith Industries,Consumer Goods,Germany,2024-02-09 01:00:00,1.6,1.83,28.8,1084,130546.34,120.44,88.8,2.82,99.8,94.1,0
S1052,Meridian Manufacturing,Automotive,Germany,2024-02-09 03:00:00,4.47,2.54,13.4,1274,145515.28,114.22,75.7,1.17,92.4,86.2,0
S1053,Harbor Systems,Machinery,India,2024-02-09 16:00:00,4.11,3.54,9.0,876,117147.23,133.74,69.9,15.78,95.7,80.0,0
S1054,Harbor Manufacturing,Pharma,Mexico,2024-02-09 08:00:00,3.03,2.13,14.3,949,276576.04,291.43,81.8,-0.25,95.8,90.5,0
S1055,Harbor Works,Chemicals,USA,2024-02-09 20:00:00,4.01,4.65,21.1,518,67185.25,129.74,59.3,7.31,87.0,76.4,1
S1056,Ironclad Supplies,Chemicals,Germany,2024-02-09 06:00:00,8.48,7.28,16.6,939,245808.44,261.68,40.3,12.64,78.7,62.7,1
S1057,Atlas Components,Textiles,Japan,2024-02-09 16:00:00,4.4,3.99,4.3,574,123526.67,215.35,69.7,1.33,98.6,86.2,0
S1058,Meridian Supplies,Textiles,Poland,2024-02-09 05:00:00,1.99,1.63,16.4,143,10032.55,70.34,88.2,3.26,94.2,91.6,0
S1059,Quantum Systems,Pharma,Mexico,2024-02-09 03:00:00,1.63,2.9,20.5,838,74185.69,88.51,80.3,3.31,94.7,89.2,0
S1060,Blue Ridge Systems,Textiles,Vietnam,2024-02-09 04:00:00,1.47,1.2,13.4,1102,254379.16,230.87,91.6,4.77,97.4,93.6,0
S1061,Zenith Manufacturing,Pharma,Germany,2024-02-09 22:00:00,4.08,3.62,7.8,322,45470.25,141.37,69.0,2.21,97.8,85.5,0
S1062,Meridian Systems,Consumer Goods,Vietnam,2024-02-09 16:00:00,2.57,1.64,17.7,1373,573032.59,417.38,82.2,6.21,86.0,85.2,0
S1063,Delta Precision,Consumer Goods,Germany,2024-02-09 12:00:00,2.56,2.46,19.0,283,22237.32,78.68,79.3,8.03,92.4,85.8,0
S1064,Vertex Logistics,Chemicals,Japan,2024-02-09 02:00:00,3.46,0.35,13.2,604,181980.14,301.3,97.3,-0.9,96.1,95.6,0
S1065,Zenith Logistics,Automotive,Vietnam,2024-02-09 18:00:00,26.89,0.86,14.8,1640,423537.29,258.23,89.3,5.76,81.6,74.2,0
S1066,Vertex Materials,Electronics,Germany,2024-02-09 16:00:00,3.93,1.19,10.7,1369,196208.29,143.29,93.1,3.86,95.8,92.7,0
S1067,Harbor Supplies,Textiles,Japan,2024-02-09 05:00:00,3.2,2.83,30.4,940,66570.81,70.8,80.0,2.0,97.7,89.8,0
S1068,Vertex Supplies,Machinery,Poland,2024-02-09 23:00:00,1.26,2.01,27.5,697,122160.13,175.26,84.4,4.88,94.7,90.2,0
S1069,Keystone Industries,Electronics,India,2024-02-09 21:00:00,3.08,2.37,25.7,403,134753.02,334.64,83.2,3.76,96.8,90.1,0
S1070,Delta Logistics,Machinery,Vietnam,2024-02-09 08:00:00,2.07,0.7,24.3,526,165887.9,315.26,91.2,3.52,92.9,92.1,0
S1071,Pioneer Logistics,Textiles,Japan,2024-02-09 19:00:00,3.41,1.7,23.7,1147,47430.58,41.36,87.3,5.05,93.9,89.8,0
S1072,Delta Materials,Automotive,Poland,2024-02-09 20:00:00,4.33,0.0,20.8,1104,286592.87,259.68,95.8,6.55,95.7,92.4,0
S1073,Orion Components,Pharma,Germany,2024-02-09 10:00:00,2.54,0.54,6.1,777,299578.12,385.66,92.8,3.85,95.8,93.3,0
S1074,Pioneer Precision,Electronics,Vietnam,2024-02-09 09:00:00,0.0,2.31,9.3,108,11087.4,102.55,79.5,9.18,93.8,87.2,0
S1075,Zenith Logistics,Consumer Goods,USA,2024-02-09 04:00:00,1.17,2.94,24.3,753,175635.01,233.22,74.8,4.83,91.3,85.7,0
S1076,Harbor Materials,Consumer Goods,Japan,2024-02-09 22:00:00,0.0,6.6,11.6,830,56902.32,68.59,45.6,17.05,83.6,68.8,0
S1077,Vertex Precision,Machinery,Poland,2024-02-09 02:00:00,1.47,3.98,18.6,583,80867.99,138.75,70.9,6.69,94.5,84.6,0
S1078,Quantum Precision,Metals,Poland,2024-02-09 00:00:00,2.52,1.08,30.1,170,35488.25,208.22,88.0,1.29,94.4,92.1,0
S1079,Apex Systems,Pharma,China,2024-02-09 06:00:00,5.17,3.44,8.8,449,31423.95,70.0,68.1,3.75,96.6,83.7,0
S1080,Zenith Precision,Chemicals,India,2024-02-09 19:00:00,4.89,1.66,14.2,765,314794.03,411.74,84.2,5.51,90.5,86.7,0
S1081,Keystone Components,Textiles,Japan,2024-02-09 22:00:00,1.09,2.18,13.2,481,134615.34,279.94,84.9,5.45,98.7,91.7,0
S1082,Keystone Manufacturing,Consumer Goods,Mexico,2024-02-09 21:00:00,0.0,3.36,17.0,987,277545.76,281.24,69.0,15.16,83.7,77.8,1
S1083,Blue Ridge Components,Consumer Goods,USA,2024-02-09 23:00:00,3.08,0.58,22.4,1641,670136.16,408.34,98.6,6.01,94.5,93.8,0
S1084,Pioneer Precision,Machinery,Poland,2024-02-09 04:00:00,2.49,2.48,10.3,658,150962.79,229.36,79.5,8.38,93.5,86.2,0
S1085,Harbor Components,Machinery,USA,2024-02-09 17:00:00,1.44,0.46,21.2,704,128825.02,182.88,93.3,5.38,95.4,93.3,0
S1086,Keystone Global,Metals,Germany,2024-02-09 10:00:00,2.56,1.19,28.5,914,149694.21,163.71,87.6,0.76,96.9,93.0,0
S1087,Summit Components,Pharma,USA,2024-02-09 11:00:00,3.61,0.25,12.8,194,18118.01,93.31,98.6,1.83,96.4,95.8,0
S1088,Helix Precision,Chemicals,Japan,2024-02-09 01:00:00,2.18,3.56,24.2,1229,220299.47,179.32,76.3,1.95,92.4,87.2,1
S1089,Helix Works,Textiles,USA,2024-02-09 12:00:00,2.58,1.93,16.2,1125,196332.6,174.45,87.9,2.23,96.2,92.3,0
S1090,Pioneer Supplies,Electronics,China,2024-02-09 01:00:00,0.64,5.15,17.0,523,151579.3,289.88,61.2,3.33,92.5,82.2,1
S1091,Zenith Components,Metals,China,2024-02-09 16:00:00,1.52,1.74,9.5,303,49639.44,164.05,86.3,7.76,92.1,88.8,0
S1092,Zenith Components,Textiles,USA,2024-02-09 18:00:00,5.7,0.77,29.3,587,164734.73,280.59,89.6,6.37,87.7,86.8,0
S1093,Atlas Works,Consumer Goods,China,2024-02-09 19:00:00,2.16,2.0,13.6,1119,257763.17,230.43,79.2,3.18,97.1,89.4,0
S1094,Summit Precision,Machinery,Japan,2024-02-09 15:00:00,2.52,3.4,26.7,1110,34818.82,31.38,71.9,3.01,91.9,84.9,0
S1095,Vertex Global,Metals,India,2024-02-09 06:00:00,1.66,1.94,22.3,855,192916.05,225.67,88.2,0.94,96.8,93.6,0
S1096,Zenith Precision,Textiles,Japan,2024-02-09 03:00:00,0.0,1.07,16.2,545,133816.49,245.54,90.4,3.91,97.0,94.1,0
S1097,Orion Works,Textiles,China,2024-02-09 14:00:00,3.37,2.77,27.5,406,48943.39,120.55,78.8,1.53,99.4,90.1,0
S1098,Blue Ridge Components,Machinery,Mexico,2024-02-09 22:00:00,2.42,5.03,31.4,389,53000.82,136.15,62.7,7.41,94.2,81.0,0
S1099,Quantum Global,Consumer Goods,Mexico,2024-02-09 12:00:00,1.09,0.84,19.5,166,70850.91,426.81,91.5,7.81,93.3,91.2,0
S1100,Helix Logistics,Electronics,Poland,2024-02-09 08:00:00,1.59,1.0,13.0,492,140706.53,285.91,92.9,-0.4,87.3,92.1,0
S1101,Summit Logistics,Metals,Poland,2024-02-09 16:00:00,3.47,0.58,23.5,1844,706666.44,383.29,98.7,4.3,94.3,94.2,0
S1102,Atlas Works,Consumer Goods,Germany,2024-02-09 21:00:00,1.36,3.39,18.9,1110,241776.23,217.85,80.7,2.51,96.6,90.5,0
S1103,Ironclad Industries,Automotive,Poland,2024-02-09 00:00:00,1.0,0.31,24.4,1005,245054.81,243.92,97.3,0.6,93.9,96.2,0
S1104,Blue Ridge Materials,Textiles,Japan,2024-02-09 08:00:00,0.0,1.31,29.8,628,37249.61,59.33,87.6,5.38,91.1,90.5,0
S1105,Keystone Works,Electronics,Poland,2024-02-09 23:00:00,3.8,2.58,9.3,2832,841131.68,297.06,76.9,4.12,90.9,85.3,0
S1106,Quantum Materials,Chemicals,Poland,2024-02-09 02:00:00,0.0,2.53,25.6,820,160797.22,196.15,78.7,2.72,100.0,91.5,0
S1107,Delta Supplies,Consumer Goods,USA,2024-02-09 06:00:00,9.14,4.4,17.7,1056,296387.58,280.63,65.0,11.94,82.6,72.6,1
S1108,Ironclad Industries,Automotive,Poland,2024-02-09 12:00:00,1.14,3.19,22.4,818,298375.75,364.67,79.9,4.44,94.7,88.9,0
S1109,Keystone Components,Metals,Mexico,2024-02-09 09:00:00,2.7,3.0,13.5,221,61816.3,279.55,77.6,5.09,92.6,86.3,0
S1110,Blue Ridge Works,Automotive,China,2024-02-09 04:00:00,3.91,1.48,6.7,1173,269445.31,229.67,89.1,4.09,93.5,90.4,0
S1111,Quantum Materials,Chemicals,China,2024-02-09 20:00:00,1.46,2.08,21.9,973,309448.75,318.1,81.5,13.51,94.1,85.7,0
S1112,Nova Supplies,Chemicals,Japan,2024-02-09 16:00:00,0.0,5.15,18.6,107,19034.51,177.41,53.9,11.41,76.0,71.2,1
S1113,Pioneer Industries,Machinery,Poland,2024-02-09 11:00:00,0.49,2.7,19.3,410,23886.26,58.24,76.3,7.44,93.5,86.4,0
S1114,Pioneer Industries,Machinery,Japan,2024-02-09 07:00:00,4.05,2.22,27.8,290,92645.84,319.19,86.5,6.19,91.1,87.8,0
S1115,Keystone Global,Textiles,Vietnam,2024-02-09 18:00:00,5.0,1.55,18.4,1321,342358.87,259.2,83.6,2.68,91.5,87.8,0
S1116,Harbor Works,Automotive,Germany,2024-02-09 06:00:00,3.26,2.81,18.4,574,49224.29,85.83,76.1,4.75,97.1,87.2,0
S1117,Orion Precision,Consumer Goods,Mexico,2024-02-09 11:00:00,1.45,3.02,21.9,1264,104988.4,83.09,76.6,2.17,97.5,89.4,0
S1118,Pioneer Materials,Machinery,Japan,2024-02-09 18:00:00,1.37,1.91,10.2,777,180017.11,231.79,82.0,15.5,91.9,84.4,0
S1119,Zenith Manufacturing,Electronics,Japan,2024-02-09 04:00:00,0.0,1.37,26.9,1046,44471.09,42.5,93.7,1.96,100.0,97.1,0
S1120,Zenith Systems,Pharma,Germany,2024-02-09 10:00:00,6.88,1.33,31.7,508,72442.7,142.71,91.7,2.39,94.6,90.8,0
S1001,Meridian Materials,Pharma,Poland,2024-02-12 14:00:00,4.91,1.4,11.6,53,19798.32,372.37,87.3,6.26,92.0,88.0,0
S1002,Keystone Manufacturing,Metals,China,2024-02-12 01:00:00,3.71,5.16,36.3,727,251817.65,346.61,60.1,8.75,82.9,74.9,1
S1003,Delta Components,Electronics,Japan,2024-02-12 02:00:00,4.72,3.59,24.0,863,191039.54,221.46,72.8,5.69,89.3,82.2,0
S1004,Delta Components,Consumer Goods,Mexico,2024-02-12 07:00:00,0.0,1.58,30.1,1472,327205.32,222.26,88.5,6.94,94.7,91.5,0
S1005,Quantum Precision,Pharma,USA,2024-02-12 08:00:00,4.7,0.64,13.8,335,53846.42,160.9,95.4,19.51,92.1,86.0,0
S1006,Delta Materials,Consumer Goods,Vietnam,2024-02-12 09:00:00,1.01,1.96,10.4,199,35511.86,178.18,83.1,7.48,95.8,89.3,0
S1007,Apex Materials,Consumer Goods,Germany,2024-02-12 08:00:00,7.0,4.95,30.9,254,60762.8,239.34,64.5,3.46,87.7,78.5,0
S1008,Meridian Materials,Consumer Goods,Japan,2024-02-12 21:00:00,8.68,6.72,16.8,1366,32786.18,24.0,38.4,4.72,69.8,61.8,1
S1009,Keystone Logistics,Textiles,India,2024-02-12 00:00:00,0.0,5.99,27.7,793,148692.9,187.54,56.6,6.64,96.5,81.1,0
S1010,Harbor Systems,Consumer Goods,Mexico,2024-02-12 06:00:00,5.41,1.86,41.0,1128,12726.15,11.29,74.2,12.53,72.2,73.8,1
S1011,Blue Ridge Materials,Chemicals,Mexico,2024-02-12 19:00:00,3.51,3.3,10.7,626,56178.53,89.74,72.8,4.57,95.1,85.3,0
S1012,Orion Manufacturing,Automotive,Poland,2024-02-12 01:00:00,3.44,6.1,21.7,1505,345501.56,229.59,57.3,8.15,86.5,75.6,0
S1013,Keystone Global,Automotive,India,2024-02-12 16:00:00,4.63,1.92,30.3,1240,139967.07,112.86,91.5,6.08,93.4,90.1,0
S1014,Keystone Manufacturing,Electronics,India,2024-02-12 21:00:00,2.85,5.39,30.7,1072,57938.12,54.07,59.4,3.85,91.6,80.0,0
S1015,Ironclad Supplies,Electronics,Vietnam,2024-02-12 01:00:00,2.28,1.57,7.1,1932,338096.55,174.96,84.3,3.34,100.0,92.1,0
S1016,Keystone Precision,Metals,Japan,2024-02-12 00:00:00,5.39,0.0,6.2,482,7655.34,15.88,98.6,-0.3,92.2,94.0,0
S1017,Apex Industries,Automotive,Vietnam,2024-02-12 08:00:00,0.0,1.78,29.3,1245,280782.73,225.54,88.1,2.96,97.3,93.8,0
S1018,Vertex Precision,Chemicals,Poland,2024-02-12 01:00:00,6.05,0.86,16.0,165,22510.17,136.7,92.1,3.05,86.1,88.2,0
S1019,Summit Industries,Textiles,Mexico,2024-02-12 14:00:00,3.92,3.02,24.4,822,235808.28,286.86,74.0,11.02,82.3,78.6,0
S1020,Atlas Logistics,Automotive,Vietnam,2024-02-12 02:00:00,4.67,4.01,13.6,1005,19660.1,19.55,69.1,5.88,90.8,81.4,1
S1021,Harbor Supplies,Metals,Vietnam,2024-02-12 11:00:00,9.18,1.54,10.2,982,280959.55,286.02,91.4,6.85,92.0,87.0,0
S1022,Vertex Logistics,Textiles,China,2024-02-12 11:00:00,1.26,8.14,29.3,127,19483.08,154.0,34.5,22.73,79.1,60.6,1
S1023,Keystone Global,Pharma,USA,2024-02-12 08:00:00,1.73,3.51,20.2,644,55026.26,85.44,73.8,5.01,95.5,86.5,0
S1024,Apex Works,Consumer Goods,Mexico,2024-02-12 18:00:00,4.22,1.77,7.3,1549,337774.59,218.1,85.9,3.19,92.2,89.0,0
S1025,Helix Industries,Metals,Germany,2024-02-12 16:00:00,0.01,4.23,26.4,1245,532930.71,428.09,70.6,7.36,94.9,85.1,0
S1026,Blue Ridge Works,Consumer Goods,Mexico,2024-02-12 02:00:00,3.9,3.7,19.2,118,22911.09,194.49,71.9,12.72,92.0,80.6,0
S1027,Ironclad Logistics,Automotive,Mexico,2024-02-12 04:00:00,2.69,3.11,9.5,1378,435328.18,315.8,71.8,3.18,97.8,86.8,0
S1028,Zenith Components,Pharma,Poland,2024-02-12 06:00:00,5.74,3.4,30.5,845,198400.0,234.89,65.6,28.4,77.7,66.6,1
S1029,Summit Supplies,Electronics,India,2024-02-12 14:00:00,0.78,2.5,29.1,123,25458.06,206.32,76.9,10.71,85.6,82.5,1
S1030,Keystone Manufacturing,Consumer Goods,India,2024-02-12 05:00:00,0.0,3.12,9.5,1678,136345.3,81.23,79.9,5.35,94.9,89.2,0
S1031,Ironclad Manufacturing,Textiles,Japan,2024-02-12 17:00:00,4.75,3.88,24.1,1131,414046.85,366.22,67.7,15.16,79.8,73.6,1
S1032,Vertex Manufacturing,Pharma,Poland,2024-02-12 18:00:00,1.16,2.81,17.3,157,58715.92,373.62,81.6,1.9,93.9,90.1,0
S1033,Blue Ridge Precision,Automotive,Mexico,2024-02-12 14:00:00,4.67,3.62,24.9,627,225042.86,358.79,72.5,5.19,92.8,83.6,0
S1034,Zenith Global,Textiles,Japan,2024-02-12 10:00:00,1.82,4.14,9.3,123,27054.22,219.49,69.8,4.68,97.8,86.0,0
S1035,Delta Works,Textiles,Vietnam,2024-02-12 17:00:00,2.96,1.87,16.8,1220,355893.01,291.65,84.2,4.42,97.1,90.3,0
S1036,Orion Components,Pharma,Vietnam,2024-02-12 01:00:00,0.0,4.69,18.5,1271,228765.49,179.98,59.5,6.91,99.5,83.1,0
S1037,Nova Global,Pharma,India,2024-02-12 03:00:00,2.41,1.84,23.0,463,17848.19,38.55,83.4,4.0,95.7,90.0,0
S1038,Blue Ridge Works,Metals,Vietnam,2024-02-12 07:00:00,4.87,4.51,24.6,770,205572.8,266.85,58.0,6.23,81.7,74.1,1
S1039,Orion Works,Metals,China,2024-02-12 11:00:00,0.0,3.27,19.2,1723,253636.68,147.18,72.8,4.75,92.5,86.1,0
S1040,Harbor Components,Pharma,China,2024-02-12 15:00:00,2.14,3.16,19.3,546,149631.55,273.99,72.4,2.02,91.5,85.6,0
S1041,Vertex Supplies,Consumer Goods,Poland,2024-02-12 03:00:00,1.3,1.31,19.2,1079,260570.74,241.42,91.0,2.33,98.5,94.8,0
S1042,Harbor Materials,Electronics,India,2024-02-12 18:00:00,6.65,2.56,20.6,671,58739.59,87.53,72.1,2.23,91.5,83.1,0
S1043,Blue Ridge Logistics,Pharma,Japan,2024-02-12 07:00:00,3.11,1.57,23.7,134,42534.06,317.48,87.3,2.4,98.0,92.4,0
S1044,Quantum Manufacturing,Machinery,Vietnam,2024-02-12 19:00:00,2.48,2.13,13.7,500,99283.28,198.62,79.7,1.96,95.4,89.3,0
S1045,Vertex Manufacturing,Chemicals,India,2024-02-12 12:00:00,1.92,3.28,19.9,308,27541.32,89.37,78.4,5.56,93.1,87.0,0
S1046,Quantum Materials,Textiles,Mexico,2024-02-12 00:00:00,2.49,1.36,12.6,843,155538.26,184.45,89.7,2.73,95.2,92.5,0
S1047,Atlas Industries,Metals,USA,2024-02-12 15:00:00,8.65,1.82,14.1,807,63448.0,78.67,81.3,8.21,82.6,79.9,0
S1048,Helix Industries,Chemicals,Japan,2024-02-12 13:00:00,1.39,3.59,34.6,1147,93341.25,81.39,63.8,14.5,79.7,74.1,1
S1049,Atlas Works,Metals,Germany,2024-02-12 08:00:00,11.84,2.08,8.8,124,16604.21,133.62,85.1,1.57,93.0,85.8,0
S1050,Vertex Global,Metals,Japan,2024-02-12 10:00:00,4.24,3.97,9.8,739,233028.94,315.37,68.9,8.05,86.0,79.1,1
S1051,Zenith Industries,Consumer Goods,Germany,2024-02-12 20:00:00,2.05,1.54,27.1,1100,129505.19,117.75,90.3,0.52,96.3,94.1,0
S1052,Meridian Manufacturing,Automotive,Germany,2024-02-12 03:00:00,4.75,3.7,12.8,1049,123146.46,117.34,69.4,3.94,92.2,82.7,0
S1053,Harbor Systems,Machinery,India,2024-02-12 16:00:00,3.03,4.07,9.0,1008,138446.96,137.33,66.1,18.89,92.8,77.0,0
S1054,Harbor Manufacturing,Pharma,Mexico,2024-02-12 08:00:00,2.33,3.03,15.4,920,274998.79,298.81,79.3,2.27,94.9,89.0,0
S1055,Harbor Works,Chemicals,USA,2024-02-12 00:00:00,3.02,3.42,18.3,770,99053.74,128.64,72.7,6.4,91.4,83.5,1
S1056,Ironclad Supplies,Chemicals,Germany,2024-02-12 19:00:00,3.88,4.71,15.4,800,216617.73,270.61,58.4,16.48,78.7,69.9,1
S1057,Atlas Components,Textiles,Japan,2024-02-12 18:00:00,4.11,3.73,6.1,765,167425.38,218.98,68.9,3.04,93.1,83.5,0
S1058,Meridian Supplies,Textiles,Poland,2024-02-12 00:00:00,3.3,0.04,16.9,140,9878.08,70.68,99.8,3.76,96.5,95.7,0
S1059,Quantum Systems,Pharma,Mexico,2024-02-12 05:00:00,2.88,3.42,18.1,1018,87491.31,85.92,74.4,0.29,94.8,87.7,0
S1060,Blue Ridge Systems,Textiles,Vietnam,2024-02-12 09:00:00,2.79,1.07,15.5,1304,288926.51,221.55,90.3,0.55,94.6,93.1,0
S1061,Zenith Manufacturing,Pharma,Germany,2024-02-12 07:00:00,4.14,3.79,9.0,297,41638.56,140.23,66.5,1.39,99.4,85.5,0
S1062,Meridian Systems,Consumer Goods,Vietnam,2024-02-12 15:00:00,1.96,1.55,15.7,925,392656.88,424.35,85.3,7.98,90.9,87.7,0
S1063,Delta Precision,Consumer Goods,Germany,2024-02-12 11:00:00,1.27,2.87,21.1,440,34346.41,78.12,77.5,7.26,95.0,87.0,0
S1064,Vertex Logistics,Chemicals,Japan,2024-02-12 18:00:00,1.66,1.26,16.7,313,95883.06,306.53,90.4,0.82,99.2,95.2,0
S1065,Zenith Logistics,Automotive,Vietnam,2024-02-12 13:00:00,1.96,0.56,18.3,1931,547545.55,283.53,96.6,16.12,97.8,91.0,0
S1066,Vertex Materials,Electronics,Germany,2024-02-12 10:00:00,1.01,0.75,7.7,1122,161606.55,144.05,93.0,4.41,98.3,94.8,0
S1067,Harbor Supplies,Textiles,Japan,2024-02-12 17:00:00,2.14,3.01,29.8,914,65727.21,71.89,75.4,3.57,96.3,87.7,0
S1068,Vertex Supplies,Machinery,Poland,2024-02-12 14:00:00,2.63,1.97,30.4,588,98633.27,167.86,81.1,0.45,96.6,90.7,0
S1069,Keystone Industries,Electronics,India,2024-02-12 01:00:00,4.48,2.03,22.0,462,152915.87,330.95,78.0,2.62,98.5,88.5,0
S1070,Delta Logistics,Machinery,Vietnam,2024-02-12 15:00:00,3.34,0.83,24.6,441,141009.4,319.81,90.0,5.02,94.0,90.9,1
S1071,Pioneer Logistics,Textiles,Japan,2024-02-12 13:00:00,2.82,0.97,24.4,1124,46862.53,41.69,93.0,5.89,91.5,91.0,0
S1072,Delta Materials,Automotive,Poland,2024-02-12 22:00:00,2.86,0.63,19.4,1428,371998.01,260.56,97.9,6.91,94.0,93.2,0
S1073,Orion Components,Pharma,Germany,2024-02-12 04:00:00,1.74,1.09,6.6,637,250019.04,392.64,89.6,5.73,89.6,89.7,0
S1074,Pioneer Precision,Electronics,Vietnam,2024-02-12 06:00:00,2.24,2.29,7.4,102,10050.9,98.65,77.9,5.03,92.1,86.5,0
S1075,Zenith Logistics,Consumer Goods,USA,2024-02-12 22:00:00,0.0,3.12,23.7,879,203831.82,231.79,79.8,4.18,92.0,88.6,0
S1076,Harbor Materials,Consumer Goods,Japan,2024-02-12 13:00:00,2.79,6.43,12.5,1132,75647.75,66.8,46.0,14.0,85.7,69.5,1
S1077,Vertex Precision,Machinery,Poland,2024-02-12 05:00:00,1.22,4.82,17.9,707,98243.32,139.03,68.1,6.91,95.6,84.1,0
S1078,Quantum Precision,Metals,Poland,2024-02-12 10:00:00,0.0,1.02,27.3,208,44445.92,213.96,93.1,4.08,96.0,94.7,0
S1079,Apex Systems,Pharma,China,2024-02-12 08:00:00,6.86,5.1,9.6,610,42539.42,69.75,62.3,3.38,87.3,77.7,0
S1080,Zenith Precision,Chemicals,India,2024-02-12 12:00:00,4.59,1.46,17.6,813,331255.37,407.34,85.5,4.38,90.4,87.6,0
S1081,Keystone Components,Textiles,Japan,2024-02-12 06:00:00,2.44,2.29,14.3,377,104312.55,276.58,82.8,4.19,98.0,90.5,1
S1082,Keystone Manufacturing,Consumer Goods,Mexico,2024-02-12 02:00:00,1.27,5.5,17.2,1381,404599.89,292.98,53.9,19.96,82.5,69.6,1
S1083,Blue Ridge Components,Consumer Goods,USA,2024-02-12 15:00:00,2.58,0.31,22.1,1223,486819.63,398.2,97.1,3.37,99.1,96.1,0
S1084,Pioneer Precision,Machinery,Poland,2024-02-12 20:00:00,3.79,2.84,12.1,490,106491.77,217.36,77.3,2.71,93.0,86.7,0
S1085,Harbor Components,Machinery,USA,2024-02-12 20:00:00,0.0,1.23,22.8,1028,187244.99,182.08,89.7,4.92,95.9,93.1,0
S1086,Keystone Global,Metals,Germany,2024-02-12 19:00:00,1.97,1.67,28.0,413,70153.49,169.88,84.9,4.56,94.5,90.1,0
S1087,Summit Components,Pharma,USA,2024-02-12 11:00:00,3.04,0.14,9.2,231,21324.97,92.3,99.2,0.73,95.2,96.3,0
S1088,Helix Precision,Chemicals,Japan,2024-02-12 09:00:00,0.0,2.7,25.1,1099,202347.27,184.08,79.2,4.65,95.5,89.4,0
S1089,Helix Works,Textiles,USA,2024-02-12 17:00:00,4.58,2.77,17.6,1953,337977.4,173.02,78.4,1.39,98.3,89.0,0
S1090,Pioneer Supplies,Electronics,China,2024-02-12 10:00:00,2.72,4.51,16.2,566,168265.45,297.47,66.0,6.03,96.6,83.3,1
S1091,Zenith Components,Metals,China,2024-02-12 08:00:00,0.92,2.3,11.0,425,66216.8,155.93,82.9,2.43,93.5,90.4,0
S1092,Zenith Components,Textiles,USA,2024-02-12 18:00:00,6.58,1.82,28.3,340,104696.46,308.38,85.8,16.91,92.0,82.6,0
S1093,Atlas Works,Consumer Goods,China,2024-02-12 02:00:00,0.0,2.26,16.1,1144,263919.54,230.77,83.1,3.33,99.1,92.5,0
S1094,Summit Precision,Machinery,Japan,2024-02-12 00:00:00,4.81,3.01,29.3,1348,44356.48,32.9,76.1,8.02,94.9,84.4,0
S1095,Vertex Global,Metals,India,2024-02-12 18:00:00,2.37,1.31,26.7,938,217375.97,231.73,90.1,3.65,100.0,94.0,0
S1096,Zenith Precision,Textiles,Japan,2024-02-12 20:00:00,0.76,1.59,15.5,993,236448.04,238.19,87.7,0.79,94.2,93.0,0
S1097,Orion Works,Textiles,China,2024-02-12 11:00:00,1.32,2.3,27.1,256,30600.02,119.39,85.4,0.55,100.0,94.0,0
S1098,Blue Ridge Components,Machinery,Mexico,2024-02-12 10:00:00,2.09,3.82,28.1,190,26082.24,137.3,72.3,8.31,94.3,84.2,0
S1099,Quantum Global,Consumer Goods,Mexico,2024-02-12 23:00:00,2.13,1.94,20.2,138,58770.17,426.02,87.2,7.61,94.4,89.6,0
S1100,Helix Logistics,Electronics,Poland,2024-02-12 21:00:00,0.26,2.28,8.9,517,164058.57,317.25,81.1,10.52,88.0,85.1,1
S1101,Summit Logistics,Metals,Poland,2024-02-12 16:00:00,3.35,1.29,24.5,1206,463334.73,384.21,85.1,4.55,93.1,89.0,0
S1102,Atlas Works,Consumer Goods,Germany,2024-02-12 09:00:00,3.33,3.29,18.7,1159,247462.78,213.54,79.1,0.48,98.4,90.3,0
S1103,Ironclad Industries,Automotive,Poland,2024-02-12 13:00:00,1.91,0.36,27.2,660,162225.47,245.63,97.0,1.31,94.5,95.6,0
S1104,Blue Ridge Materials,Textiles,Japan,2024-02-12 16:00:00,0.0,1.59,33.2,635,38524.72,60.64,88.7,7.7,94.2,91.1,0
S1105,Keystone Works,Electronics,Poland,2024-02-12 20:00:00,5.56,2.08,10.8,1447,430389.89,297.45,85.1,4.26,90.4,87.1,0
S1106,Quantum Materials,Chemicals,Poland,2024-02-12 04:00:00,2.94,1.44,25.6,582,116505.3,200.04,87.7,4.76,96.1,91.1,0
S1107,Delta Supplies,Consumer Goods,USA,2024-02-12 12:00:00,13.47,4.27,17.4,1311,367009.08,279.85,65.5,11.63,85.1,71.6,0
S1108,Ironclad Industries,Automotive,Poland,2024-02-12 04:00:00,3.57,2.76,22.2,424,155394.59,366.09,78.0,4.85,90.6,85.4,0
S1109,Keystone Components,Metals,Mexico,2024-02-12 19:00:00,3.24,2.47,14.4,217,59770.87,275.21,82.2,3.46,98.8,90.4,0
S1110,Blue Ridge Works,Automotive,China,2024-02-12 04:00:00,6.49,1.99,8.6,742,168488.11,227.21,83.7,2.98,93.6,87.7,0
S1111,Quantum Materials,Chemicals,China,2024-02-12 14:00:00,0.12,2.27,22.5,1492,438311.5,293.8,81.4,4.84,94.3,89.6,0
S1112,Nova Supplies,Chemicals,Japan,2024-02-12 19:00:00,1.19,5.46,19.2,217,37729.77,173.58,50.4,9.01,74.4,69.7,1
S1113,Pioneer Industries,Machinery,Poland,2024-02-12 09:00:00,3.56,1.78,16.4,602,35053.37,58.18,84.1,7.34,90.3,86.5,0
S1114,Pioneer Industries,Machinery,Japan,2024-02-12 14:00:00,1.28,0.36,29.6,300,93423.05,311.41,90.4,3.6,95.8,93.2,0
S1115,Keystone Global,Textiles,Vietnam,2024-02-12 08:00:00,1.68,0.87,18.2,1569,415495.87,264.87,87.7,4.93,93.3,90.7,0
S1116,Harbor Works,Automotive,Germany,2024-02-12 13:00:00,3.34,2.11,19.3,409,33686.79,82.45,83.2,0.63,93.5,89.9,0
S1117,Orion Precision,Consumer Goods,Mexico,2024-02-12 11:00:00,4.5,3.21,20.7,1304,106842.0,81.95,79.7,0.77,97.4,89.4,0
S1118,Pioneer Materials,Machinery,Japan,2024-02-12 11:00:00,2.7,1.76,8.5,633,136613.95,215.94,86.1,7.6,92.3,88.2,0
S1119,Zenith Manufacturing,Electronics,Japan,2024-02-12 13:00:00,0.0,3.04,27.3,1361,57110.44,41.95,75.7,0.66,100.0,91.3,0
S1120,Zenith Systems,Pharma,Germany,2024-02-12 12:00:00,2.62,2.29,29.9,353,50882.65,144.27,74.9,3.5,96.6,87.4,0
S1001,Meridian Materials,Pharma,Poland,2024-02-15 01:00:00,3.12,0.47,14.1,120,44558.99,371.51,96.9,6.01,92.0,92.3,0
S1002,Keystone Manufacturing,Metals,China,2024-02-15 19:00:00,4.52,4.7,37.1,933,321183.21,344.35,64.0,8.04,84.7,76.8,0
S1003,Delta Components,Electronics,Japan,2024-02-15 19:00:00,1.29,3.48,23.8,837,176768.01,211.23,77.7,0.81,97.6,90.4,0
S1004,Delta Components,Consumer Goods,Mexico,2024-02-15 13:00:00,1.87,2.97,30.3,1351,296988.36,219.76,70.6,5.74,93.2,84.2,0
S1005,Quantum Precision,Pharma,USA,2024-02-15 15:00:00,5.61,0.31,15.9,332,46992.08,141.34,95.1,4.98,88.1,89.5,0
S1006,Delta Materials,Consumer Goods,Vietnam,2024-02-15 22:00:00,1.33,2.62,13.5,187,33417.6,178.33,79.7,7.57,96.2,88.0,1
S1007,Apex Materials,Consumer Goods,Germany,2024-02-15 15:00:00,13.19,5.28,32.4,194,49812.43,256.64,60.4,10.94,88.0,71.2,1
S1008,Meridian Materials,Consumer Goods,Japan,2024-02-15 07:00:00,5.8,5.12,20.3,1220,31390.72,25.74,53.2,12.31,69.3,65.3,1
S1009,Keystone Logistics,Textiles,India,2024-02-15 11:00:00,1.62,4.66,24.0,852,160317.39,188.27,62.8,7.06,90.6,80.2,0
S1010,Harbor Systems,Consumer Goods,Mexico,2024-02-15 09:00:00,25.46,2.32,44.6,671,8114.11,12.09,66.2,20.54,63.4,54.9,1
S1011,Blue Ridge Materials,Chemicals,Mexico,2024-02-15 14:00:00,1.75,2.43,11.5,585,52024.78,88.91,83.7,3.6,96.4,90.8,0
S1012,Orion Manufacturing,Automotive,Poland,2024-02-15 08:00:00,1.76,3.91,22.7,1217,275680.92,226.61,65.5,6.74,84.7,79.2,1
S1013,Keystone Global,Automotive,India,2024-02-15 17:00:00,2.17,2.02,32.1,1947,217319.31,111.6,86.5,4.9,94.7,90.5,0
S1014,Keystone Manufacturing,Electronics,India,2024-02-15 18:00:00,0.56,4.32,29.2,826,44131.94,53.44,71.4,2.65,92.2,86.0,0
S1015,Ironclad Supplies,Electronics,Vietnam,2024-02-15 13:00:00,3.04,0.94,7.7,978,183653.76,187.78,93.2,10.9,95.4,90.4,0
S1016,Keystone Precision,Metals,Japan,2024-02-15 15:00:00,3.81,1.36,7.1,264,4450.36,16.87,87.7,5.92,90.9,88.4,0
S1017,Apex Industries,Automotive,Vietnam,2024-02-15 06:00:00,1.2,0.92,29.4,2129,457775.35,215.03,90.9,-1.83,99.1,95.2,0
S1018,Vertex Precision,Chemicals,Poland,2024-02-15 22:00:00,5.68,1.09,18.1,278,39782.16,142.86,82.3,7.69,87.8,83.8,0
S1019,Summit Industries,Textiles,Mexico,2024-02-15 17:00:00,7.87,1.08,25.2,672,188897.03,281.02,81.9,8.76,82.3,80.2,1
S1020,Atlas Logistics,Automotive,Vietnam,2024-02-15 21:00:00,3.65,4.61,11.9,1101,21244.52,19.3,60.1,4.5,92.1,79.8,0
S1021,Harbor Supplies,Metals,Vietnam,2024-02-15 13:00:00,2.17,1.79,8.9,1809,486706.27,269.0,87.5,0.49,89.5,90.7,0
S1022,Vertex Logistics,Textiles,China,2024-02-15 20:00:00,7.83,7.32,28.1,119,16503.16,138.19,35.3,10.13,73.4,60.3,1
S1023,Keystone Global,Pharma,USA,2024-02-15 09:00:00,0.84,3.72,23.2,876,74704.03,85.23,69.6,4.76,93.5,84.9,0
S1024,Apex Works,Consumer Goods,Mexico,2024-02-15 18:00:00,3.85,0.99,8.0,1240,283232.67,228.42,89.5,8.07,92.0,88.6,0
S1025,Helix Industries,Metals,Germany,2024-02-15 14:00:00,4.14,2.79,25.1,2062,898935.19,435.86,77.9,9.31,88.0,82.5,0
S1026,Blue Ridge Works,Consumer Goods,Mexico,2024-02-15 17:00:00,5.06,2.28,17.6,131,23786.76,181.28,80.2,5.06,88.2,84.5,1
S1027,Ironclad Logistics,Automotive,Mexico,2024-02-15 20:00:00,2.47,1.3,11.1,1286,414511.25,322.25,81.1,5.29,93.9,88.0,0
S1028,Zenith Components,Pharma,Poland,2024-02-15 19:00:00,2.89,3.09,29.5,1241,257238.34,207.36,63.0,13.35,78.4,73.1,0
S1029,Summit Supplies,Electronics,India,2024-02-15 23:00:00,4.84,2.56,30.5,172,34736.1,201.39,76.9,8.06,84.4,81.0,1
S1030,Keystone Manufacturing,Consumer Goods,India,2024-02-15 16:00:00,1.87,2.14,9.4,1902,152258.53,80.04,86.2,3.79,94.6,90.9,0
S1031,Ironclad Manufacturing,Textiles,Japan,2024-02-15 20:00:00,4.39,5.16,21.6,884,339290.39,384.01,53.3,20.76,79.3,66.4,0
S1032,Vertex Manufacturing,Pharma,Poland,2024-02-15 12:00:00,1.81,2.29,18.8,102,40061.54,392.62,78.3,7.08,94.6,87.0,0
S1033,Blue Ridge Precision,Automotive,Mexico,2024-02-15 23:00:00,4.59,3.66,25.2,877,309779.49,353.3,70.4,3.58,91.1,82.9,0
S1034,Zenith Global,Textiles,Japan,2024-02-15 03:00:00,1.14,3.82,10.2,230,51628.5,224.32,69.9,6.98,95.4,84.7,0
S1035,Delta Works,Textiles,Vietnam,2024-02-15 04:00:00,2.37,1.28,16.6,1509,434878.07,288.24,90.0,3.2,88.9,90.2,0
S1036,Orion Components,Pharma,Vietnam,2024-02-15 09:00:00,0.0,3.88,19.2,1047,177651.08,169.6,69.5,0.74,98.7,88.6,0
S1037,Nova Global,Pharma,India,2024-02-15 09:00:00,0.19,2.87,21.4,1208,46038.66,38.11,75.7,2.81,95.1,88.6,0
S1038,Blue Ridge Works,Metals,Vietnam,2024-02-15 15:00:00,3.55,5.87,24.3,965,293344.9,304.03,51.6,21.03,82.1,67.2,1
S1039,Orion Works,Metals,China,2024-02-15 17:00:00,3.1,3.09,18.7,1237,173802.11,140.52,77.5,0.01,93.0,88.1,0
S1040,Harbor Components,Pharma,China,2024-02-15 11:00:00,4.92,2.08,19.5,1073,306634.43,285.81,84.4,6.42,91.5,86.7,0
S1041,Vertex Supplies,Consumer Goods,Poland,2024-02-15 22:00:00,3.52,1.8,17.2,2188,535383.26,244.69,86.2,3.72,94.2,90.0,0
S1042,Harbor Materials,Electronics,India,2024-02-15 06:00:00,8.85,1.77,18.7,472,42535.43,90.21,84.9,5.36,86.4,83.5,0
S1043,Blue Ridge Logistics,Pharma,Japan,2024-02-15 22:00:00,2.23,1.11,21.0,127,40974.28,322.08,89.1,3.88,93.6,91.4,0
S1044,Quantum Manufacturing,Machinery,Vietnam,2024-02-15 13:00:00,1.11,2.08,11.2,844,164114.27,194.36,82.4,-0.23,98.9,92.8,0
S1045,Vertex Manufacturing,Chemicals,India,2024-02-15 07:00:00,0.6,2.87,22.0,261,23242.61,89.03,77.8,5.16,95.4,88.4,0
S1046,Quantum Materials,Textiles,Mexico,2024-02-15 04:00:00,4.03,0.9,15.0,802,152751.51,190.36,91.8,6.02,96.9,91.7,0
S1047,Atlas Industries,Metals,USA,2024-02-15 14:00:00,8.6,1.46,15.2,429,35309.38,82.31,81.8,13.23,82.3,78.2,1
S1048,Helix Industries,Chemicals,Japan,2024-02-15 03:00:00,3.05,1.78,34.0,1378,108541.48,78.78,76.8,10.84,79.7,79.2,1
S1049,Atlas Works,Metals,Germany,2024-02-15 11:00:00,1.95,2.02,9.8,198,26781.26,135.08,83.1,2.67,97.7,91.3,0
S1050,Vertex Global,Metals,Japan,2024-02-15 12:00:00,2.5,1.05,8.7,686,213649.23,311.51,89.0,6.73,88.3,88.3,0
S1051,Zenith Industries,Consumer Goods,Germany,2024-02-15 08:00:00,1.55,1.51,26.8,1717,202736.24,118.05,92.6,0.78,95.8,94.9,0
S1052,Meridian Manufacturing,Automotive,Germany,2024-02-15 13:00:00,3.64,4.16,14.7,1211,140430.78,115.92,66.8,2.68,94.8,83.7,0
S1053,Harbor Systems,Machinery,India,2024-02-15 17:00:00,4.75,3.37,9.2,1121,136214.16,121.53,78.8,5.21,93.5,85.9,0
S1054,Harbor Manufacturing,Pharma,Mexico,2024-02-15 17:00:00,4.6,3.47,15.0,1182,358664.35,303.35,67.1,3.83,93.8,82.6,0
S1055,Harbor Works,Chemicals,USA,2024-02-15 18:00:00,4.26,4.1,15.6,498,62548.07,125.67,65.3,3.95,91.1,81.1,0
S1056,Ironclad Supplies,Chemicals,Germany,2024-02-15 09:00:00,10.91,5.61,19.4,1142,305119.6,267.27,48.9,15.04,75.0,62.3,1
S1057,Atlas Components,Textiles,Japan,2024-02-15 19:00:00,4.04,3.03,6.5,896,193944.66,216.34,75.7,1.8,96.9,87.7,0
S1058,Meridian Supplies,Textiles,Poland,2024-02-15 13:00:00,1.89,1.42,18.4,125,8590.46,68.89,87.4,1.12,95.3,92.6,0
S1059,Quantum Systems,Pharma,Mexico,2024-02-15 23:00:00,1.26,3.41,21.8,911,79884.98,87.73,71.0,2.41,95.1,86.6,0
S1060,Blue Ridge Systems,Textiles,Vietnam,2024-02-15 12:00:00,2.71,1.7,17.7,932,209739.62,225.1,83.4,2.16,95.4,90.4,0
S1061,Zenith Manufacturing,Pharma,Germany,2024-02-15 00:00:00,4.3,4.07,6.7,445,70631.53,158.79,67.1,14.81,93.7,78.6,0
S1062,Meridian Systems,Consumer Goods,Vietnam,2024-02-15 11:00:00,11.64,1.03,19.2,829,355872.32,429.07,89.6,9.18,87.6,82.8,1
S1063,Delta Precision,Consumer Goods,Germany,2024-02-15 23:00:00,1.27,2.79,19.2,252,18906.7,75.07,77.0,3.07,94.5,88.3,0
S1064,Vertex Logistics,Chemicals,Japan,2024-02-15 09:00:00,3.02,1.19,13.4,487,150820.93,309.67,89.7,1.86,96.7,93.0,0
S1065,Zenith Logistics,Automotive,Vietnam,2024-02-15 13:00:00,3.4,1.05,17.4,1442,361326.0,250.58,90.0,2.62,94.4,91.9,0
S1066,Vertex Materials,Electronics,Germany,2024-02-15 16:00:00,4.83,1.69,8.9,1043,151480.73,145.17,85.8,5.22,96.1,89.3,0
S1067,Harbor Supplies,Textiles,Japan,2024-02-15 06:00:00,4.85,1.61,31.5,1547,112505.02,72.73,91.0,4.77,96.4,91.4,0
S1068,Vertex Supplies,Machinery,Poland,2024-02-15 19:00:00,3.57,1.36,28.9,692,118989.41,172.04,92.0,2.95,91.6,91.4,0
S1069,Keystone Industries,Electronics,India,2024-02-15 22:00:00,3.18,2.8,25.9,341,112117.57,328.91,75.8,1.98,92.7,86.6,0
S1070,Delta Logistics,Machinery,Vietnam,2024-02-15 07:00:00,2.98,1.84,24.6,315,98852.54,314.25,79.2,3.19,91.6,87.1,0
S1071,Pioneer Logistics,Textiles,Japan,2024-02-15 04:00:00,3.26,0.0,22.5,1708,71271.14,41.73,99.4,5.99,94.1,93.9,0
S1072,Delta Materials,Automotive,Poland,2024-02-15 01:00:00,3.85,1.17,19.4,1144,287764.73,251.59,90.6,3.23,93.0,91.1,0
S1073,Orion Components,Pharma,Germany,2024-02-15 10:00:00,3.41,1.27,8.2,622,247921.0,398.43,88.7,7.29,94.8,89.8,0
S1074,Pioneer Precision,Electronics,Vietnam,2024-02-15 11:00:00,1.14,1.37,11.1,105,10426.23,99.75,86.1,6.2,92.4,89.6,0
S1075,Zenith Logistics,Consumer Goods,USA,2024-02-15 12:00:00,2.23,3.64,24.7,848,196158.0,231.19,74.1,3.92,90.2,84.9,0
S1076,Harbor Materials,Consumer Goods,Japan,2024-02-15 22:00:00,0.0,6.71,10.5,813,53152.96,65.37,45.3,11.56,84.1,70.9,1
S1077,Vertex Precision,Machinery,Poland,2024-02-15 16:00:00,1.22,5.47,17.3,968,134552.32,138.96,60.1,6.86,96.6,81.7,0
S1078,Quantum Precision,Metals,Poland,2024-02-15 16:00:00,4.1,2.71,30.6,171,36450.04,213.07,81.4,3.65,96.1,88.7,0
S1079,Apex Systems,Pharma,China,2024-02-15 11:00:00,6.03,4.79,9.6,598,43322.05,72.41,57.2,7.31,88.4,75.2,0
S1080,Zenith Precision,Chemicals,India,2024-02-15 15:00:00,2.2,1.09,19.9,651,257804.24,395.98,87.9,1.47,96.0,92.7,0
S1081,Keystone Components,Textiles,Japan,2024-02-15 05:00:00,2.07,2.39,12.9,305,80102.41,262.98,81.9,-0.94,97.9,91.6,1
S1082,Keystone Manufacturing,Consumer Goods,Mexico,2024-02-15 23:00:00,1.92,4.94,19.3,1153,326388.84,283.17,58.6,15.95,79.0,71.2,1
S1083,Blue Ridge Components,Consumer Goods,USA,2024-02-15 16:00:00,2.18,0.41,19.9,1007,393257.37,390.54,97.8,1.39,96.9,96.5,0
S1084,Pioneer Precision,Machinery,Poland,2024-02-15 00:00:00,1.68,2.16,14.1,563,121515.98,215.94,86.5,2.04,92.0,90.9,0
S1085,Harbor Components,Machinery,USA,2024-02-15 08:00:00,0.0,1.14,22.0,448,82634.38,184.65,88.4,6.4,92.1,90.8,0
S1086,Keystone Global,Metals,Germany,2024-02-15 06:00:00,2.07,1.12,26.1,989,168608.04,170.56,89.9,4.98,93.0,91.1,0
S1087,Summit Components,Pharma,USA,2024-02-15 11:00:00,2.73,0.84,13.3,98,8965.51,91.37,92.1,-0.3,96.4,94.5,0
S1088,Helix Precision,Chemicals,Japan,2024-02-15 18:00:00,2.73,3.07,19.8,1339,254117.31,189.83,78.9,7.93,96.3,87.0,0
S1089,Helix Works,Textiles,USA,2024-02-15 08:00:00,4.08,2.69,15.6,1312,227769.55,173.65,81.3,1.76,95.0,89.0,0
S1090,Pioneer Supplies,Electronics,China,2024-02-15 00:00:00,3.6,4.9,14.1,522,156577.38,300.1,65.1,6.97,90.6,80.1,0
S1091,Zenith Components,Metals,China,2024-02-15 07:00:00,1.78,1.56,10.8,216,33722.99,156.25,85.1,2.64,94.9,91.1,0
S1092,Zenith Components,Textiles,USA,2024-02-15 20:00:00,6.83,0.07,31.2,566,155972.25,275.53,95.8,4.46,91.6,90.5,0
S1093,Atlas Works,Consumer Goods,China,2024-02-15 12:00:00,0.09,1.7,13.0,1138,258934.0,227.6,86.7,1.91,96.0,93.2,0
S1094,Summit Precision,Machinery,Japan,2024-02-15 19:00:00,1.88,3.72,27.6,785,24146.12,30.78,70.9,1.05,94.1,86.4,0
S1095,Vertex Global,Metals,India,2024-02-15 07:00:00,1.11,1.02,27.5,693,157317.6,226.93,85.3,1.51,98.1,93.1,0
S1096,Zenith Precision,Textiles,Japan,2024-02-15 02:00:00,0.0,3.05,14.0,837,198151.37,236.74,81.4,0.18,98.4,92.8,0
S1097,Orion Works,Textiles,China,2024-02-15 07:00:00,1.96,2.49,28.0,439,51838.51,117.96,79.7,-0.66,98.6,91.2,0
S1098,Blue Ridge Components,Machinery,Mexico,2024-02-15 22:00:00,0.0,4.2,29.4,194,25992.59,133.68,71.5,5.45,96.3,86.7,0
S1099,Quantum Global,Consumer Goods,Mexico,2024-02-15 21:00:00,0.4,3.0,19.3,215,90415.6,419.6,80.4,5.99,100.0,90.7,0
S1100,Helix Logistics,Electronics,Poland,2024-02-15 02:00:00,1.44,1.56,11.9,329,103786.12,315.66,86.6,9.96,85.7,85.9,0
S1101,Summit Logistics,Metals,Poland,2024-02-15 20:00:00,2.67,1.41,23.5,1410,537547.39,381.37,87.3,3.78,95.8,91.3,0
S1102,Atlas Works,Consumer Goods,Germany,2024-02-15 18:00:00,1.17,3.43,20.2,1136,248784.29,218.95,73.8,3.03,98.0,88.4,0
S1103,Ironclad Industries,Automotive,Poland,2024-02-15 06:00:00,2.94,0.61,26.8,837,204442.15,244.3,99.0,0.76,93.8,95.7,0
S1104,Blue Ridge Materials,Textiles,Japan,2024-02-15 06:00:00,2.45,2.1,33.5,637,37478.62,58.86,78.2,4.54,91.8,86.6,0
S1105,Keystone Works,Electronics,Poland,2024-02-15 12:00:00,5.28,1.69,7.7,1333,387627.55,290.82,90.0,1.93,92.0,90.3,0
S1106,Quantum Materials,Chemicals,Poland,2024-02-15 03:00:00,4.31,1.69,25.7,443,86125.46,194.39,83.0,1.8,95.9,89.8,0
S1107,Delta Supplies,Consumer Goods,USA,2024-02-15 05:00:00,6.44,6.36,19.6,1247,363150.63,291.33,49.1,16.21,87.6,68.5,1
S1108,Ironclad Industries,Automotive,Poland,2024-02-15 22:00:00,3.05,2.58,23.7,488,180379.66,370.0,81.2,5.97,92.0,86.9,0
S1109,Keystone Components,Metals,Mexico,2024-02-15 19:00:00,5.24,3.03,14.6,165,45303.02,274.77,74.8,3.3,95.6,85.8,0
S1110,Blue Ridge Works,Automotive,China,2024-02-15 06:00:00,15.51,2.64,8.2,1041,237291.22,227.86,80.3,3.27,85.9,79.2,1
S1111,Quantum Materials,Chemicals,China,2024-02-15 13:00:00,2.53,1.73,20.4,952,289093.02,303.64,83.7,8.35,93.5,87.6,1
S1112,Nova Supplies,Chemicals,Japan,2024-02-15 11:00:00,1.61,8.27,18.2,157,29249.9,185.73,34.5,16.64,79.8,63.0,1
S1113,Pioneer Industries,Machinery,Poland,2024-02-15 01:00:00,0.0,1.28,18.9,472,27846.61,58.95,90.8,8.75,98.7,93.1,0
S1114,Pioneer Industries,Machinery,Japan,2024-02-15 05:00:00,1.74,0.85,28.7,418,125125.6,299.29,85.7,-0.44,89.8,90.4,0
S1115,Keystone Global,Textiles,Vietnam,2024-02-15 04:00:00,3.16,1.02,16.5,1557,425805.08,273.55,91.7,8.36,94.8,90.5,0
S1116,Harbor Works,Automotive,Germany,2024-02-15 04:00:00,3.73,2.6,18.3,686,58315.18,85.06,77.0,3.82,97.1,87.7,0
S1117,Orion Precision,Consumer Goods,Mexico,2024-02-15 08:00:00,2.91,2.32,18.2,1461,121633.99,83.26,85.4,2.38,94.8,90.8,0
S1118,Pioneer Materials,Machinery,Japan,2024-02-15 20:00:00,0.92,1.58,13.0,597,124735.57,209.01,87.5,4.15,93.0,91.1,0
S1119,Zenith Manufacturing,Electronics,Japan,2024-02-15 07:00:00,1.72,1.99,26.2,710,30293.74,42.68,82.9,2.41,98.8,91.8,0
S1120,Zenith Systems,Pharma,Germany,2024-02-15 16:00:00,1.52,1.7,29.5,391,56926.83,145.61,88.7,4.47,96.9,92.5,0
S1001,Meridian Materials,Pharma,Poland,2024-02-18 04:00:00,19.59,1.15,12.2,117,43262.55,370.17,89.7,5.63,85.0,79.2,0
S1002,Keystone Manufacturing,Metals,China,2024-02-18 13:00:00,0.25,3.49,35.2,739,262710.95,355.71,72.2,11.6,87.5,81.4,0
S1003,Delta Components,Electronics,Japan,2024-02-18 22:00:00,2.78,4.49,22.0,710,152041.93,214.28,64.5,2.27,93.5,83.1,0
S1004,Delta Components,Consumer Goods,Mexico,2024-02-18 19:00:00,0.41,2.77,27.8,1253,266449.67,212.66,77.1,2.32,91.6,88.0,0
S1005,Quantum Precision,Pharma,USA,2024-02-18 16:00:00,0.76,1.76,17.7,273,40540.09,148.49,81.9,10.3,92.2,86.7,0
S1006,Delta Materials,Consumer Goods,Vietnam,2024-02-18 02:00:00,1.11,1.49,12.7,257,44419.95,173.01,87.4,4.36,95.3,91.7,0
S1007,Apex Materials,Consumer Goods,Germany,2024-02-18 02:00:00,6.05,4.88,33.0,472,117566.02,249.31,64.5,7.77,90.3,78.2,0
S1008,Meridian Materials,Consumer Goods,Japan,2024-02-18 08:00:00,1.35,5.72,21.1,604,16053.38,26.56,44.5,15.88,69.0,63.1,1
S1009,Keystone Logistics,Textiles,India,2024-02-18 18:00:00,0.12,5.81,24.6,485,90203.27,185.89,57.2,5.7,88.5,78.8,0
S1010,Harbor Systems,Consumer Goods,Mexico,2024-02-18 19:00:00,23.98,1.3,44.6,1265,16550.36,13.08,77.1,30.44,59.2,54.3,1
S1011,Blue Ridge Materials,Chemicals,Mexico,2024-02-18 10:00:00,3.15,3.58,12.6,695,62221.66,89.52,70.3,4.31,96.8,85.3,0
S1012,Orion Manufacturing,Automotive,Poland,2024-02-18 23:00:00,4.26,5.32,21.8,887,204722.44,230.89,52.9,8.76,85.8,73.1,1
S1013,Keystone Global,Automotive,India,2024-02-18 16:00:00,3.56,3.14,30.3,805,89205.2,110.83,73.3,4.17,93.8,85.1,1
S1014,Keystone Manufacturing,Electronics,India,2024-02-18 10:00:00,3.77,4.48,29.5,1093,59790.0,54.69,61.7,5.06,92.0,80.0,0
S1015,Ironclad Supplies,Electronics,Vietnam,2024-02-18 03:00:00,4.08,1.47,6.0,866,153058.34,176.74,84.8,4.39,91.8,88.1,0
S1016,Keystone Precision,Metals,Japan,2024-02-18 23:00:00,3.34,1.58,7.3,548,9247.96,16.87,90.1,5.97,93.9,90.5,0
S1017,Apex Industries,Automotive,Vietnam,2024-02-18 16:00:00,1.35,1.13,27.7,1263,280588.74,222.11,89.2,1.4,95.6,93.5,0
S1018,Vertex Precision,Chemicals,Poland,2024-02-18 03:00:00,5.34,0.89,18.3,231,32427.52,140.66,88.8,6.03,89.6,87.5,0
S1019,Summit Industries,Textiles,Mexico,2024-02-18 23:00:00,10.32,1.67,27.7,718,207316.95,288.87,79.7,11.8,79.6,76.2,1
S1020,Atlas Logistics,Automotive,Vietnam,2024-02-18 18:00:00,3.08,3.44,11.6,1179,22644.19,19.21,72.5,4.02,91.9,84.5,0
S1021,Harbor Supplies,Metals,Vietnam,2024-02-18 05:00:00,1.57,2.56,8.1,903,259775.04,287.6,79.7,7.44,97.1,88.3,0
S1022,Vertex Logistics,Textiles,China,2024-02-18 20:00:00,1.67,6.06,30.0,122,18027.11,148.25,49.0,18.14,78.8,67.1,1
S1023,Keystone Global,Pharma,USA,2024-02-18 23:00:00,0.68,3.78,21.2,831,68244.49,82.13,67.8,0.95,93.9,85.9,0
S1024,Apex Works,Consumer Goods,Mexico,2024-02-18 05:00:00,4.51,2.41,7.8,982,217380.92,221.3,75.4,4.71,89.3,83.6,0
S1025,Helix Industries,Metals,Germany,2024-02-18 22:00:00,5.86,3.55,26.0,1742,738928.7,424.12,71.4,6.37,90.5,81.4,0
S1026,Blue Ridge Works,Consumer Goods,Mexico,2024-02-18 13:00:00,4.23,2.77,12.6,90,16342.06,182.07,79.6,5.52,91.7,85.8,0
S1027,Ironclad Logistics,Automotive,Mexico,2024-02-18 03:00:00,5.21,2.03,7.7,1013,328874.88,324.7,79.7,6.09,91.3,85.0,0
S1028,Zenith Components,Pharma,Poland,2024-02-18 11:00:00,2.92,3.49,31.7,1129,228635.65,202.56,62.6,10.73,82.0,75.1,1
S1029,Summit Supplies,Electronics,India,2024-02-18 18:00:00,2.17,3.73,26.8,175,36499.42,209.09,64.9,12.19,84.6,76.6,1
S1030,Keystone Manufacturing,Consumer Goods,India,2024-02-18 14:00:00,0.0,3.34,10.2,1186,93143.48,78.54,71.4,1.85,96.1,88.0,0
S1031,Ironclad Manufacturing,Textiles,Japan,2024-02-18 21:00:00,10.77,5.05,24.2,870,295688.19,339.89,52.2,6.88,72.0,65.5,1
S1032,Vertex Manufacturing,Pharma,Poland,2024-02-18 21:00:00,0.53,2.89,16.6,152,57258.16,377.63,79.2,2.99,97.2,90.3,0
S1033,Blue Ridge Precision,Automotive,Mexico,2024-02-18 01:00:00,4.65,4.15,26.9,839,289188.5,344.7,68.9,1.06,94.4,84.4,0
S1034,Zenith Global,Textiles,Japan,2024-02-18 03:00:00,1.72,3.51,11.7,170,36515.71,214.31,73.6,2.21,96.4,87.8,0
S1035,Delta Works,Textiles,Vietnam,2024-02-18 17:00:00,5.97,2.51,17.2,1596,472938.72,296.26,78.2,6.07,91.2,84.0,0
S1036,Orion Components,Pharma,Vietnam,2024-02-18 20:00:00,0.0,3.44,18.3,1429,250499.73,175.26,74.8,4.1,96.5,88.4,0
S1037,Nova Global,Pharma,India,2024-02-18 20:00:00,2.26,2.29,22.4,1209,47241.32,39.08,79.2,5.42,99.6,89.4,0
S1038,Blue Ridge Works,Metals,Vietnam,2024-02-18 13:00:00,6.5,5.59,23.0,955,272091.3,284.96,52.2,13.44,80.3,68.1,1
S1039,Orion Works,Metals,China,2024-02-18 14:00:00,3.41,3.57,21.1,873,121510.07,139.15,70.4,-0.97,94.6,85.7,0
S1040,Harbor Components,Pharma,China,2024-02-18 08:00:00,5.06,2.45,21.0,1383,392414.0,283.81,88.7,5.67,89.9,87.8,0
S1041,Vertex Supplies,Consumer Goods,Poland,2024-02-18 21:00:00,3.04,1.44,14.7,1195,290856.33,243.45,88.9,3.19,93.0,91.0,0
S1042,Harbor Materials,Electronics,India,2024-02-18 00:00:00,3.4,2.24,22.0,857,78496.69,91.57,79.2,6.94,89.8,84.8,0
S1043,Blue Ridge Logistics,Pharma,Japan,2024-02-18 13:00:00,0.73,1.4,20.9,143,45735.61,319.59,90.6,3.08,100.0,95.2,0
S1044,Quantum Manufacturing,Machinery,Vietnam,2024-02-18 17:00:00,1.99,2.13,12.9,490,99666.31,203.47,78.5,4.45,99.4,89.6,1
S1045,Vertex Manufacturing,Chemicals,India,2024-02-18 17:00:00,3.3,2.68,24.4,274,24840.62,90.67,77.2,7.09,94.8,85.9,0
S1046,Quantum Materials,Textiles,Mexico,2024-02-18 18:00:00,2.91,1.15,12.3,650,117567.58,181.01,91.5,0.81,96.0,93.9,0
S1047,Atlas Industries,Metals,USA,2024-02-18 07:00:00,8.28,1.92,15.9,677,53258.33,78.73,77.2,8.29,80.4,77.9,0
S1048,Helix Industries,Chemicals,Japan,2024-02-18 16:00:00,10.11,3.98,40.6,893,72756.34,81.46,66.3,14.6,76.2,69.4,1
S1049,Atlas Works,Metals,Germany,2024-02-18 12:00:00,2.58,3.49,10.1,154,20315.53,132.3,73.6,0.56,95.6,87.7,0
S1050,Vertex Global,Metals,Japan,2024-02-18 08:00:00,1.29,3.87,9.9,1012,302404.53,298.95,70.5,2.43,88.5,84.1,0
S1051,Zenith Industries,Consumer Goods,Germany,2024-02-18 15:00:00,2.77,1.9,25.4,1116,135280.27,121.26,89.4,3.51,97.4,92.7,0
S1052,Meridian Manufacturing,Automotive,Germany,2024-02-18 19:00:00,3.3,3.89,11.9,1392,165512.57,118.92,71.2,5.34,92.4,83.6,0
S1053,Harbor Systems,Machinery,India,2024-02-18 13:00:00,3.99,4.15,12.3,733,91385.08,124.71,67.9,7.97,90.3,80.4,0
S1054,Harbor Manufacturing,Pharma,Mexico,2024-02-18 08:00:00,3.19,2.86,17.4,1119,330134.75,295.01,81.5,0.97,92.9,89.1,0
S1055,Harbor Works,Chemicals,USA,2024-02-18 17:00:00,5.17,3.94,19.9,373,47280.12,126.79,68.5,4.87,91.4,81.6,0
S1056,Ironclad Supplies,Chemicals,Germany,2024-02-18 06:00:00,6.58,7.41,19.4,622,160261.29,257.68,32.3,10.91,76.2,60.6,1
S1057,Atlas Components,Textiles,Japan,2024-02-18 08:00:00,4.15,3.53,5.2,406,89892.74,221.46,72.4,4.21,90.9,83.5,0
S1058,Meridian Supplies,Textiles,Poland,2024-02-18 10:00:00,0.93,1.01,14.8,210,14784.66,70.54,93.8,3.55,95.4,94.4,0
S1059,Quantum Systems,Pharma,Mexico,2024-02-18 20:00:00,12.61,3.47,20.9,859,77982.47,90.76,71.8,5.94,90.6,78.3,0
S1060,Blue Ridge Systems,Textiles,Vietnam,2024-02-18 20:00:00,2.97,1.47,16.5,1011,241887.65,239.25,90.1,8.58,97.1,90.8,0
S1061,Zenith Manufacturing,Pharma,Germany,2024-02-18 12:00:00,4.27,3.75,7.3,439,60272.85,137.42,71.6,-0.64,94.0,85.6,0
S1062,Meridian Systems,Consumer Goods,Vietnam,2024-02-18 18:00:00,2.22,0.9,15.9,1434,565543.4,394.48,91.3,0.38,93.2,93.3,0
S1063,Delta Precision,Consumer Goods,Germany,2024-02-18 05:00:00,3.14,3.63,19.2,314,23420.14,74.58,74.9,2.39,95.4,87.1,0
S1064,Vertex Logistics,Chemicals,Japan,2024-02-18 10:00:00,3.07,0.48,15.4,431,133407.19,309.47,94.5,1.79,97.8,95.1,0
S1065,Zenith Logistics,Automotive,Vietnam,2024-02-18 18:00:00,0.88,1.4,15.8,1099,275880.97,251.1,88.2,2.84,98.1,93.7,0
S1066,Vertex Materials,Electronics,Germany,2024-02-18 14:00:00,3.25,0.11,6.1,887,125207.07,141.24,94.1,2.37,99.0,95.1,0
S1067,Harbor Supplies,Textiles,Japan,2024-02-18 11:00:00,4.31,3.02,30.0,1051,75840.94,72.13,77.8,3.92,91.7,85.7,0
S1068,Vertex Supplies,Machinery,Poland,2024-02-18 10:00:00,4.32,1.19,27.9,520,92827.9,178.45,85.8,6.79,95.4,88.7,0
S1069,Keystone Industries,Electronics,India,2024-02-18 14:00:00,5.66,2.75,24.1,284,95906.39,337.56,82.3,4.67,93.5,86.9,0
S1070,Delta Logistics,Machinery,Vietnam,2024-02-18 15:00:00,0.0,0.51,23.6,365,117053.24,320.86,93.4,5.36,97.6,94.8,0
S1071,Pioneer Logistics,Textiles,Japan,2024-02-18 14:00:00,4.93,0.19,22.8,1152,47977.15,41.64,97.0,5.76,94.6,92.4,0
S1072,Delta Materials,Automotive,Poland,2024-02-18 01:00:00,5.93,1.48,18.2,682,177150.74,259.67,86.7,6.55,93.2,87.6,0
S1073,Orion Components,Pharma,Germany,2024-02-18 12:00:00,2.42,1.89,8.0,922,355692.87,385.62,81.4,3.84,91.5,87.9,1
S1074,Pioneer Precision,Electronics,Vietnam,2024-02-18 08:00:00,5.34,1.8,9.4,100,10119.53,100.76,81.0,7.28,87.9,83.7,1
S1075,Zenith Logistics,Consumer Goods,USA,2024-02-18 06:00:00,2.21,3.59,22.3,565,131977.16,233.73,71.1,5.06,95.7,85.4,0
S1076,Harbor Materials,Consumer Goods,Japan,2024-02-18 22:00:00,0.28,5.68,11.1,906,58898.4,65.03,51.2,10.97,85.3,73.5,0
S1077,Vertex Precision,Machinery,Poland,2024-02-18 01:00:00,0.39,4.32,17.6,697,95016.57,136.36,66.1,4.86,93.2,83.7,0
S1078,Quantum Precision,Metals,Poland,2024-02-18 10:00:00,1.84,1.16,32.2,165,35059.15,212.23,90.4,3.24,98.3,93.9,0
S1079,Apex Systems,Pharma,China,2024-02-18 03:00:00,5.54,5.21,7.2,1047,73929.65,70.6,58.1,4.63,91.2,77.7,0
S1080,Zenith Precision,Chemicals,India,2024-02-18 07:00:00,1.23,1.87,16.5,964,397375.74,412.25,84.9,5.64,91.0,88.9,1
S1081,Keystone Components,Textiles,Japan,2024-02-18 02:00:00,2.45,1.72,13.0,318,87380.44,275.05,85.8,3.61,95.9,91.0,0
S1082,Keystone Manufacturing,Consumer Goods,Mexico,2024-02-18 09:00:00,2.33,6.96,22.0,1296,348026.59,268.46,42.0,9.92,79.8,67.7,1
S1083,Blue Ridge Components,Consumer Goods,USA,2024-02-18 17:00:00,1.92,0.54,20.4,1446,573207.61,396.4,97.4,2.91,90.5,93.7,0
S1084,Pioneer Precision,Machinery,Poland,2024-02-18 13:00:00,2.65,2.23,7.7,642,136606.57,212.83,80.9,0.57,95.7,90.3,0
S1085,Harbor Components,Machinery,USA,2024-02-18 22:00:00,0.0,1.03,21.2,1056,194800.85,184.55,86.0,6.34,95.1,91.0,0
S1086,Keystone Global,Metals,Germany,2024-02-18 09:00:00,2.2,1.32,27.4,655,108731.54,166.08,85.0,2.22,95.4,91.2,0
S1087,Summit Components,Pharma,USA,2024-02-18 00:00:00,3.28,0.3,11.5,190,18563.6,97.5,96.3,6.4,92.8,92.1,0
S1088,Helix Precision,Chemicals,Japan,2024-02-18 15:00:00,3.3,2.5,23.4,1021,184711.8,181.0,80.0,2.9,93.0,87.8,0
S1089,Helix Works,Textiles,USA,2024-02-18 02:00:00,5.28,2.41,18.2,966,170374.75,176.45,82.0,3.4,92.9,87.3,0
S1090,Pioneer Supplies,Electronics,China,2024-02-18 14:00:00,1.56,3.96,15.6,482,145478.91,301.96,70.7,7.63,94.0,84.0,0
S1091,Zenith Components,Metals,China,2024-02-18 21:00:00,0.31,2.72,14.4,382,60432.27,158.36,73.9,4.03,98.2,88.6,0
S1092,Zenith Components,Textiles,USA,2024-02-18 21:00:00,4.96,0.0,27.6,314,85012.98,270.34,100.0,2.48,90.9,93.4,0
S1093,Atlas Works,Consumer Goods,China,2024-02-18 20:00:00,3.34,2.51,15.5,1134,268270.65,236.6,79.2,5.94,93.2,86.5,0
S1094,Summit Precision,Machinery,Japan,2024-02-18 20:00:00,13.15,3.99,30.8,1077,33680.42,31.27,70.6,2.67,92.2,79.4,0
S1095,Vertex Global,Metals,India,2024-02-18 19:00:00,1.11,0.79,27.4,819,179123.41,218.8,94.4,-2.13,98.7,96.3,0
S1096,Zenith Precision,Textiles,Japan,2024-02-18 14:00:00,0.61,1.09,14.9,833,198017.7,237.67,89.7,0.57,98.3,95.3,0
S1097,Orion Works,Textiles,China,2024-02-18 16:00:00,1.26,2.76,27.1,394,47804.16,121.19,80.5,2.06,98.1,91.1,0
S1098,Blue Ridge Components,Machinery,Mexico,2024-02-18 23:00:00,2.37,4.72,27.6,229,30545.46,133.47,64.8,5.29,96.2,83.2,0
S1099,Quantum Global,Consumer Goods,Mexico,2024-02-18 08:00:00,2.23,2.31,20.5,154,63707.42,412.48,78.2,4.19,97.1,88.7,0
S1100,Helix Logistics,Electronics,Poland,2024-02-18 13:00:00,0.54,2.84,9.5,431,126946.37,294.82,72.7,2.7,89.4,85.4,0
S1101,Summit Logistics,Metals,Poland,2024-02-18 21:00:00,2.3,0.37,23.6,1359,506019.26,372.44,97.4,1.35,96.4,96.2,0
S1102,Atlas Works,Consumer Goods,Germany,2024-02-18 06:00:00,1.64,2.54,17.5,1408,303128.15,215.34,82.4,1.33,97.7,91.7,0
S1103,Ironclad Industries,Automotive,Poland,2024-02-18 04:00:00,2.45,0.23,25.2,1007,246364.87,244.58,97.5,0.87,99.1,97.3,0
S1104,Blue Ridge Materials,Textiles,Japan,2024-02-18 06:00:00,0.0,1.34,32.7,507,30630.83,60.41,85.5,7.29,94.9,90.4,0
S1105,Keystone Works,Electronics,Poland,2024-02-18 17:00:00,3.83,1.67,8.8,1372,407275.92,296.94,81.7,4.08,92.5,87.5,0
S1106,Quantum Materials,Chemicals,Poland,2024-02-18 22:00:00,3.08,1.9,23.5,639,128022.27,200.36,86.4,4.93,94.1,89.8,0
S1107,Delta Supplies,Consumer Goods,USA,2024-02-18 17:00:00,8.44,5.1,20.7,1583,443485.55,280.23,55.8,11.78,83.2,70.0,1
S1108,Ironclad Industries,Automotive,Poland,2024-02-18 18:00:00,3.92,4.5,21.1,709,255099.03,359.84,71.5,3.06,91.8,84.0,0
S1109,Keystone Components,Metals,Mexico,2024-02-18 08:00:00,4.12,2.53,12.0,174,47407.48,272.71,81.2,2.52,93.7,88.2,0
S1110,Blue Ridge Works,Automotive,China,2024-02-18 09:00:00,3.34,2.76,8.1,1203,277215.34,230.43,81.8,4.44,95.8,88.8,0
S1111,Quantum Materials,Chemicals,China,2024-02-18 20:00:00,4.75,2.16,20.5,913,265321.81,290.51,83.8,3.66,89.6,86.9,0
S1112,Nova Supplies,Chemicals,Japan,2024-02-18 06:00:00,0.44,4.93,18.9,207,39392.52,190.21,51.8,19.45,77.5,67.7,1
S1113,Pioneer Industries,Machinery,Poland,2024-02-18 02:00:00,1.82,2.31,20.4,874,48221.74,55.16,78.0,1.77,93.8,88.6,0
S1114,Pioneer Industries,Machinery,Japan,2024-02-18 16:00:00,3.79,1.31,28.8,216,67693.93,313.14,90.8,4.17,90.7,90.1,0
S1115,Keystone Global,Textiles,Vietnam,2024-02-18 18:00:00,3.07,1.33,19.7,1047,283516.62,270.85,90.5,7.3,92.6,89.8,0
S1116,Harbor Works,Automotive,Germany,2024-02-18 07:00:00,4.06,2.47,17.0,564,47150.08,83.66,84.4,2.11,89.6,88.1,0
S1117,Orion Precision,Consumer Goods,Mexico,2024-02-18 15:00:00,3.57,2.5,20.7,1491,124091.91,83.22,80.2,2.33,97.3,89.5,0
S1118,Pioneer Materials,Machinery,Japan,2024-02-18 05:00:00,2.15,2.65,8.1,397,86077.17,216.64,74.7,7.95,92.9,84.6,0
S1119,Zenith Manufacturing,Electronics,Japan,2024-02-18 03:00:00,6.04,0.66,27.3,1549,64658.46,41.75,92.2,0.17,98.2,93.6,0
S1120,Zenith Systems,Pharma,Germany,2024-02-18 23:00:00,0.0,1.39,30.9,398,58808.43,147.91,90.2,6.12,98.0,93.6,0
S1001,Meridian Materials,Pharma,Poland,2024-02-21 20:00:00,8.4,0.91,13.4,74,27380.27,369.99,89.3,5.58,93.9,87.8,0
S1002,Keystone Manufacturing,Metals,China,2024-02-21 09:00:00,12.38,4.02,33.4,1018,346588.69,340.3,67.3,6.77,81.9,73.5,0
S1003,Delta Components,Electronics,Japan,2024-02-21 18:00:00,5.6,2.8,23.1,794,173166.55,218.21,71.4,4.14,94.9,83.9,0
S1004,Delta Components,Consumer Goods,Mexico,2024-02-21 16:00:00,2.45,1.38,30.8,1256,263144.75,209.53,89.6,0.81,90.8,91.6,0
S1005,Quantum Precision,Pharma,USA,2024-02-21 07:00:00,2.59,1.0,18.2,264,37599.06,142.47,86.6,5.82,89.5,88.2,0
S1006,Delta Materials,Consumer Goods,Vietnam,2024-02-21 11:00:00,1.78,1.52,13.5,187,32570.72,174.26,87.6,5.12,93.0,90.4,0
S1007,Apex Materials,Consumer Goods,Germany,2024-02-21 12:00:00,5.48,4.58,32.3,332,79737.94,240.08,66.7,3.78,93.8,82.0,0
S1008,Meridian Materials,Consumer Goods,Japan,2024-02-21 16:00:00,6.47,5.67,21.8,1092,29721.75,27.23,45.0,18.8,67.7,59.2,1
S1009,Keystone Logistics,Textiles,India,2024-02-21 02:00:00,0.0,5.32,25.9,489,92133.28,188.57,54.0,7.23,90.1,77.7,0
S1010,Harbor Systems,Consumer Goods,Mexico,2024-02-21 18:00:00,9.63,2.01,45.2,717,8197.43,11.43,77.8,13.95,68.9,71.3,1
S1011,Blue Ridge Materials,Chemicals,Mexico,2024-02-21 17:00:00,2.47,3.64,9.3,493,43897.04,89.09,72.8,3.81,94.9,86.0,0
S1012,Orion Manufacturing,Automotive,Poland,2024-02-21 20:00:00,3.75,5.23,22.0,1403,357362.39,254.64,59.5,19.95,90.1,73.0,1
S1013,Keystone Global,Automotive,India,2024-02-21 21:00:00,2.18,2.05,31.2,1168,126731.19,108.49,82.3,1.98,91.9,89.2,0
S1014,Keystone Manufacturing,Electronics,India,2024-02-21 12:00:00,2.61,4.81,29.1,711,40445.93,56.89,62.4,9.26,88.0,77.9,0
S1015,Ironclad Supplies,Electronics,Vietnam,2024-02-21 17:00:00,3.75,1.47,10.9,995,179460.66,180.36,86.9,6.52,88.0,86.9,0
S1016,Keystone Precision,Metals,Japan,2024-02-21 12:00:00,5.9,0.0,8.7,403,6677.85,16.59,98.4,4.16,94.0,92.8,0
S1017,Apex Industries,Automotive,Vietnam,2024-02-21 19:00:00,0.0,1.27,27.2,1294,296836.23,229.4,90.5,4.72,96.5,93.7,0
S1018,Vertex Precision,Chemicals,Poland,2024-02-21 08:00:00,12.42,0.0,20.0,229,32999.07,144.14,99.1,8.65,82.7,84.2,0
S1019,Summit Industries,Textiles,Mexico,2024-02-21 17:00:00,8.92,2.86,29.6,262,77125.79,294.09,65.5,13.81,75.1,69.6,0
S1020,Atlas Logistics,Automotive,Vietnam,2024-02-21 03:00:00,7.76,4.13,10.1,1341,25241.44,18.82,68.8,1.93,89.1,80.7,1
S1021,Harbor Supplies,Metals,Vietnam,2024-02-21 17:00:00,0.97,1.69,10.4,1013,286620.5,282.85,88.7,5.67,95.9,92.0,0
S1022,Vertex Logistics,Textiles,China,2024-02-21 01:00:00,1.89,9.05,31.1,160,24882.55,155.13,27.4,23.63,74.9,56.0,1
S1023,Keystone Global,Pharma,USA,2024-02-21 19:00:00,1.45,3.7,24.9,726,63575.2,87.6,71.6,7.67,98.2,85.8,0
S1024,Apex Works,Consumer Goods,Mexico,2024-02-21 10:00:00,2.57,2.23,7.1,1588,349233.55,219.87,83.4,4.03,95.7,89.9,0
S1025,Helix Industries,Metals,Germany,2024-02-21 13:00:00,3.3,3.41,23.5,899,377164.4,419.33,73.1,5.17,90.9,83.8,0
S1026,Blue Ridge Works,Consumer Goods,Mexico,2024-02-21 22:00:00,3.73,2.64,18.6,186,32122.34,173.09,74.8,0.31,88.2,85.1,1
S1027,Ironclad Logistics,Automotive,Mexico,2024-02-21 20:00:00,4.74,2.34,10.9,1272,410584.5,322.74,81.0,5.45,93.0,86.5,0
S1028,Zenith Components,Pharma,Poland,2024-02-21 05:00:00,3.86,3.76,30.5,1248,255946.29,205.06,60.6,12.09,78.4,72.2,1
S1029,Summit Supplies,Electronics,India,2024-02-21 11:00:00,2.28,2.89,32.6,123,26971.64,219.04,70.7,17.53,81.8,75.7,1
S1030,Keystone Manufacturing,Consumer Goods,India,2024-02-21 22:00:00,0.23,1.42,10.2,1256,97764.47,77.86,90.7,0.97,95.7,94.8,0
S1031,Ironclad Manufacturing,Textiles,Japan,2024-02-21 02:00:00,6.55,6.53,25.1,841,316027.04,375.98,43.6,18.23,70.3,59.8,1
S1032,Vertex Manufacturing,Pharma,Poland,2024-02-21 16:00:00,0.08,2.15,18.5,105,40274.21,384.81,83.1,4.95,93.3,89.8,0
S1033,Blue Ridge Precision,Automotive,Mexico,2024-02-21 22:00:00,3.96,4.03,27.0,618,222212.88,359.59,73.4,5.43,90.4,83.3,0
S1034,Zenith Global,Textiles,Japan,2024-02-21 18:00:00,1.31,4.06,8.2,183,40836.13,223.14,69.4,6.42,96.4,85.0,0
S1035,Delta Works,Textiles,Vietnam,2024-02-21 03:00:00,4.7,1.66,19.2,792,227021.72,286.52,86.2,2.58,93.3,89.5,0
S1036,Orion Components,Pharma,Vietnam,2024-02-21 15:00:00,0.0,3.7,15.2,553,95671.66,173.06,72.7,2.79,97.1,88.4,0
S1037,Nova Global,Pharma,India,2024-02-21 17:00:00,3.21,2.72,20.8,716,27100.13,37.84,82.4,2.07,92.2,88.7,0
S1038,Blue Ridge Works,Metals,Vietnam,2024-02-21 23:00:00,9.53,5.95,27.5,889,250827.01,282.26,48.7,12.37,76.2,64.3,1
S1039,Orion Works,Metals,China,2024-02-21 03:00:00,0.94,3.45,20.0,1881,275459.59,146.43,77.8,4.21,95.5,88.6,0
S1040,Harbor Components,Pharma,China,2024-02-21 14:00:00,4.49,2.6,19.9,1448,416443.69,287.66,78.1,7.11,93.9,85.3,0
S1041,Vertex Supplies,Consumer Goods,Poland,2024-02-21 06:00:00,0.94,1.69,13.9,1261,292012.34,231.5,90.2,-1.88,96.4,94.1,0
S1042,Harbor Materials,Electronics,India,2024-02-21 06:00:00,7.21,2.51,19.2,732,64269.73,87.83,77.4,2.57,90.0,84.0,0
S1043,Blue Ridge Logistics,Pharma,Japan,2024-02-21 08:00:00,0.6,1.99,22.2,143,46961.58,327.57,81.3,5.66,95.4,89.4,0
S1044,Quantum Manufacturing,Machinery,Vietnam,2024-02-21 01:00:00,0.04,2.41,11.2,1241,251458.46,202.69,82.0,4.05,95.0,90.4,0
S1045,Vertex Manufacturing,Chemicals,India,2024-02-21 16:00:00,2.15,2.75,24.0,308,27018.29,87.84,78.2,3.75,97.3,89.0,0
S1046,Quantum Materials,Textiles,Mexico,2024-02-21 19:00:00,1.01,1.78,12.6,863,157643.82,182.74,80.9,1.78,97.8,91.4,0
S1047,Atlas Industries,Metals,USA,2024-02-21 17:00:00,14.86,1.87,15.0,891,75190.66,84.4,77.8,16.09,75.8,70.3,1
S1048,Helix Industries,Chemicals,Japan,2024-02-21 18:00:00,5.67,3.94,38.7,1107,79724.89,72.04,59.6,1.35,76.0,74.1,1
S1049,Atlas Works,Metals,Germany,2024-02-21 02:00:00,3.77,2.94,5.3,85,11242.08,132.77,76.2,0.92,99.8,89.4,0
S1050,Vertex Global,Metals,Japan,2024-02-21 16:00:00,6.4,3.8,7.1,731,227724.78,311.62,71.9,6.77,87.9,80.2,0
S1051,Zenith Industries,Consumer Goods,Germany,2024-02-21 06:00:00,0.71,1.87,26.1,704,84601.5,120.25,84.2,2.66,99.6,93.0,0
S1052,Meridian Manufacturing,Automotive,Germany,2024-02-21 00:00:00,3.39,1.97,13.5,1729,202372.51,117.06,84.5,3.7,96.5,90.3,0
S1053,Harbor Systems,Machinery,India,2024-02-21 22:00:00,0.29,3.89,5.8,857,104334.47,121.69,72.0,5.35,96.9,87.0,0
S1054,Harbor Manufacturing,Pharma,Mexico,2024-02-21 01:00:00,2.72,3.69,17.9,1113,328791.51,295.3,75.0,1.07,93.9,87.4,0
S1055,Harbor Works,Chemicals,USA,2024-02-21 10:00:00,1.13,4.86,18.9,467,59002.63,126.34,64.0,4.5,95.1,83.4,0
S1056,Ironclad Supplies,Chemicals,Germany,2024-02-21 20:00:00,11.61,7.11,20.5,717,192560.8,268.45,40.5,15.55,69.6,56.9,1
S1057,Atlas Components,Textiles,Japan,2024-02-21 01:00:00,2.87,3.2,6.8,474,101589.83,214.48,74.7,0.93,93.1,86.9,0
S1058,Meridian Supplies,Textiles,Poland,2024-02-21 02:00:00,2.1,1.21,17.2,173,12127.41,70.26,86.9,3.13,93.4,90.9,0
S1059,Quantum Systems,Pharma,Mexico,2024-02-21 16:00:00,2.53,4.2,19.4,1235,107704.44,87.2,68.3,1.78,95.3,85.3,0
S1060,Blue Ridge Systems,Textiles,Vietnam,2024-02-21 19:00:00,0.94,1.41,13.8,1099,243606.68,221.75,86.8,0.64,98.8,94.2,0
S1061,Zenith Manufacturing,Pharma,Germany,2024-02-21 12:00:00,4.14,4.0,10.7,197,28538.46,144.65,73.2,4.59,94.8,85.0,0
S1062,Meridian Systems,Consumer Goods,Vietnam,2024-02-21 05:00:00,2.94,1.81,13.1,1253,518182.97,413.64,79.2,5.26,93.2,86.9,0
S1063,Delta Precision,Consumer Goods,Germany,2024-02-21 14:00:00,2.24,3.41,17.5,322,26458.15,82.17,72.1,12.82,96.9,83.2,0
S1064,Vertex Logistics,Chemicals,Japan,2024-02-21 13:00:00,0.11,0.56,12.4,568,173374.61,305.21,95.3,0.39,99.5,98.0,0
S1065,Zenith Logistics,Automotive,Vietnam,2024-02-21 16:00:00,0.77,0.84,17.1,1174,292954.79,249.55,94.3,2.21,96.0,95.4,0
S1066,Vertex Materials,Electronics,Germany,2024-02-21 04:00:00,4.95,0.79,10.0,965,133644.02,138.46,100.0,0.36,91.5,94.4,0
S1067,Harbor Supplies,Textiles,Japan,2024-02-21 00:00:00,2.16,3.08,28.5,985,72246.57,73.32,80.5,5.63,95.1,88.3,0
S1068,Vertex Supplies,Machinery,Poland,2024-02-21 13:00:00,3.03,1.65,27.7,436,75792.41,173.99,87.4,4.12,94.8,90.7,0
S1069,Keystone Industries,Electronics,India,2024-02-21 06:00:00,4.08,2.15,22.9,331,108545.77,328.25,81.9,1.78,92.5,88.3,0
S1070,Delta Logistics,Machinery,Vietnam,2024-02-21 15:00:00,0.01,0.62,26.7,724,232982.01,321.95,93.7,5.72,93.0,93.2,0
S1071,Pioneer Logistics,Textiles,Japan,2024-02-21 15:00:00,3.59,1.35,26.6,1255,51939.02,41.4,87.8,5.15,90.0,88.5,0
S1072,Delta Materials,Automotive,Poland,2024-02-21 20:00:00,8.88,1.66,19.7,1371,350407.94,255.52,93.0,4.84,92.5,88.7,0
S1073,Orion Components,Pharma,Germany,2024-02-21 19:00:00,3.81,1.37,6.7,665,263244.22,396.14,90.9,6.68,92.8,89.9,0
S1074,Pioneer Precision,Electronics,Vietnam,2024-02-21 09:00:00,2.21,2.52,8.8,115,12404.43,107.91,75.7,14.89,88.9,80.9,0
S1075,Zenith Logistics,Consumer Goods,USA,2024-02-21 15:00:00,2.16,3.42,23.8,760,177340.97,233.49,72.3,4.95,93.9,85.2,0
S1076,Harbor Materials,Consumer Goods,Japan,2024-02-21 22:00:00,2.79,6.28,12.2,1009,64077.45,63.54,50.3,8.42,85.4,72.9,0
S1077,Vertex Precision,Machinery,Poland,2024-02-21 01:00:00,2.47,3.78,16.6,800,107322.51,134.09,65.7,3.11,93.0,83.2,1
S1078,Quantum Precision,Metals,Poland,2024-02-21 10:00:00,2.57,0.99,30.4,197,42274.46,214.05,90.5,4.13,93.6,91.6,0
S1079,Apex Systems,Pharma,China,2024-02-21 04:00:00,6.24,3.77,12.2,399,28438.11,71.27,68.8,5.63,92.1,81.1,0
S1080,Zenith Precision,Chemicals,India,2024-02-21 23:00:00,2.31,0.89,14.8,1066,427550.36,401.17,88.1,2.8,94.4,91.7,0
S1081,Keystone Components,Textiles,Japan,2024-02-21 10:00:00,2.21,2.31,16.5,372,102380.57,275.15,80.8,3.65,98.6,90.3,0
S1082,Keystone Manufacturing,Consumer Goods,Mexico,2024-02-21 03:00:00,0.0,5.2,18.1,897,245050.5,273.27,51.7,11.89,78.8,71.2,1
S1083,Blue Ridge Components,Consumer Goods,USA,2024-02-21 16:00:00,0.63,0.81,25.3,1266,511396.54,403.86,92.3,4.84,95.8,93.7,0
S1084,Pioneer Precision,Machinery,Poland,2024-02-21 17:00:00,2.95,2.18,12.5,736,162068.78,220.34,84.2,4.12,95.8,90.0,0
S1085,Harbor Components,Machinery,USA,2024-02-21 15:00:00,0.0,1.77,20.7,545,101127.08,185.68,87.8,6.99,93.0,90.6,1
S1086,Keystone Global,Metals,Germany,2024-02-21 01:00:00,3.49,1.94,29.3,811,135581.3,167.26,85.8,2.94,94.1,90.1,0
S1087,Summit Components,Pharma,USA,2024-02-21 02:00:00,3.78,0.1,11.4,271,28734.48,106.06,97.2,15.74,94.7,89.4,0
S1088,Helix Precision,Chemicals,Japan,2024-02-21 22:00:00,3.69,2.72,22.6,1312,253031.55,192.89,78.6,9.67,95.4,85.4,0
S1089,Helix Works,Textiles,USA,2024-02-21 05:00:00,3.0,4.46,16.4,1362,236319.38,173.55,66.0,1.7,93.0,83.5,0
S1090,Pioneer Supplies,Electronics,China,2024-02-21 18:00:00,2.48,5.18,17.3,838,231849.16,276.53,63.1,-1.43,93.1,82.9,0
S1091,Zenith Components,Metals,China,2024-02-21 22:00:00,0.0,2.01,10.4,406,61846.6,152.47,81.8,0.15,96.8,92.4,0
S1092,Zenith Components,Textiles,USA,2024-02-21 17:00:00,3.46,0.65,29.7,585,162352.34,277.61,95.8,5.24,95.5,93.3,0
S1093,Atlas Works,Consumer Goods,China,2024-02-21 15:00:00,8.22,2.28,16.0,1059,243301.64,229.84,81.1,2.91,88.4,84.1,0
S1094,Summit Precision,Machinery,Japan,2024-02-21 22:00:00,4.79,4.45,26.6,1246,39473.02,31.67,64.6,3.98,91.7,80.8,0
S1095,Vertex Global,Metals,India,2024-02-21 06:00:00,0.0,1.11,26.9,518,117214.73,226.28,91.0,1.22,100.0,96.4,0
S1096,Zenith Precision,Textiles,Japan,2024-02-21 23:00:00,1.04,2.58,17.3,1049,252483.77,240.65,81.3,1.83,94.5,90.3,0
S1097,Orion Works,Textiles,China,2024-02-21 01:00:00,3.5,2.45,27.4,498,60670.62,121.75,81.5,2.54,95.4,89.2,0
S1098,Blue Ridge Components,Machinery,Mexico,2024-02-21 06:00:00,1.05,3.71,26.8,237,30968.21,130.6,71.7,3.03,99.4,88.2,0
S1099,Quantum Global,Consumer Goods,Mexico,2024-02-21 13:00:00,0.0,2.02,17.4,281,110875.73,394.77,84.7,-0.28,96.8,93.4,0
S1100,Helix Logistics,Electronics,Poland,2024-02-21 06:00:00,1.97,0.32,9.8,439,132820.28,302.41,92.7,5.35,90.6,91.1,0
S1101,Summit Logistics,Metals,Poland,2024-02-21 22:00:00,2.31,1.36,21.8,2637,966307.17,366.42,85.9,-0.29,94.7,91.9,0
S1102,Atlas Works,Consumer Goods,Germany,2024-02-21 10:00:00,1.3,4.38,19.0,1498,326299.27,217.79,66.6,2.48,98.3,86.1,0
S1103,Ironclad Industries,Automotive,Poland,2024-02-21 17:00:00,0.0,0.43,27.4,1278,312671.36,244.71,95.5,0.93,96.6,96.9,0
S1104,Blue Ridge Materials,Textiles,Japan,2024-02-21 18:00:00,2.2,1.87,31.5,851,50998.26,59.93,82.3,6.44,94.1,88.2,0
S1105,Keystone Works,Electronics,Poland,2024-02-21 14:00:00,2.92,1.49,9.4,1430,431165.4,301.49,87.1,5.67,90.6,88.6,0
S1106,Quantum Materials,Chemicals,Poland,2024-02-21 22:00:00,4.5,0.63,23.9,478,96196.08,201.18,94.7,5.35,94.1,91.8,0
S1107,Delta Supplies,Consumer Goods,USA,2024-02-21 02:00:00,6.98,5.46,18.5,948,266604.2,281.23,52.8,12.18,77.9,67.7,0
S1108,Ironclad Industries,Automotive,Poland,2024-02-21 20:00:00,4.78,3.96,24.6,673,248732.07,369.53,69.8,5.83,94.1,82.8,0
S1109,Keystone Components,Metals,Mexico,2024-02-21 13:00:00,3.92,3.12,13.3,272,71869.18,264.09,77.1,-0.72,93.0,87.3,0
S1110,Blue Ridge Works,Automotive,China,2024-02-21 19:00:00,5.62,2.52,10.8,1025,236222.23,230.45,77.6,4.45,89.3,84.0,0
S1111,Quantum Materials,Chemicals,China,2024-02-21 13:00:00,4.9,2.41,23.2,1068,320065.1,299.62,84.2,6.92,91.5,86.4,0
S1112,Nova Supplies,Chemicals,Japan,2024-02-21 19:00:00,8.95,6.0,21.1,125,25634.99,205.4,45.9,28.99,66.2,53.9,1
S1113,Pioneer Industries,Machinery,Poland,2024-02-21 17:00:00,11.21,1.88,21.1,693,39808.93,57.43,83.4,5.95,89.8,82.8,0
S1114,Pioneer Industries,Machinery,Japan,2024-02-21 07:00:00,3.48,0.85,26.6,264,81487.96,308.45,88.5,2.61,93.3,90.9,0
S1115,Keystone Global,Textiles,Vietnam,2024-02-21 16:00:00,4.87,1.79,16.3,1515,393931.1,259.96,88.3,2.98,90.6,89.1,0
S1116,Harbor Works,Automotive,Germany,2024-02-21 07:00:00,2.1,2.56,18.8,643,53940.45,83.93,77.7,2.44,100.0,90.2,0
S1117,Orion Precision,Consumer Goods,Mexico,2024-02-21 23:00:00,1.25,2.67,19.2,826,69630.68,84.26,82.7,3.61,99.9,91.9,0
S1118,Pioneer Materials,Machinery,Japan,2024-02-21 11:00:00,1.17,1.49,11.1,524,110173.18,210.33,91.5,4.81,95.7,93.1,0
S1119,Zenith Manufacturing,Electronics,Japan,2024-02-21 12:00:00,5.77,2.1,27.6,1262,52056.99,41.24,80.5,-1.06,96.4,88.6,0
S1120,Zenith Systems,Pharma,Germany,2024-02-21 13:00:00,1.33,1.8,33.6,571,81248.94,142.21,88.1,2.03,96.0,93.0,0
S1001,Meridian Materials,Pharma,Poland,2024-02-24 12:00:00,15.7,0.72,18.0,78,29335.61,377.98,94.7,7.86,89.3,83.6,0
S1002,Keystone Manufacturing,Metals,China,2024-02-24 22:00:00,2.0,3.4,34.9,928,306860.89,330.55,80.3,3.71,92.3,88.0,0
S1003,Delta Components,Electronics,Japan,2024-02-24 10:00:00,2.49,3.42,21.1,883,197645.11,223.78,79.7,6.8,93.8,86.9,0
S1004,Delta Components,Consumer Goods,Mexico,2024-02-24 07:00:00,0.0,1.68,30.6,1301,284315.08,218.54,89.7,5.15,95.9,93.1,0
S1005,Quantum Precision,Pharma,USA,2024-02-24 01:00:00,5.5,1.06,20.4,206,29558.44,143.58,92.4,6.65,88.1,87.9,0
S1006,Delta Materials,Consumer Goods,Vietnam,2024-02-24 12:00:00,3.33,3.1,14.4,211,35800.73,169.55,78.9,2.28,91.8,87.2,0
S1007,Apex Materials,Consumer Goods,Germany,2024-02-24 08:00:00,4.12,3.73,28.8,157,37815.68,240.14,68.6,3.81,91.6,82.6,0
S1008,Meridian Materials,Consumer Goods,Japan,2024-02-24 00:00:00,2.32,5.88,20.8,717,20059.66,27.96,45.6,22.0,69.9,61.0,1
S1009,Keystone Logistics,Textiles,India,2024-02-24 13:00:00,8.11,4.73,25.4,1227,233910.77,190.64,64.6,8.4,86.3,75.6,0
S1010,Harbor Systems,Consumer Goods,Mexico,2024-02-24 20:00:00,20.6,0.89,46.5,1030,12051.14,11.7,79.7,16.63,65.6,64.3,1
S1011,Blue Ridge Materials,Chemicals,Mexico,2024-02-24 22:00:00,2.71,3.26,12.6,480,42635.01,88.9,75.7,3.59,96.4,87.6,0
S1012,Orion Manufacturing,Automotive,Poland,2024-02-24 06:00:00,2.16,5.53,22.3,1685,379507.01,225.28,58.2,6.12,92.2,79.3,0
S1013,Keystone Global,Automotive,India,2024-02-24 07:00:00,2.12,2.15,33.5,1117,122586.09,109.78,82.1,3.18,91.5,88.5,0
S1014,Keystone Manufacturing,Electronics,India,2024-02-24 21:00:00,1.41,4.99,29.3,901,49890.16,55.35,66.2,6.32,94.1,83.0,0
S1015,Ironclad Supplies,Electronics,Vietnam,2024-02-24 17:00:00,4.02,2.2,7.6,1623,283711.3,174.79,83.5,3.24,92.1,88.2,0
S1016,Keystone Precision,Metals,Japan,2024-02-24 03:00:00,6.35,0.84,8.6,623,9886.32,15.87,93.1,-0.35,88.4,90.2,0
S1017,Apex Industries,Automotive,Vietnam,2024-02-24 04:00:00,0.32,2.85,27.5,1420,315889.1,222.4,80.8,1.53,96.5,91.3,0
S1018,Vertex Precision,Chemicals,Poland,2024-02-24 05:00:00,11.91,0.77,20.0,161,21779.69,135.18,91.1,1.9,81.6,83.8,0
S1019,Summit Industries,Textiles,Mexico,2024-02-24 00:00:00,13.05,2.33,31.3,908,266678.02,293.78,70.9,13.7,75.9,69.7,1
S1020,Atlas Logistics,Automotive,Vietnam,2024-02-24 21:00:00,5.34,3.43,9.5,833,16089.61,19.32,72.8,4.6,89.9,82.5,0
S1021,Harbor Supplies,Metals,Vietnam,2024-02-24 03:00:00,2.56,1.69,7.3,810,228403.66,282.04,85.6,5.36,95.0,89.9,0
S1022,Vertex Logistics,Textiles,China,2024-02-24 19:00:00,1.51,8.82,30.5,161,24799.55,154.2,29.0,22.89,75.1,57.1,1
S1023,Keystone Global,Pharma,USA,2024-02-24 08:00:00,0.87,3.56,22.7,681,59379.34,87.14,71.2,7.11,93.3,84.5,0
S1024,Apex Works,Consumer Goods,Mexico,2024-02-24 16:00:00,1.62,1.34,7.7,1340,343970.91,256.71,87.2,21.46,94.8,84.8,0
S1025,Helix Industries,Metals,Germany,2024-02-24 08:00:00,3.75,3.03,27.1,942,401344.36,425.89,81.2,6.81,92.1,86.2,0
S1026,Blue Ridge Works,Consumer Goods,Mexico,2024-02-24 18:00:00,5.57,2.54,18.4,108,18352.97,170.34,80.4,-1.28,89.4,86.2,0
S1027,Ironclad Logistics,Automotive,Mexico,2024-02-24 07:00:00,5.38,2.36,10.9,1266,403094.08,318.45,78.5,4.05,88.0,84.1,0
S1028,Zenith Components,Pharma,Poland,2024-02-24 22:00:00,5.1,1.47,27.3,848,168094.87,198.13,84.0,8.31,82.0,82.4,1
S1029,Summit Supplies,Electronics,India,2024-02-24 18:00:00,10.55,3.95,31.0,119,25201.99,210.9,64.1,13.16,80.9,70.5,1
S1030,Keystone Manufacturing,Consumer Goods,India,2024-02-24 14:00:00,0.0,2.01,9.5,878,69023.65,78.61,84.4,1.95,96.2,92.5,0
S1031,Ironclad Manufacturing,Textiles,Japan,2024-02-24 23:00:00,7.44,6.89,21.1,730,254091.99,348.24,44.0,9.51,75.4,64.5,0
S1032,Vertex Manufacturing,Pharma,Poland,2024-02-24 20:00:00,0.81,2.71,19.2,136,51826.88,382.34,81.5,4.28,96.0,90.1,0
S1033,Blue Ridge Precision,Automotive,Mexico,2024-02-24 00:00:00,4.09,4.1,28.2,1604,566976.43,353.48,68.1,3.64,92.5,82.8,0
S1034,Zenith Global,Textiles,Japan,2024-02-24 00:00:00,3.06,3.85,10.0,135,29720.12,220.34,71.6,5.09,96.3,85.3,0
S1035,Delta Works,Textiles,Vietnam,2024-02-24 19:00:00,3.87,2.93,17.6,701,201639.1,287.46,77.3,2.92,91.5,86.1,0
S1036,Orion Components,Pharma,Vietnam,2024-02-24 09:00:00,1.41,4.01,19.4,957,171657.28,179.28,75.8,6.49,98.1,87.7,0
S1037,Nova Global,Pharma,India,2024-02-24 18:00:00,2.81,2.89,21.6,639,24264.92,37.97,78.5,2.42,91.5,87.2,0
S1038,Blue Ridge Works,Metals,Vietnam,2024-02-24 06:00:00,4.1,8.96,23.6,1248,365870.11,293.14,28.2,16.7,78.2,58.9,1
S1039,Orion Works,Metals,China,2024-02-24 19:00:00,1.58,3.55,16.6,1562,229340.06,146.85,66.2,4.51,96.0,84.3,0
S1040,Harbor Components,Pharma,China,2024-02-24 18:00:00,2.74,2.68,20.9,827,227331.84,274.86,75.0,2.34,92.2,86.3,0
S1041,Vertex Supplies,Consumer Goods,Poland,2024-02-24 16:00:00,0.38,3.44,16.4,1806,426036.51,235.96,78.7,0.02,95.5,90.8,0
S1042,Harbor Materials,Electronics,India,2024-02-24 18:00:00,0.82,0.77,18.8,431,38121.68,88.45,95.4,3.3,93.0,94.3,0
S1043,Blue Ridge Logistics,Pharma,Japan,2024-02-24 16:00:00,0.68,2.06,22.7,165,52057.74,315.29,85.7,1.69,92.9,91.5,0
S1044,Quantum Manufacturing,Machinery,Vietnam,2024-02-24 19:00:00,2.09,2.66,13.6,894,176338.77,197.14,78.0,1.2,93.5,88.5,0
S1045,Vertex Manufacturing,Chemicals,India,2024-02-24 23:00:00,2.71,3.26,22.3,322,28576.59,88.73,75.3,4.81,93.4,85.9,0
S1046,Quantum Materials,Textiles,Mexico,2024-02-24 07:00:00,3.77,1.07,12.3,935,171212.63,183.18,95.3,2.02,92.3,93.0,0
S1047,Atlas Industries,Metals,USA,2024-02-24 23:00:00,13.01,1.7,16.0,847,68160.49,80.47,77.1,10.69,76.8,73.4,0
S1048,Helix Industries,Chemicals,Japan,2024-02-24 11:00:00,4.86,4.89,40.2,803,67644.49,84.21,57.3,18.48,75.9,67.3,1
S1049,Atlas Works,Metals,Germany,2024-02-24 02:00:00,2.8,2.82,11.6,96,12730.78,132.74,78.9,0.9,98.4,90.3,0
S1050,Vertex Global,Metals,Japan,2024-02-24 16:00:00,2.01,1.35,9.4,1021,309633.62,303.22,85.0,3.89,93.7,90.1,0
S1051,Zenith Industries,Consumer Goods,Germany,2024-02-24 10:00:00,0.01,1.19,25.9,987,113043.57,114.54,92.0,-2.22,100.0,96.4,0
S1052,Meridian Manufacturing,Automotive,Germany,2024-02-24 11:00:00,3.21,3.23,11.2,852,97411.53,114.37,75.6,1.31,94.9,87.6,0
S1053,Harbor Systems,Machinery,India,2024-02-24 21:00:00,2.19,3.48,8.0,765,93033.2,121.55,75.7,5.23,90.8,85.2,0
S1054,Harbor Manufacturing,Pharma,Mexico,2024-02-24 00:00:00,3.13,2.84,14.8,931,288136.36,309.59,83.7,5.96,97.0,89.5,0
S1055,Harbor Works,Chemicals,USA,2024-02-24 07:00:00,3.58,3.88,19.1,411,52379.47,127.43,70.0,5.4,90.7,82.4,0
S1056,Ironclad Supplies,Chemicals,Germany,2024-02-24 06:00:00,18.47,8.38,20.5,584,158269.5,270.79,32.4,16.56,70.4,50.5,1
S1057,Atlas Components,Textiles,Japan,2024-02-24 06:00:00,5.55,3.49,8.1,337,76115.53,226.19,74.2,6.43,95.1,84.1,0
S1058,Meridian Supplies,Textiles,Poland,2024-02-24 19:00:00,1.48,0.73,16.0,154,10616.26,68.81,92.1,1.01,93.5,93.8,0
S1059,Quantum Systems,Pharma,Mexico,2024-02-24 12:00:00,5.08,3.74,20.6,956,84010.21,87.87,68.8,2.57,95.4,84.0,0
S1060,Blue Ridge Systems,Textiles,Vietnam,2024-02-24 18:00:00,1.18,1.94,15.5,1395,322534.39,231.22,85.6,4.93,93.8,90.4,0
S1061,Zenith Manufacturing,Pharma,Germany,2024-02-24 04:00:00,2.86,4.53,5.5,310,45053.94,145.4,64.0,5.13,93.7,81.8,1
S1062,Meridian Systems,Consumer Goods,Vietnam,2024-02-24 00:00:00,0.0,1.41,18.0,961,399722.0,415.85,84.9,5.82,92.4,89.9,0
S1063,Delta Precision,Consumer Goods,Germany,2024-02-24 17:00:00,4.3,4.29,19.6,169,12762.7,75.44,68.6,3.57,97.0,84.5,0
S1064,Vertex Logistics,Chemicals,Japan,2024-02-24 20:00:00,1.46,0.15,14.8,589,181774.87,308.78,99.5,1.56,96.5,97.3,0
S1065,Zenith Logistics,Automotive,Vietnam,2024-02-24 19:00:00,1.14,1.78,17.1,1380,346291.72,250.94,82.8,2.77,96.6,91.2,0
S1066,Vertex Materials,Electronics,Germany,2024-02-24 00:00:00,6.31,1.45,7.4,1349,193126.96,143.13,87.5,3.74,94.8,89.3,0
S1067,Harbor Supplies,Textiles,Japan,2024-02-24 00:00:00,13.46,2.86,29.6,1278,88936.5,69.57,80.0,0.23,89.8,82.6,0
S1068,Vertex Supplies,Machinery,Poland,2024-02-24 17:00:00,4.89,1.27,27.6,438,73195.25,167.0,93.6,-0.07,92.5,92.7,0
S1069,Keystone Industries,Electronics,India,2024-02-24 03:00:00,5.17,1.93,21.8,560,181640.83,324.44,82.0,0.6,94.9,89.1,0
S1070,Delta Logistics,Machinery,Vietnam,2024-02-24 16:00:00,2.86,1.87,26.3,370,121098.88,327.24,84.4,7.46,93.4,88.0,0
S1071,Pioneer Logistics,Textiles,Japan,2024-02-24 19:00:00,2.69,0.45,23.2,867,34657.36,39.99,91.4,1.57,94.4,93.1,0
S1072,Delta Materials,Automotive,Poland,2024-02-24 08:00:00,5.6,0.57,17.4,1256,320133.57,254.84,99.0,4.57,94.7,93.3,0
S1073,Orion Components,Pharma,Germany,2024-02-24 16:00:00,4.58,0.29,9.3,630,237767.93,377.28,91.2,1.6,94.9,92.2,0
S1074,Pioneer Precision,Electronics,Vietnam,2024-02-24 04:00:00,2.35,2.66,10.0,158,16488.91,104.51,80.4,11.28,86.6,83.0,0
S1075,Zenith Logistics,Consumer Goods,USA,2024-02-24 00:00:00,0.0,3.38,24.3,1077,242787.48,225.4,77.2,1.32,92.9,89.1,0
S1076,Harbor Materials,Consumer Goods,Japan,2024-02-24 08:00:00,0.86,4.23,8.2,1548,101518.85,65.6,65.1,11.95,93.8,80.7,1
S1077,Vertex Precision,Machinery,Poland,2024-02-24 18:00:00,1.19,4.16,17.6,678,93013.94,137.27,67.3,5.56,93.8,83.7,0
S1078,Quantum Precision,Metals,Poland,2024-02-24 14:00:00,0.04,0.7,31.5,227,47914.77,210.76,92.2,2.53,96.5,95.1,0
S1079,Apex Systems,Pharma,China,2024-02-24 08:00:00,4.6,3.66,11.9,690,45678.8,66.2,68.4,-1.89,89.6,82.3,0
S1080,Zenith Precision,Chemicals,India,2024-02-24 03:00:00,5.0,1.63,18.5,909,369812.17,407.01,87.2,4.29,91.5,88.4,0
S1081,Keystone Components,Textiles,Japan,2024-02-24 14:00:00,2.8,2.86,13.7,304,82773.65,272.01,77.7,2.46,98.7,89.4,0
S1082,Keystone Manufacturing,Consumer Goods,Mexico,2024-02-24 22:00:00,6.02,7.23,22.4,984,312579.56,317.57,37.4,30.03,74.2,54.8,1
S1083,Blue Ridge Components,Consumer Goods,USA,2024-02-24 05:00:00,1.7,0.41,22.2,1071,430989.75,402.56,97.0,4.51,93.9,94.3,0
S1084,Pioneer Precision,Machinery,Poland,2024-02-24 08:00:00,2.54,2.4,11.7,508,111893.18,220.36,83.2,4.13,99.4,91.1,0
S1085,Harbor Components,Machinery,USA,2024-02-24 23:00:00,0.36,0.98,18.2,775,144455.82,186.29,89.1,7.35,95.7,91.7,0
S1086,Keystone Global,Metals,Germany,2024-02-24 02:00:00,4.5,1.05,27.3,945,189467.97,200.45,89.7,23.37,93.2,83.0,0
S1087,Summit Components,Pharma,USA,2024-02-24 07:00:00,5.29,0.21,10.0,261,24790.11,95.14,92.5,3.83,93.3,91.0,0
S1088,Helix Precision,Chemicals,Japan,2024-02-24 08:00:00,0.0,2.04,21.7,948,164682.86,173.74,85.2,-1.22,97.1,93.3,0
S1089,Helix Works,Textiles,USA,2024-02-24 20:00:00,3.48,3.88,16.1,1170,201659.45,172.37,72.2,1.01,96.3,86.8,0
S1090,Pioneer Supplies,Electronics,China,2024-02-24 05:00:00,0.0,4.52,14.9,510,152901.92,299.64,66.8,6.81,92.5,83.2,0
S1091,Zenith Components,Metals,China,2024-02-24 16:00:00,0.0,2.41,12.4,571,85656.94,150.11,81.3,-1.39,95.2,91.3,0
S1092,Zenith Components,Textiles,USA,2024-02-24 05:00:00,5.26,0.67,31.0,521,144900.38,278.21,95.8,5.47,93.2,91.5,0
S1093,Atlas Works,Consumer Goods,China,2024-02-24 00:00:00,0.0,2.26,13.2,1080,252432.26,233.64,81.0,4.61,91.4,88.6,0
S1094,Summit Precision,Machinery,Japan,2024-02-24 06:00:00,2.69,3.46,27.6,1212,37248.31,30.74,73.0,0.92,93.7,86.6,0
S1095,Vertex Global,Metals,India,2024-02-24 16:00:00,0.0,1.72,25.9,841,188837.6,224.61,87.2,0.47,98.1,94.7,0
S1096,Zenith Precision,Textiles,Japan,2024-02-24 07:00:00,2.22,1.38,14.2,537,133341.64,248.47,88.6,5.15,94.6,91.1,0
S1097,Orion Works,Textiles,China,2024-02-24 10:00:00,3.05,2.05,27.6,257,31598.43,123.05,88.7,3.63,98.6,92.7,0
S1098,Blue Ridge Components,Machinery,Mexico,2024-02-24 10:00:00,0.19,4.91,28.9,334,44981.35,134.85,62.3,6.38,96.2,83.0,0
S1099,Quantum Global,Consumer Goods,Mexico,2024-02-24 21:00:00,0.2,2.19,16.8,190,77723.39,409.4,79.7,3.42,96.3,90.2,0
S1100,Helix Logistics,Electronics,Poland,2024-02-24 14:00:00,2.23,1.24,10.0,432,133604.08,309.6,87.2,7.85,93.4,89.1,0
S1101,Summit Logistics,Metals,Poland,2024-02-24 00:00:00,2.22,1.12,21.5,1585,588124.15,371.14,93.8,0.99,96.5,95.1,0
S1102,Atlas Works,Consumer Goods,Germany,2024-02-24 00:00:00,1.48,3.46,19.4,1568,349217.48,222.65,76.2,4.77,100.0,89.1,0
S1103,Ironclad Industries,Automotive,Poland,2024-02-24 21:00:00,0.0,1.44,26.5,1076,265369.92,246.61,90.2,1.71,96.4,94.7,0
S1104,Blue Ridge Materials,Textiles,Japan,2024-02-24 09:00:00,0.91,0.99,27.7,702,41616.77,59.29,90.4,5.31,91.7,91.3,0
S1105,Keystone Works,Electronics,Poland,2024-02-24 17:00:00,4.96,1.92,8.3,1170,345129.34,294.9,84.9,3.36,93.4,88.6,0
S1106,Quantum Materials,Chemicals,Poland,2024-02-24 16:00:00,5.32,1.88,25.8,429,84438.54,196.94,83.2,3.13,93.3,88.0,0
S1107,Delta Supplies,Consumer Goods,USA,2024-02-24 23:00:00,5.31,6.24,20.4,1748,498286.11,285.11,52.8,13.72,81.6,69.2,1
S1108,Ironclad Industries,Automotive,Poland,2024-02-24 04:00:00,1.71,3.42,21.2,571,214501.26,375.73,73.6,7.61,92.2,84.3,0
S1109,Keystone Components,Metals,Mexico,2024-02-24 07:00:00,2.05,2.32,12.9,179,48200.2,269.5,84.4,1.32,97.5,92.1,0
S1110,Blue Ridge Works,Automotive,China,2024-02-24 03:00:00,2.99,1.84,12.0,972,225202.44,231.69,84.3,5.01,94.2,89.1,0
S1111,Quantum Materials,Chemicals,China,2024-02-24 19:00:00,0.0,2.87,19.6,1429,432813.75,302.79,72.7,8.05,90.5,84.1,0
S1112,Nova Supplies,Chemicals,Japan,2024-02-24 04:00:00,0.2,5.51,19.4,85,18139.77,212.52,48.5,33.46,70.7,59.1,1
S1113,Pioneer Industries,Machinery,Poland,2024-02-24 22:00:00,0.8,1.41,17.5,591,33472.65,56.67,83.0,4.55,97.2,91.0,0
S1114,Pioneer Industries,Machinery,Japan,2024-02-24 18:00:00,2.97,2.55,26.7,246,77534.53,315.55,82.0,4.97,93.9,88.2,0
S1115,Keystone Global,Textiles,Vietnam,2024-02-24 18:00:00,4.87,0.93,14.1,1196,314196.67,262.7,90.0,4.07,91.4,89.5,0
S1116,Harbor Works,Automotive,Germany,2024-02-24 04:00:00,2.12,2.12,15.4,743,61535.36,82.83,79.8,1.1,94.0,89.4,0
S1117,Orion Precision,Consumer Goods,Mexico,2024-02-24 09:00:00,3.43,2.89,19.1,1556,129089.59,82.95,75.0,1.99,98.3,88.2,0
S1118,Pioneer Materials,Machinery,Japan,2024-02-24 22:00:00,1.31,2.53,9.6,622,133860.22,215.3,75.2,7.28,95.9,86.5,0
S1119,Zenith Manufacturing,Electronics,Japan,2024-02-24 12:00:00,0.87,2.46,29.4,1356,57221.0,42.19,79.3,1.22,98.1,91.2,0
S1120,Zenith Systems,Pharma,Germany,2024-02-24 16:00:00,2.14,1.3,32.1,264,37600.03,142.63,88.3,2.33,96.5,92.8,0
S1001,Meridian Materials,Pharma,Poland,2024-02-27 22:00:00,6.07,1.21,13.7,111,41297.63,371.54,93.1,6.02,87.0,87.7,0
S1002,Keystone Manufacturing,Metals,China,2024-02-27 09:00:00,3.16,2.62,32.1,541,178613.1,330.24,81.0,3.61,94.7,88.6,1
S1003,Delta Components,Electronics,Japan,2024-02-27 22:00:00,1.3,3.34,24.0,584,129144.12,221.07,73.4,5.51,93.1,85.5,0
S1004,Delta Components,Consumer Goods,Mexico,2024-02-27 08:00:00,0.0,2.26,30.5,1327,293236.79,220.9,79.9,6.28,96.2,89.3,0
S1005,Quantum Precision,Pharma,USA,2024-02-27 00:00:00,5.42,0.0,19.3,208,30239.62,145.39,93.7,7.99,86.4,87.4,1
S1006,Delta Materials,Consumer Goods,Vietnam,2024-02-27 02:00:00,5.93,2.47,12.0,246,41755.12,170.0,78.5,2.55,92.3,85.9,0
S1007,Apex Materials,Consumer Goods,Germany,2024-02-27 04:00:00,3.58,3.92,28.5,276,65475.23,237.59,69.2,2.71,93.1,84.0,0
S1008,Meridian Materials,Consumer Goods,Japan,2024-02-27 10:00:00,3.61,4.17,19.7,691,18256.83,26.41,55.7,15.25,69.8,66.4,1
S1009,Keystone Logistics,Textiles,India,2024-02-27 07:00:00,0.0,5.64,23.7,674,117656.87,174.51,58.7,-0.77,90.7,82.0,0
S1010,Harbor Systems,Consumer Goods,Mexico,2024-02-27 22:00:00,11.88,2.38,46.8,550,6494.29,11.81,66.7,17.73,67.6,64.4,1
S1011,Blue Ridge Materials,Chemicals,Mexico,2024-02-27 13:00:00,1.25,3.76,13.1,742,68031.6,91.63,72.7,6.77,93.4,85.0,0
S1012,Orion Manufacturing,Automotive,Poland,2024-02-27 11:00:00,0.0,5.13,20.4,1006,221273.94,219.89,60.3,3.58,95.7,83.3,1
S1013,Keystone Global,Automotive,India,2024-02-27 05:00:00,2.81,2.38,29.8,953,104989.97,110.14,80.3,3.52,93.0,87.9,0
S1014,Keystone Manufacturing,Electronics,India,2024-02-27 18:00:00,3.27,5.22,29.4,1215,67597.0,55.62,60.1,6.83,88.7,77.9,1
S1015,Ironclad Supplies,Electronics,Vietnam,2024-02-27 13:00:00,2.73,0.61,8.6,1712,310686.58,181.43,91.5,7.16,95.3,91.3,0
S1016,Keystone Precision,Metals,Japan,2024-02-27 18:00:00,4.91,0.27,6.2,624,10193.47,16.33,93.9,2.52,91.9,91.6,0
S1017,Apex Industries,Automotive,Vietnam,2024-02-27 04:00:00,0.89,1.34,29.1,1676,377016.74,225.02,85.8,2.72,97.5,92.7,0
S1018,Vertex Precision,Chemicals,Poland,2024-02-27 07:00:00,5.29,1.04,16.7,207,29899.05,144.4,87.8,8.85,86.8,85.2,0
S1019,Summit Industries,Textiles,Mexico,2024-02-27 13:00:00,6.18,4.56,30.0,826,260969.67,315.88,51.0,22.25,77.5,63.5,1
S1020,Atlas Logistics,Automotive,Vietnam,2024-02-27 01:00:00,4.43,3.68,15.3,1032,20139.17,19.51,71.8,5.64,90.6,82.5,0
S1021,Harbor Supplies,Metals,Vietnam,2024-02-27 14:00:00,1.21,2.12,10.9,1868,513021.58,274.56,82.2,2.57,98.2,91.6,0
S1022,Vertex Logistics,Textiles,China,2024-02-27 05:00:00,0.0,9.71,34.5,142,21231.05,149.43,18.7,19.08,73.4,55.1,1
S1023,Keystone Global,Pharma,USA,2024-02-27 18:00:00,0.81,3.71,22.6,369,31695.81,85.99,72.4,5.7,94.5,85.9,0
S1024,Apex Works,Consumer Goods,Mexico,2024-02-27 05:00:00,3.45,2.79,8.3,1222,270752.7,221.57,75.3,4.83,91.9,85.0,0
S1025,Helix Industries,Metals,Germany,2024-02-27 17:00:00,5.85,2.89,24.2,998,417307.38,418.3,70.4,4.91,94.3,82.9,0
S1026,Blue Ridge Works,Consumer Goods,Mexico,2024-02-27 02:00:00,2.62,3.36,17.7,100,17969.63,180.39,73.4,4.54,95.0,85.9,0
S1027,Ironclad Logistics,Automotive,Mexico,2024-02-27 11:00:00,3.72,2.48,9.2,1278,413422.61,323.43,78.8,5.67,95.0,86.8,0
S1028,Zenith Components,Pharma,Poland,2024-02-27 02:00:00,0.65,2.28,25.1,729,150602.25,206.46,80.8,12.86,81.0,81.5,0
S1029,Summit Supplies,Electronics,India,2024-02-27 05:00:00,1.13,3.93,33.0,104,22547.31,216.51,63.1,16.18,83.1,74.5,0
S1030,Keystone Manufacturing,Consumer Goods,India,2024-02-27 08:00:00,1.62,2.76,10.3,1115,88167.92,79.06,82.2,2.53,94.6,90.1,0
S1031,Ironclad Manufacturing,Textiles,Japan,2024-02-27 16:00:00,4.28,3.52,24.9,1549,584550.43,377.4,61.2,18.68,81.4,70.7,1
S1032,Vertex Manufacturing,Pharma,Poland,2024-02-27 22:00:00,0.86,1.8,19.6,169,62808.98,370.69,85.0,1.1,96.4,92.6,0
S1033,Blue Ridge Precision,Automotive,Mexico,2024-02-27 09:00:00,5.06,3.17,24.7,975,339934.23,348.68,79.9,2.23,95.6,88.1,0
S1034,Zenith Global,Textiles,Japan,2024-02-27 13:00:00,2.28,4.13,8.5,207,44100.75,213.12,64.8,1.64,95.2,84.2,0
S1035,Delta Works,Textiles,Vietnam,2024-02-27 08:00:00,3.5,2.65,19.8,1232,354816.29,288.0,77.9,3.11,92.2,86.6,0
S1036,Orion Components,Pharma,Vietnam,2024-02-27 06:00:00,0.52,3.52,20.3,707,122506.42,173.36,74.0,2.97,95.3,87.9,0
S1037,Nova Global,Pharma,India,2024-02-27 14:00:00,0.55,2.84,19.4,1404,52097.93,37.11,78.5,0.1,96.7,91.0,0
S1038,Blue Ridge Works,Metals,Vietnam,2024-02-27 17:00:00,5.66,6.18,25.2,1139,320485.66,281.31,46.3,11.99,75.9,65.4,1
S1039,Orion Works,Metals,China,2024-02-27 00:00:00,2.94,3.89,18.3,1232,185441.88,150.49,72.2,7.1,95.6,84.6,0
S1040,Harbor Components,Pharma,China,2024-02-27 14:00:00,10.98,3.68,22.2,1670,476515.95,285.32,75.2,6.23,91.3,80.4,0
S1041,Vertex Supplies,Consumer Goods,Poland,2024-02-27 17:00:00,1.36,2.0,16.5,1271,303636.13,238.94,84.3,1.28,98.2,92.7,0
S1042,Harbor Materials,Electronics,India,2024-02-27 00:00:00,3.59,1.58,18.3,668,58255.45,87.24,87.9,1.89,91.5,90.3,0
S1043,Blue Ridge Logistics,Pharma,Japan,2024-02-27 07:00:00,1.64,1.19,21.7,155,49304.23,317.11,82.3,2.28,96.7,91.0,0
S1044,Quantum Manufacturing,Machinery,Vietnam,2024-02-27 17:00:00,10.5,2.37,8.5,842,169493.16,201.32,76.0,3.35,90.2,81.7,0
S1045,Vertex Manufacturing,Chemicals,India,2024-02-27 12:00:00,0.96,3.6,23.1,288,25667.31,89.27,67.8,5.44,97.3,85.2,0
S1046,Quantum Materials,Textiles,Mexico,2024-02-27 07:00:00,2.02,0.88,13.1,712,134814.2,189.3,93.8,5.43,95.9,93.4,0
S1047,Atlas Industries,Metals,USA,2024-02-27 04:00:00,13.96,0.74,16.2,677,57755.1,85.27,88.0,17.29,74.3,73.3,0
S1048,Helix Industries,Chemicals,Japan,2024-02-27 06:00:00,2.06,3.19,35.7,926,73331.97,79.19,72.6,11.41,82.4,78.9,1
S1049,Atlas Works,Metals,Germany,2024-02-27 13:00:00,3.72,3.59,8.1,179,24636.47,137.45,76.5,4.48,94.4,86.3,0
S1050,Vertex Global,Metals,Japan,2024-02-27 08:00:00,3.21,2.95,10.2,1080,334014.12,309.34,76.9,5.99,87.6,83.7,0
S1051,Zenith Industries,Consumer Goods,Germany,2024-02-27 20:00:00,0.73,1.35,25.3,1411,168135.55,119.16,89.5,1.72,97.2,94.3,0
S1052,Meridian Manufacturing,Automotive,Germany,2024-02-27 22:00:00,5.1,2.95,10.4,951,109319.56,114.89,75.8,1.77,93.8,86.2,0
S1053,Harbor Systems,Machinery,India,2024-02-27 11:00:00,3.81,4.32,10.6,1104,129832.59,117.64,64.3,1.84,91.2,81.9,0
S1054,Harbor Manufacturing,Pharma,Mexico,2024-02-27 08:00:00,2.15,3.64,13.8,910,266917.7,293.19,70.1,0.35,98.3,87.7,0
S1055,Harbor Works,Chemicals,USA,2024-02-27 06:00:00,2.5,3.79,18.2,670,84323.76,125.9,72.5,4.14,92.9,85.1,0
S1056,Ironclad Supplies,Chemicals,Germany,2024-02-27 18:00:00,8.78,8.94,22.4,799,210308.16,263.32,27.3,13.34,74.0,56.1,1
S1057,Atlas Components,Textiles,Japan,2024-02-27 05:00:00,3.53,4.24,8.5,719,156823.15,218.21,69.4,2.68,94.6,84.6,0
S1058,Meridian Supplies,Textiles,Poland,2024-02-27 08:00:00,2.92,0.62,17.6,134,9429.11,70.41,93.8,3.36,95.8,93.6,0
S1059,Quantum Systems,Pharma,Mexico,2024-02-27 08:00:00,0.86,3.69,19.7,1050,92117.52,87.73,72.7,2.4,99.6,88.9,0
S1060,Blue Ridge Systems,Textiles,Vietnam,2024-02-27 11:00:00,9.7,1.62,16.9,823,189684.87,230.42,86.6,4.57,92.4,86.1,0
S1061,Zenith Manufacturing,Pharma,Germany,2024-02-27 09:00:00,3.07,3.58,8.0,447,65976.74,147.49,74.6,6.64,95.9,85.7,0
S1062,Meridian Systems,Consumer Goods,Vietnam,2024-02-27 12:00:00,0.0,0.86,12.1,1058,525359.96,496.38,93.6,26.31,100.0,87.9,0
S1063,Delta Precision,Consumer Goods,Germany,2024-02-27 18:00:00,2.82,3.74,16.7,254,19284.96,75.78,72.2,4.04,93.2,85.0,0
S1064,Vertex Logistics,Chemicals,Japan,2024-02-27 16:00:00,2.12,0.17,13.1,698,216452.05,310.25,97.7,2.05,96.2,96.0,1
S1065,Zenith Logistics,Automotive,Vietnam,2024-02-27 17:00:00,2.38,0.73,14.4,1794,450228.23,250.93,95.3,2.77,93.2,93.7,0
S1066,Vertex Materials,Electronics,Germany,2024-02-27 05:00:00,4.91,0.0,10.9,1011,148014.53,146.34,97.3,6.07,93.0,91.9,0
S1067,Harbor Supplies,Textiles,Japan,2024-02-27 05:00:00,1.34,3.04,28.8,1548,113510.14,73.32,75.9,5.62,97.1,87.8,0
S1068,Vertex Supplies,Machinery,Poland,2024-02-27 20:00:00,6.41,2.12,28.4,418,71483.97,171.11,78.6,2.4,93.3,86.1,0
S1069,Keystone Industries,Electronics,India,2024-02-27 21:00:00,3.61,2.64,21.0,430,146885.67,341.43,81.5,5.86,95.4,87.9,0
S1070,Delta Logistics,Machinery,Vietnam,2024-02-27 18:00:00,1.86,1.83,28.1,266,87019.91,327.59,82.7,7.57,88.7,86.2,0
S1071,Pioneer Logistics,Textiles,Japan,2024-02-27 01:00:00,3.15,2.51,22.7,1222,50849.43,41.62,76.4,5.72,94.8,86.2,0
S1072,Delta Materials,Automotive,Poland,2024-02-27 14:00:00,5.4,0.89,21.5,849,211511.92,249.19,91.2,2.25,93.0,90.9,0
S1073,Orion Components,Pharma,Germany,2024-02-27 21:00:00,0.33,1.49,7.9,464,178874.44,385.62,90.1,3.84,95.1,93.2,0
S1074,Pioneer Precision,Electronics,Vietnam,2024-02-27 17:00:00,1.36,3.11,7.4,93,9658.32,104.18,72.0,10.92,88.0,81.2,0
S1075,Zenith Logistics,Consumer Goods,USA,2024-02-27 22:00:00,2.74,3.46,23.0,889,207278.57,233.25,74.7,4.84,93.2,85.6,0
S1076,Harbor Materials,Consumer Goods,Japan,2024-02-27 20:00:00,1.84,4.76,11.9,977,60018.11,61.46,58.4,4.87,93.2,80.3,0
S1077,Vertex Precision,Machinery,Poland,2024-02-27 03:00:00,0.85,3.33,15.2,691,95828.34,138.59,79.0,6.57,93.4,87.5,0
S1078,Quantum Precision,Metals,Poland,2024-02-27 09:00:00,3.52,1.5,30.9,185,39781.53,214.53,87.3,4.36,95.1,90.4,0
S1079,Apex Systems,Pharma,China,2024-02-27 07:00:00,3.45,3.63,9.0,455,32203.9,70.72,69.8,4.82,91.3,82.8,0
S1080,Zenith Precision,Chemicals,India,2024-02-27 23:00:00,1.53,0.78,19.3,651,262497.2,403.45,88.7,3.38,95.6,92.5,0
S1081,Keystone Components,Textiles,Japan,2024-02-27 21:00:00,1.03,2.26,13.7,482,130058.95,269.99,81.2,1.7,99.6,92.1,0
S1082,Keystone Manufacturing,Consumer Goods,Mexico,2024-02-27 15:00:00,4.65,6.72,17.6,1145,317662.26,277.55,41.1,13.65,78.0,64.2,1
S1083,Blue Ridge Components,Consumer Goods,USA,2024-02-27 01:00:00,4.86,1.79,21.4,1094,438366.17,400.82,84.7,4.05,97.2,89.7,0
S1084,Pioneer Precision,Machinery,Poland,2024-02-27 20:00:00,2.22,2.14,10.8,594,150715.78,253.65,90.8,19.85,97.8,87.5,0
S1085,Harbor Components,Machinery,USA,2024-02-27 06:00:00,1.87,1.11,20.4,664,115745.42,174.32,93.8,0.45,93.0,94.3,0
S1086,Keystone Global,Metals,Germany,2024-02-27 08:00:00,4.03,0.71,28.9,669,111732.52,167.07,94.5,2.82,94.2,93.0,0
S1087,Summit Components,Pharma,USA,2024-02-27 23:00:00,6.54,0.45,11.7,147,14194.15,96.33,96.7,5.12,85.5,88.6,0
S1088,Helix Precision,Chemicals,Japan,2024-02-27 16:00:00,1.87,3.44,21.8,896,167057.65,186.55,75.2,6.06,96.4,86.8,0
S1089,Helix Works,Textiles,USA,2024-02-27 14:00:00,3.92,3.78,17.0,1076,189425.74,176.04,72.7,3.16,94.2,85.3,0
S1090,Pioneer Supplies,Electronics,China,2024-02-27 21:00:00,3.04,4.05,16.7,674,205292.96,304.58,65.9,8.57,92.8,80.8,1
S1091,Zenith Components,Metals,China,2024-02-27 20:00:00,0.0,2.52,7.7,576,88635.82,153.93,75.5,1.11,98.0,90.3,0
S1092,Zenith Components,Textiles,USA,2024-02-27 16:00:00,3.18,1.49,25.7,461,127780.84,277.03,92.8,5.02,94.3,92.0,0
S1093,Atlas Works,Consumer Goods,China,2024-02-27 15:00:00,1.4,2.91,14.2,803,177308.36,220.76,78.0,-1.15,92.7,88.6,0
S1094,Summit Precision,Machinery,Japan,2024-02-27 02:00:00,3.6,3.26,28.6,867,27755.76,32.03,76.1,5.14,93.1,85.5,0
S1095,Vertex Global,Metals,India,2024-02-27 08:00:00,1.39,1.45,23.0,457,101467.19,222.03,84.8,-0.68,93.0,91.3,0
S1096,Zenith Precision,Textiles,Japan,2024-02-27 02:00:00,1.44,1.99,13.4,694,172591.3,248.55,87.0,5.18,95.9,91.4,0
S1097,Orion Works,Textiles,China,2024-02-27 09:00:00,3.3,1.74,27.1,377,44954.53,119.11,86.8,0.31,94.6,91.7,0
S1098,Blue Ridge Components,Machinery,Mexico,2024-02-27 01:00:00,0.82,3.13,27.4,371,49500.23,133.56,78.2,5.36,98.4,89.4,0
S1099,Quantum Global,Consumer Goods,Mexico,2024-02-27 10:00:00,3.14,3.0,19.0,195,83858.71,429.37,78.3,8.46,95.7,86.2,0
S1100,Helix Logistics,Electronics,Poland,2024-02-27 09:00:00,1.91,1.95,11.3,453,134485.89,297.07,82.7,3.49,94.0,89.6,0
S1101,Summit Logistics,Metals,Poland,2024-02-27 21:00:00,2.63,0.37,22.1,1340,485015.3,362.02,95.5,-1.49,95.7,95.1,0
S1102,Atlas Works,Consumer Goods,Germany,2024-02-27 18:00:00,3.85,3.89,20.8,690,151484.87,219.56,71.9,3.31,96.0,85.6,0
S1103,Ironclad Industries,Automotive,Poland,2024-02-27 06:00:00,0.96,1.63,24.4,827,201648.66,243.91,89.3,0.6,100.0,95.5,0
S1104,Blue Ridge Materials,Textiles,Japan,2024-02-27 11:00:00,0.36,1.95,29.5,1171,68845.1,58.81,79.6,4.45,90.6,87.7,1
S1105,Keystone Works,Electronics,Poland,2024-02-27 01:00:00,4.44,2.54,10.0,1213,371246.11,306.11,81.8,7.29,90.7,85.4,0
S1106,Quantum Materials,Chemicals,Poland,2024-02-27 19:00:00,1.58,1.5,27.0,915,182774.65,199.77,86.7,4.61,94.8,91.0,0
S1107,Delta Supplies,Consumer Goods,USA,2024-02-27 18:00:00,8.11,5.7,20.2,855,245412.71,286.95,55.6,14.46,81.0,68.3,1
S1108,Ironclad Industries,Automotive,Poland,2024-02-27 09:00:00,3.19,2.96,22.8,649,230100.62,354.65,74.7,1.57,96.0,87.5,0
S1109,Keystone Components,Metals,Mexico,2024-02-27 18:00:00,2.84,2.46,14.5,240,65728.6,273.69,78.0,2.89,96.0,88.4,0
S1110,Blue Ridge Works,Automotive,China,2024-02-27 14:00:00,3.09,1.56,9.0,925,217308.56,235.0,85.5,6.51,91.3,87.9,0
S1111,Quantum Materials,Chemicals,China,2024-02-27 03:00:00,5.84,2.14,21.5,778,223277.17,286.87,86.4,2.37,90.0,87.9,0
S1112,Nova Supplies,Chemicals,Japan,2024-02-27 12:00:00,1.22,3.82,20.9,98,18620.42,189.22,59.2,18.83,71.1,67.9,1
S1113,Pioneer Industries,Machinery,Poland,2024-02-27 17:00:00,1.21,1.36,18.7,587,34060.04,58.03,88.1,7.05,92.7,90.0,0
S1114,Pioneer Industries,Machinery,Japan,2024-02-27 05:00:00,2.04,1.39,22.7,246,81129.48,329.63,93.6,9.66,95.2,91.4,0
S1115,Keystone Global,Textiles,Vietnam,2024-02-27 07:00:00,2.66,1.58,15.4,1275,340990.79,267.37,87.3,5.92,91.9,89.2,0
S1116,Harbor Works,Automotive,Germany,2024-02-27 10:00:00,2.77,2.0,19.8,656,55506.65,84.64,87.1,3.31,98.6,92.4,0
S1117,Orion Precision,Consumer Goods,Mexico,2024-02-27 06:00:00,3.77,2.47,22.3,1355,110441.05,81.52,85.0,0.24,96.4,91.5,0
S1118,Pioneer Materials,Machinery,Japan,2024-02-27 18:00:00,2.24,2.66,12.8,1051,222964.18,212.15,79.7,5.71,89.9,86.1,0
S1119,Zenith Manufacturing,Electronics,Japan,2024-02-27 10:00:00,11.38,1.13,29.4,885,37846.04,42.78,92.2,2.63,90.1,87.2,0
S1120,Zenith Systems,Pharma,Germany,2024-02-27 14:00:00,0.42,2.39,32.5,655,93698.91,143.06,80.6,2.63,96.7,90.9,0
S1001,Meridian Materials,Pharma,Poland,2024-03-01 03:00:00,4.28,1.27,15.1,89,33060.27,370.43,86.3,5.71,90.6,87.6,0
S1002,Keystone Manufacturing,Metals,China,2024-03-01 18:00:00,12.63,2.48,32.8,1013,324152.68,320.1,83.2,0.43,90.3,84.2,0
S1003,Delta Components,Electronics,Japan,2024-03-01 01:00:00,1.35,2.9,22.5,914,199730.27,218.49,75.8,4.28,94.1,87.2,0
S1004,Delta Components,Consumer Goods,Mexico,2024-03-01 07:00:00,2.19,1.17,30.6,1184,260686.28,220.17,89.2,5.93,93.5,90.6,0
S1005,Quantum Precision,Pharma,USA,2024-03-01 16:00:00,4.07,2.95,16.8,355,50101.89,141.06,73.1,4.78,85.4,81.6,0
S1006,Delta Materials,Consumer Goods,Vietnam,2024-03-01 06:00:00,0.0,3.74,10.9,224,38770.87,173.04,74.2,4.38,95.5,87.7,0
S1007,Apex Materials,Consumer Goods,Germany,2024-03-01 05:00:00,3.27,3.86,28.3,237,59502.92,251.08,72.4,8.54,94.9,83.7,0
S1008,Meridian Materials,Consumer Goods,Japan,2024-03-01 18:00:00,7.46,4.31,20.7,953,26773.45,28.11,55.8,22.64,70.6,62.0,1
S1009,Keystone Logistics,Textiles,India,2024-03-01 21:00:00,0.72,5.2,23.1,582,111301.29,191.34,57.9,8.8,93.8,79.4,1
S1010,Harbor Systems,Consumer Goods,Mexico,2024-03-01 21:00:00,27.23,4.1,47.5,766,8937.87,11.66,60.1,16.3,59.6,52.2,1
S1011,Blue Ridge Materials,Chemicals,Mexico,2024-03-01 15:00:00,2.51,3.39,8.6,499,44870.69,89.91,73.7,4.77,94.5,85.8,0
S1012,Orion Manufacturing,Automotive,Poland,2024-03-01 09:00:00,3.9,5.26,24.0,1043,229979.53,220.4,61.8,3.81,93.1,80.8,1
S1013,Keystone Global,Automotive,India,2024-03-01 02:00:00,3.17,3.41,30.1,1316,140878.79,107.04,76.1,0.61,95.2,88.1,0
S1014,Keystone Manufacturing,Electronics,India,2024-03-01 14:00:00,0.0,4.39,29.9,1304,71866.31,55.13,65.4,5.89,94.2,83.7,0
S1015,Ironclad Supplies,Electronics,Vietnam,2024-03-01 05:00:00,3.8,2.35,8.9,503,92302.22,183.38,81.8,8.31,90.0,85.1,0
S1016,Keystone Precision,Metals,Japan,2024-03-01 16:00:00,8.53,0.12,8.1,344,5611.32,16.3,98.7,2.37,89.4,90.7,0
S1017,Apex Industries,Automotive,Vietnam,2024-03-01 13:00:00,1.72,0.68,27.6,1340,299440.82,223.51,94.1,2.03,100.0,96.3,0
S1018,Vertex Precision,Chemicals,Poland,2024-03-01 21:00:00,4.86,0.98,17.2,290,42385.08,146.01,86.0,10.07,81.5,82.4,0
S1019,Summit Industries,Textiles,Mexico,2024-03-01 02:00:00,14.88,2.29,30.3,585,189606.99,323.98,73.5,25.38,67.1,62.3,1
S1020,Atlas Logistics,Automotive,Vietnam,2024-03-01 03:00:00,6.07,4.32,13.5,877,16564.61,18.88,65.9,2.24,91.6,81.3,1
S1021,Harbor Supplies,Metals,Vietnam,2024-03-01 01:00:00,0.0,1.37,7.4,985,270934.67,275.01,88.3,2.74,96.3,93.6,0
S1022,Vertex Logistics,Textiles,China,2024-03-01 05:00:00,3.58,8.62,32.0,137,20123.31,146.53,31.9,16.77,74.5,59.2,1
S1023,Keystone Global,Pharma,USA,2024-03-01 08:00:00,3.82,3.99,23.7,724,62445.04,86.25,65.4,6.02,89.1,79.9,0
S1024,Apex Works,Consumer Goods,Mexico,2024-03-01 18:00:00,2.31,1.75,8.7,906,219506.32,242.17,81.2,14.58,91.9,84.0,0
S1025,Helix Industries,Metals,Germany,2024-03-01 23:00:00,4.36,2.75,24.3,905,379240.32,419.19,76.6,5.13,94.1,85.7,0
S1026,Blue Ridge Works,Consumer Goods,Mexico,2024-03-01 11:00:00,5.06,2.07,17.2,106,19263.4,181.3,81.7,5.07,90.1,85.7,0
S1027,Ironclad Logistics,Automotive,Mexico,2024-03-01 21:00:00,4.57,2.22,9.2,1550,506251.05,326.63,86.3,6.72,90.0,86.9,0
S1028,Zenith Components,Pharma,Poland,2024-03-01 14:00:00,2.63,2.18,24.0,990,199303.71,201.32,79.1,10.05,86.7,83.0,0
S1029,Summit Supplies,Electronics,India,2024-03-01 08:00:00,3.79,1.29,32.1,76,17523.44,230.78,80.2,23.83,74.8,73.4,1
S1030,Keystone Manufacturing,Consumer Goods,India,2024-03-01 00:00:00,1.32,2.31,9.9,942,74019.19,78.58,84.3,1.9,99.3,92.9,0
S1031,Ironclad Manufacturing,Textiles,Japan,2024-03-01 00:00:00,6.16,4.12,22.7,1468,516022.49,351.59,61.8,10.56,79.1,72.2,1
S1032,Vertex Manufacturing,Pharma,Poland,2024-03-01 22:00:00,2.28,2.07,18.4,123,45795.4,373.37,82.2,1.83,97.1,90.9,0
S1033,Blue Ridge Precision,Automotive,Mexico,2024-03-01 21:00:00,3.86,3.67,24.6,1497,529448.78,353.75,69.7,3.71,96.5,84.8,0
S1034,Zenith Global,Textiles,Japan,2024-03-01 04:00:00,3.16,3.31,10.9,269,58125.17,215.75,79.5,2.9,98.6,89.7,0
S1035,Delta Works,Textiles,Vietnam,2024-03-01 00:00:00,5.52,2.28,15.9,991,281474.78,284.01,81.6,1.68,90.2,86.7,1
S1036,Orion Components,Pharma,Vietnam,2024-03-01 10:00:00,2.93,4.49,20.0,1313,230054.19,175.18,64.4,4.06,96.2,83.2,0
S1037,Nova Global,Pharma,India,2024-03-01 09:00:00,2.96,3.05,18.3,672,25741.07,38.31,75.0,3.35,94.9,86.7,0
S1038,Blue Ridge Works,Metals,Vietnam,2024-03-01 04:00:00,3.61,7.48,23.8,993,304270.59,306.31,42.5,21.94,72.8,60.3,1
S1039,Orion Works,Metals,China,2024-03-01 07:00:00,3.67,2.82,19.2,987,143816.91,145.69,81.0,3.68,98.8,89.7,1
S1040,Harbor Components,Pharma,China,2024-03-01 15:00:00,3.25,2.42,20.7,1505,414198.29,275.24,79.1,2.48,91.5,87.1,0
S1041,Vertex Supplies,Consumer Goods,Poland,2024-03-01 18:00:00,1.8,2.01,15.0,1341,318648.6,237.56,84.2,0.7,96.8,92.2,0
S1042,Harbor Materials,Electronics,India,2024-03-01 03:00:00,2.89,1.15,15.3,453,42912.6,94.78,90.8,10.69,92.4,88.6,0
S1043,Blue Ridge Logistics,Pharma,Japan,2024-03-01 05:00:00,0.37,1.54,24.8,191,63327.73,331.39,87.7,6.89,100.0,92.9,0
S1044,Quantum Manufacturing,Machinery,Vietnam,2024-03-01 01:00:00,2.79,2.69,14.8,806,160751.26,199.44,81.1,2.38,95.4,89.5,0
S1045,Vertex Manufacturing,Chemicals,India,2024-03-01 22:00:00,0.87,2.94,25.4,312,27405.53,87.84,79.5,3.75,96.0,89.6,0
S1046,Quantum Materials,Textiles,Mexico,2024-03-01 04:00:00,3.27,2.04,14.9,1108,202959.33,183.15,85.5,2.01,98.0,91.8,0
S1047,Atlas Industries,Metals,USA,2024-03-01 08:00:00,8.79,1.94,13.8,481,42521.32,88.38,77.9,21.56,75.2,71.1,0
S1048,Helix Industries,Chemicals,Japan,2024-03-01 16:00:00,4.55,3.73,36.6,1182,93345.76,78.94,71.7,11.06,79.9,76.6,1
S1049,Atlas Works,Metals,Germany,2024-03-01 13:00:00,2.41,2.79,4.7,108,14518.71,134.52,80.5,2.25,95.6,89.6,0
S1050,Vertex Global,Metals,Japan,2024-03-01 14:00:00,0.91,2.27,5.0,1226,371250.55,302.83,81.2,3.76,99.9,91.5,0
S1051,Zenith Industries,Consumer Goods,Germany,2024-03-01 20:00:00,1.96,2.44,27.0,1897,233252.38,122.96,84.8,4.96,93.8,89.7,0
S1052,Meridian Manufacturing,Automotive,Germany,2024-03-01 01:00:00,4.33,2.38,12.9,1548,183696.44,118.65,83.2,5.1,98.0,89.4,0
S1053,Harbor Systems,Machinery,India,2024-03-01 07:00:00,2.27,4.18,9.6,900,106453.73,118.31,67.4,2.42,93.2,84.2,0
S1054,Harbor Manufacturing,Pharma,Mexico,2024-03-01 05:00:00,1.91,2.46,15.0,931,284848.49,305.91,82.8,4.7,95.1,89.6,0
S1055,Harbor Works,Chemicals,USA,2024-03-01 07:00:00,1.15,4.78,17.4,362,46197.46,127.61,65.0,5.55,94.7,83.2,1
S1056,Ironclad Supplies,Chemicals,Germany,2024-03-01 22:00:00,11.66,9.61,19.0,339,95659.89,281.83,22.1,21.31,66.8,47.3,1
S1057,Atlas Components,Textiles,Japan,2024-03-01 10:00:00,4.29,3.32,6.4,490,109022.74,222.34,77.5,4.62,97.2,87.2,0
S1058,Meridian Supplies,Textiles,Poland,2024-03-01 22:00:00,1.33,0.8,20.1,186,13361.29,71.71,90.2,5.27,96.8,92.8,0
S1059,Quantum Systems,Pharma,Mexico,2024-03-01 20:00:00,3.07,3.36,19.1,1515,137399.14,90.72,71.8,5.89,95.2,84.7,0
S1060,Blue Ridge Systems,Textiles,Vietnam,2024-03-01 08:00:00,2.25,2.12,14.1,1537,348999.41,227.11,84.3,3.07,93.8,90.1,0
S1061,Zenith Manufacturing,Pharma,Germany,2024-03-01 01:00:00,2.01,3.97,5.4,293,41612.35,142.0,71.4,2.67,92.1,85.2,0
S1062,Meridian Systems,Consumer Goods,Vietnam,2024-03-01 10:00:00,1.48,0.74,13.6,1182,483195.45,408.94,93.3,4.06,97.6,94.6,0
S1063,Delta Precision,Consumer Goods,Germany,2024-03-01 02:00:00,2.12,3.89,21.6,199,15067.02,75.71,69.2,3.95,93.9,84.5,0
S1064,Vertex Logistics,Chemicals,Japan,2024-03-01 11:00:00,10.63,0.29,17.1,209,65688.25,314.73,94.8,3.52,94.4,89.6,0
S1065,Zenith Logistics,Automotive,Vietnam,2024-03-01 00:00:00,0.0,1.61,14.1,1632,399736.98,244.89,86.8,0.29,97.1,94.2,0
S1066,Vertex Materials,Electronics,Germany,2024-03-01 22:00:00,2.47,0.7,9.5,1990,282726.22,142.06,100.0,2.97,96.5,96.4,0
S1067,Harbor Supplies,Textiles,Japan,2024-03-01 18:00:00,4.23,2.57,30.9,921,62441.98,67.83,79.8,-2.28,94.2,87.9,0
S1068,Vertex Supplies,Machinery,Poland,2024-03-01 21:00:00,5.48,1.85,27.6,499,85983.31,172.47,85.3,3.21,92.7,88.3,0
S1069,Keystone Industries,Electronics,India,2024-03-01 02:00:00,0.49,2.52,24.1,454,145942.55,321.38,80.0,-0.35,94.3,90.7,0
S1070,Delta Logistics,Machinery,Vietnam,2024-03-01 04:00:00,3.31,2.15,28.5,381,126798.93,333.11,78.4,9.39,89.0,83.4,0
S1071,Pioneer Logistics,Textiles,Japan,2024-03-01 20:00:00,2.3,1.45,22.8,1554,65704.09,42.28,93.8,7.39,95.9,92.5,0
S1072,Delta Materials,Automotive,Poland,2024-03-01 10:00:00,4.17,0.13,15.3,1242,318084.56,256.12,94.3,5.09,94.8,92.2,0
S1073,Orion Components,Pharma,Germany,2024-03-01 15:00:00,2.56,0.54,7.3,840,321561.58,382.69,95.5,3.05,93.0,93.5,0
S1074,Pioneer Precision,Electronics,Vietnam,2024-03-01 12:00:00,1.91,2.12,9.2,106,10608.8,99.72,77.7,6.17,88.6,84.9,0
S1075,Zenith Logistics,Consumer Goods,USA,2024-03-01 06:00:00,0.44,4.35,23.2,934,217233.72,232.54,64.7,4.52,92.9,83.3,0
S1076,Harbor Materials,Consumer Goods,Japan,2024-03-01 22:00:00,0.09,3.01,7.4,992,59685.99,60.16,74.3,2.67,92.0,87.1,0
S1077,Vertex Precision,Machinery,Poland,2024-03-01 03:00:00,1.86,3.18,17.5,598,82626.33,138.27,74.6,6.32,92.5,85.2,0
S1078,Quantum Precision,Metals,Poland,2024-03-01 16:00:00,1.01,0.8,30.5,261,55282.57,211.41,91.6,2.84,94.8,93.7,0
S1079,Apex Systems,Pharma,China,2024-03-01 18:00:00,3.66,4.73,6.6,396,27153.89,68.58,71.3,1.64,93.0,85.1,0
S1080,Zenith Precision,Chemicals,India,2024-03-01 03:00:00,1.62,0.73,17.1,831,332563.16,400.12,94.5,2.53,96.2,95.0,0
S1081,Keystone Components,Textiles,Japan,2024-03-01 01:00:00,0.1,2.65,11.4,414,112917.88,272.73,83.8,2.74,96.8,92.1,0
S1082,Keystone Manufacturing,Consumer Goods,Mexico,2024-03-01 19:00:00,2.27,4.1,19.1,847,234129.94,276.52,60.8,13.22,80.1,73.2,1
S1083,Blue Ridge Components,Consumer Goods,USA,2024-03-01 02:00:00,2.78,1.16,23.4,1392,559142.66,401.79,92.5,4.3,93.8,92.2,0
S1084,Pioneer Precision,Machinery,Poland,2024-03-01 17:00:00,1.9,3.19,12.2,419,89770.75,214.02,74.3,1.13,97.9,88.9,0
S1085,Harbor Components,Machinery,USA,2024-03-01 02:00:00,2.7,1.44,23.5,741,131913.16,178.13,88.1,2.65,92.6,90.9,0
S1086,Keystone Global,Metals,Germany,2024-03-01 20:00:00,4.65,1.67,27.2,514,85093.31,165.64,84.7,1.95,91.1,88.5,0
S1087,Summit Components,Pharma,USA,2024-03-01 07:00:00,6.39,0.0,11.5,208,20143.86,96.68,95.3,5.5,85.1,87.9,1
S1088,Helix Precision,Chemicals,Japan,2024-03-01 18:00:00,1.27,2.41,21.1,1583,321955.11,203.42,79.0,15.65,92.0,83.3,0
S1089,Helix Works,Textiles,USA,2024-03-01 16:00:00,4.56,2.96,18.4,967,163805.5,169.45,79.5,-0.7,97.6,89.4,0
S1090,Pioneer Supplies,Electronics,China,2024-03-01 18:00:00,1.93,4.87,13.6,1033,319755.02,309.5,61.2,10.32,95.2,79.9,0
S1091,Zenith Components,Metals,China,2024-03-01 12:00:00,0.4,2.78,11.3,672,107853.48,160.57,72.5,5.48,98.0,87.4,0
S1092,Zenith Components,Textiles,USA,2024-03-01 01:00:00,6.77,1.14,28.3,303,82003.25,270.57,88.3,2.57,92.8,89.0,0
S1093,Atlas Works,Consumer Goods,China,2024-03-01 21:00:00,0.0,2.12,12.3,1023,236047.48,230.75,83.2,3.32,95.3,91.2,0
S1094,Summit Precision,Machinery,Japan,2024-03-01 23:00:00,4.17,3.44,27.3,1271,40178.04,31.6,75.7,3.76,97.7,87.2,0
S1095,Vertex Global,Metals,India,2024-03-01 17:00:00,0.0,1.86,25.6,621,143183.84,230.49,86.4,3.1,95.4,92.5,0
S1096,Zenith Precision,Textiles,Japan,2024-03-01 09:00:00,1.42,1.77,15.8,935,221260.96,236.56,84.0,0.11,99.0,93.3,0
S1097,Orion Works,Textiles,China,2024-03-01 05:00:00,2.28,2.21,28.9,358,43621.28,121.9,85.8,2.66,98.6,92.4,0
S1098,Blue Ridge Components,Machinery,Mexico,2024-03-01 05:00:00,1.27,4.59,28.7,161,20599.02,127.91,65.9,0.91,93.7,84.9,0
S1099,Quantum Global,Consumer Goods,Mexico,2024-03-01 22:00:00,2.29,2.58,17.9,139,58529.51,420.37,73.2,6.19,92.8,84.6,0
S1100,Helix Logistics,Electronics,Poland,2024-03-01 01:00:00,1.2,1.51,10.3,492,148331.45,301.71,86.1,5.1,97.5,91.7,0
S1101,Summit Logistics,Metals,Poland,2024-03-01 12:00:00,1.74,0.51,26.9,1652,610669.21,369.69,98.3,0.6,98.9,97.9,0
S1102,Atlas Works,Consumer Goods,Germany,2024-03-01 12:00:00,1.25,3.57,20.9,1345,292593.28,217.57,73.8,2.37,95.8,87.8,0
S1103,Ironclad Industries,Automotive,Poland,2024-03-01 19:00:00,1.68,0.43,24.8,1146,279923.31,244.36,96.7,0.79,98.2,97.0,0
S1104,Blue Ridge Materials,Textiles,Japan,2024-03-01 11:00:00,1.78,2.23,31.5,685,41653.8,60.79,79.3,7.96,94.7,87.0,0
S1105,Keystone Works,Electronics,Poland,2024-03-01 13:00:00,3.4,2.33,8.2,1317,391575.34,297.42,83.8,4.25,93.2,88.6,0
S1106,Quantum Materials,Chemicals,Poland,2024-03-01 00:00:00,3.5,2.05,26.1,764,156724.95,205.04,86.4,7.38,92.4,88.1,0
S1107,Delta Supplies,Consumer Goods,USA,2024-03-01 11:00:00,10.71,5.49,18.6,700,193885.46,277.07,47.9,10.52,76.1,64.1,1
S1108,Ironclad Industries,Automotive,Poland,2024-03-01 07:00:00,10.84,3.39,24.3,440,158855.0,360.87,75.7,3.35,88.2,80.7,0
S1109,Keystone Components,Metals,Mexico,2024-03-01 12:00:00,2.81,3.17,16.6,265,71619.65,269.78,75.6,1.42,95.8,88.1,0
S1110,Blue Ridge Works,Automotive,China,2024-03-01 00:00:00,3.16,1.76,10.0,997,227141.99,227.77,83.7,3.23,95.5,89.9,0
S1111,Quantum Materials,Chemicals,China,2024-03-01 19:00:00,0.0,2.1,20.9,778,227799.76,292.93,85.0,4.53,98.7,92.6,0
S1112,Nova Supplies,Chemicals,Japan,2024-03-01 11:00:00,0.0,4.71,18.9,102,18859.92,184.83,53.1,16.07,74.5,68.6,1
S1113,Pioneer Industries,Machinery,Poland,2024-03-01 16:00:00,2.66,2.4,18.9,438,27188.83,62.04,78.2,14.46,89.1,81.8,0
S1114,Pioneer Industries,Machinery,Japan,2024-03-01 08:00:00,1.59,0.93,27.9,403,125276.81,310.87,90.6,3.42,96.5,93.4,1
S1115,Keystone Global,Textiles,Vietnam,2024-03-01 19:00:00,2.43,1.57,16.9,1370,366036.1,267.23,87.3,5.86,92.0,89.3,0
S1116,Harbor Works,Automotive,Germany,2024-03-01 17:00:00,3.35,2.55,17.1,554,46172.46,83.4,80.5,1.79,97.3,89.9,0
S1117,Orion Precision,Consumer Goods,Mexico,2024-03-01 15:00:00,3.01,2.66,20.4,2031,171724.58,84.53,79.5,3.95,95.1,88.1,0
S1118,Pioneer Materials,Machinery,Japan,2024-03-01 16:00:00,4.7,2.39,9.9,454,95479.11,210.22,82.1,4.75,90.3,86.2,0
S1119,Zenith Manufacturing,Electronics,Japan,2024-03-01 23:00:00,1.37,1.59,28.0,922,40039.84,43.45,83.9,4.24,99.0,91.8,0
S1120,Zenith Systems,Pharma,Germany,2024-03-01 03:00:00,3.02,1.85,33.4,343,51214.68,149.25,87.2,7.08,97.3,90.4,0
S1001,Meridian Materials,Pharma,Poland,2024-03-04 06:00:00,5.56,1.55,14.4,62,22019.52,357.07,81.9,1.89,94.0,88.1,0
S1002,Keystone Manufacturing,Metals,China,2024-03-04 06:00:00,1.93,1.58,29.7,698,227582.85,326.26,90.6,2.36,92.4,92.2,0
S1003,Delta Components,Electronics,Japan,2024-03-04 05:00:00,0.92,3.57,19.0,964,209881.87,217.77,75.6,3.93,95.3,87.9,0
S1004,Delta Components,Consumer Goods,Mexico,2024-03-04 04:00:00,3.67,1.09,29.0,1490,337359.89,226.48,86.5,8.97,95.9,88.6,0
S1005,Quantum Precision,Pharma,USA,2024-03-04 17:00:00,5.0,1.33,18.7,532,80226.73,150.88,83.8,12.07,85.9,82.4,1
S1006,Delta Materials,Consumer Goods,Vietnam,2024-03-04 01:00:00,2.93,1.58,12.5,126,22060.85,174.41,85.1,5.21,94.1,89.3,0
S1007,Apex Materials,Consumer Goods,Germany,2024-03-04 01:00:00,3.32,2.7,28.3,334,82961.78,248.29,81.7,7.33,93.4,86.9,0
S1008,Meridian Materials,Consumer Goods,Japan,2024-03-04 10:00:00,7.08,4.94,19.8,1492,39249.96,26.31,49.4,14.8,68.9,62.3,1
S1009,Keystone Logistics,Textiles,India,2024-03-04 01:00:00,0.0,5.7,24.5,1013,185265.77,182.82,56.0,3.96,89.2,79.3,0
S1010,Harbor Systems,Consumer Goods,Mexico,2024-03-04 11:00:00,12.09,1.49,47.5,626,7610.66,12.16,75.9,21.21,61.2,64.0,1
S1011,Blue Ridge Materials,Chemicals,Mexico,2024-03-04 10:00:00,1.09,4.5,12.8,825,76032.86,92.21,66.4,7.44,94.7,83.0,0
S1012,Orion Manufacturing,Automotive,Poland,2024-03-04 09:00:00,3.39,4.69,19.9,815,178818.18,219.5,65.0,3.39,92.5,82.2,0
S1013,Keystone Global,Automotive,India,2024-03-04 00:00:00,2.05,2.16,28.3,959,109207.21,113.88,83.2,7.04,95.0,88.7,0
S1014,Keystone Manufacturing,Electronics,India,2024-03-04 02:00:00,2.05,5.35,33.2,825,43977.2,53.28,57.2,2.33,94.5,81.2,0
S1015,Ironclad Supplies,Electronics,Vietnam,2024-03-04 01:00:00,5.93,2.68,9.4,639,113179.44,177.11,77.2,4.6,90.9,84.1,1
S1016,Keystone Precision,Metals,Japan,2024-03-04 23:00:00,6.12,0.0,6.0,503,8431.25,16.76,95.2,5.23,92.0,90.5,0
S1017,Apex Industries,Automotive,Vietnam,2024-03-04 18:00:00,0.3,1.57,24.7,1462,330413.46,226.03,92.4,3.19,100.0,96.0,0
S1018,Vertex Precision,Chemicals,Poland,2024-03-04 02:00:00,7.52,1.04,21.9,202,29278.99,144.75,84.8,9.12,78.5,80.0,0
S1019,Summit Industries,Textiles,Mexico,2024-03-04 19:00:00,6.83,4.06,30.9,763,220103.21,288.5,60.7,11.65,74.3,69.5,1
S1020,Atlas Logistics,Automotive,Vietnam,2024-03-04 14:00:00,3.81,3.81,12.4,637,12450.85,19.53,70.2,5.77,88.4,81.4,0
S1021,Harbor Supplies,Metals,Vietnam,2024-03-04 02:00:00,2.01,2.47,8.9,1207,328189.42,271.95,80.0,1.6,92.2,88.7,0
S1022,Vertex Logistics,Textiles,China,2024-03-04 10:00:00,3.55,8.55,32.1,145,22114.2,152.85,33.3,21.81,73.5,57.4,1
S1023,Keystone Global,Pharma,USA,2024-03-04 23:00:00,3.44,5.44,22.8,503,42922.49,85.32,56.3,4.87,91.6,78.2,0
S1024,Apex Works,Consumer Goods,Mexico,2024-03-04 20:00:00,3.48,2.47,9.7,752,166235.72,221.06,80.8,4.59,92.7,87.3,0
S1025,Helix Industries,Metals,Germany,2024-03-04 20:00:00,5.62,4.4,24.7,839,349553.92,416.49,63.3,4.45,86.3,77.9,1
S1026,Blue Ridge Works,Consumer Goods,Mexico,2024-03-04 11:00:00,4.73,1.71,17.8,177,31763.23,179.82,86.4,4.21,92.5,88.7,0
S1027,Ironclad Logistics,Automotive,Mexico,2024-03-04 15:00:00,3.45,1.85,9.2,1109,352756.75,318.11,83.9,3.93,93.5,88.9,0
S1028,Zenith Components,Pharma,Poland,2024-03-04 05:00:00,2.1,0.24,26.6,1114,223933.12,200.97,93.4,9.86,88.6,89.0,0
S1029,Summit Supplies,Electronics,India,2024-03-04 16:00:00,4.06,2.56,33.7,123,24206.84,196.25,70.4,5.3,73.9,76.5,0
S1030,Keystone Manufacturing,Consumer Goods,India,2024-03-04 19:00:00,0.78,2.52,6.2,1288,99513.86,77.24,83.9,0.17,98.4,93.4,1
S1031,Ironclad Manufacturing,Textiles,Japan,2024-03-04 15:00:00,3.51,4.98,21.7,1014,342388.37,337.76,59.1,6.21,81.2,75.0,1
S1032,Vertex Manufacturing,Pharma,Poland,2024-03-04 08:00:00,6.4,2.15,19.4,100,38715.55,386.99,77.9,5.54,98.0,86.3,0
S1033,Blue Ridge Precision,Automotive,Mexico,2024-03-04 18:00:00,3.36,3.43,24.7,810,286762.95,354.04,72.1,3.8,92.7,84.6,0
S1034,Zenith Global,Textiles,Japan,2024-03-04 11:00:00,1.45,2.41,9.8,206,44743.53,216.83,82.4,3.41,98.2,91.2,0
S1035,Delta Works,Textiles,Vietnam,2024-03-04 11:00:00,3.56,2.03,20.4,923,277740.76,300.82,83.5,7.7,93.5,87.3,0
S1036,Orion Components,Pharma,Vietnam,2024-03-04 11:00:00,0.04,3.44,17.4,1007,169920.03,168.67,73.8,0.19,98.9,90.4,0
S1037,Nova Global,Pharma,India,2024-03-04 17:00:00,0.79,2.57,18.3,820,32420.81,39.56,80.5,6.71,96.5,89.0,0
S1038,Blue Ridge Works,Metals,Vietnam,2024-03-04 08:00:00,5.82,6.61,25.8,950,276496.84,291.09,39.2,15.88,72.7,60.3,1
S1039,Orion Works,Metals,China,2024-03-04 07:00:00,2.94,4.11,21.9,1155,171677.71,148.7,68.3,5.83,89.7,81.7,0
S1040,Harbor Components,Pharma,China,2024-03-04 01:00:00,5.28,2.57,19.6,1037,308245.53,297.15,75.8,10.64,91.2,81.8,0
S1041,Vertex Supplies,Consumer Goods,Poland,2024-03-04 18:00:00,2.92,1.56,15.8,1378,336281.35,244.07,88.6,3.45,94.9,91.5,0
S1042,Harbor Materials,Electronics,India,2024-03-04 13:00:00,0.91,2.06,17.3,636,57867.02,90.95,82.3,6.21,94.9,89.3,0
S1043,Blue Ridge Logistics,Pharma,Japan,2024-03-04 17:00:00,0.0,1.63,23.5,120,38109.04,317.63,89.8,2.45,96.7,94.3,0
S1044,Quantum Manufacturing,Machinery,Vietnam,2024-03-04 05:00:00,0.83,2.32,13.1,965,194620.12,201.65,83.1,3.52,99.2,92.1,0
S1045,Vertex Manufacturing,Chemicals,India,2024-03-04 10:00:00,3.68,3.93,24.6,246,22137.29,89.86,73.6,6.14,94.2,84.6,0
S1046,Quantum Materials,Textiles,Mexico,2024-03-04 23:00:00,3.4,1.63,13.7,656,118356.01,180.34,86.9,0.44,98.9,93.2,0
S1047,Atlas Industries,Metals,USA,2024-03-04 20:00:00,11.51,0.59,16.5,489,38899.11,79.56,88.2,9.43,76.3,78.3,0
S1048,Helix Industries,Chemicals,Japan,2024-03-04 14:00:00,2.54,3.16,31.4,1443,114870.62,79.62,71.5,12.01,82.8,78.2,1
S1049,Atlas Works,Metals,Germany,2024-03-04 01:00:00,3.7,3.09,8.2,82,10867.72,132.33,74.0,0.58,97.2,87.9,0
S1050,Vertex Global,Metals,Japan,2024-03-04 20:00:00,2.42,2.43,7.8,976,289411.25,296.65,84.0,1.64,98.3,92.0,0
S1051,Zenith Industries,Consumer Goods,Germany,2024-03-04 00:00:00,0.0,1.29,26.7,1515,171671.28,113.34,88.4,-3.24,95.3,93.1,0
S1052,Meridian Manufacturing,Automotive,Germany,2024-03-04 06:00:00,4.37,2.74,11.1,1850,214079.39,115.71,83.0,2.49,99.3,90.7,0
S1053,Harbor Systems,Machinery,India,2024-03-04 08:00:00,2.91,4.49,9.6,943,108640.99,115.22,67.8,-0.25,92.9,84.7,0
S1054,Harbor Manufacturing,Pharma,Mexico,2024-03-04 13:00:00,3.3,3.82,14.0,880,273655.13,310.94,65.6,6.43,91.9,81.1,0
S1055,Harbor Works,Chemicals,USA,2024-03-04 07:00:00,1.74,2.87,17.2,647,85581.73,132.31,78.4,9.44,92.8,85.5,0
S1056,Ironclad Supplies,Chemicals,Germany,2024-03-04 11:00:00,12.33,11.32,24.0,683,196538.53,287.88,10.6,23.91,67.0,42.0,1
S1057,Atlas Components,Textiles,Japan,2024-03-04 06:00:00,3.25,3.51,5.4,508,106418.53,209.65,75.1,-1.35,92.5,86.5,0
S1058,Meridian Supplies,Textiles,Poland,2024-03-04 11:00:00,2.15,0.14,17.4,151,10404.34,68.69,100.0,0.83,93.0,96.2,0
S1059,Quantum Systems,Pharma,Mexico,2024-03-04 08:00:00,2.42,2.74,21.9,723,65671.88,90.82,79.4,6.0,97.6,88.5,0
S1060,Blue Ridge Systems,Textiles,Vietnam,2024-03-04 00:00:00,1.57,1.88,17.4,963,220476.1,228.89,85.2,3.88,90.6,89.3,0
S1061,Zenith Manufacturing,Pharma,Germany,2024-03-04 03:00:00,3.36,3.41,9.9,515,75487.79,146.67,79.9,6.04,96.7,87.9,0
S1062,Meridian Systems,Consumer Goods,Vietnam,2024-03-04 07:00:00,2.14,1.09,17.6,1238,495975.42,400.74,91.2,1.97,96.1,93.7,0
S1063,Delta Precision,Consumer Goods,Germany,2024-03-04 01:00:00,2.46,3.87,22.3,226,18097.69,80.09,71.3,9.96,93.1,82.6,0
S1064,Vertex Logistics,Chemicals,Japan,2024-03-04 04:00:00,0.11,0.31,11.9,434,131953.57,304.35,94.0,0.1,100.0,97.8,0
S1065,Zenith Logistics,Automotive,Vietnam,2024-03-04 00:00:00,1.2,1.31,20.1,1073,268993.05,250.61,84.7,2.64,91.9,90.2,0
S1066,Vertex Materials,Electronics,Germany,2024-03-04 01:00:00,3.9,1.41,8.0,1955,313235.17,160.24,92.8,16.15,92.7,86.9,0
S1067,Harbor Supplies,Textiles,Japan,2024-03-04 08:00:00,4.57,3.55,31.2,1589,111861.34,70.42,76.3,1.45,86.9,84.3,0
S1068,Vertex Supplies,Machinery,Poland,2024-03-04 15:00:00,3.82,2.38,31.6,638,110366.5,173.01,78.1,3.53,92.6,86.5,0
S1069,Keystone Industries,Electronics,India,2024-03-04 17:00:00,3.78,3.37,24.3,503,159525.42,317.43,74.8,-1.58,95.4,87.1,0
S1070,Delta Logistics,Machinery,Vietnam,2024-03-04 08:00:00,6.67,2.3,29.7,603,201434.36,334.32,75.1,9.78,83.8,78.6,0
S1071,Pioneer Logistics,Textiles,Japan,2024-03-04 18:00:00,1.56,1.05,23.6,1296,52171.37,40.25,95.3,2.23,94.7,94.9,0
S1072,Delta Materials,Automotive,Poland,2024-03-04 06:00:00,4.55,0.98,20.2,1627,404277.85,248.46,91.2,1.95,95.1,92.2,0
S1073,Orion Components,Pharma,Germany,2024-03-04 03:00:00,3.15,0.47,7.4,633,251117.56,396.78,87.3,6.85,90.5,88.1,0
S1074,Pioneer Precision,Electronics,Vietnam,2024-03-04 17:00:00,14.24,1.65,10.8,83,8811.05,106.25,85.2,13.12,83.5,77.0,1
S1075,Zenith Logistics,Consumer Goods,USA,2024-03-04 10:00:00,1.62,3.35,25.1,796,179209.37,225.14,72.9,1.2,94.3,87.3,0
S1076,Harbor Materials,Consumer Goods,Japan,2024-03-04 04:00:00,1.09,3.44,7.4,988,63528.28,64.3,72.5,9.73,92.0,83.4,0
S1077,Vertex Precision,Machinery,Poland,2024-03-04 11:00:00,0.32,4.14,16.5,522,69735.52,133.47,69.1,2.63,92.7,85.5,0
S1078,Quantum Precision,Metals,Poland,2024-03-04 23:00:00,1.4,2.34,31.8,193,41043.14,213.14,79.4,3.68,95.4,89.1,0
S1079,Apex Systems,Pharma,China,2024-03-04 12:00:00,6.07,5.19,10.8,483,33932.66,70.24,55.7,4.1,91.5,76.9,0
S1080,Zenith Precision,Chemicals,India,2024-03-04 02:00:00,2.26,1.74,18.5,742,289941.75,390.9,85.6,0.17,95.2,92.1,0
S1081,Keystone Components,Textiles,Japan,2024-03-04 13:00:00,1.09,1.96,15.5,438,120186.43,274.23,84.4,3.3,97.3,91.8,0
S1082,Keystone Manufacturing,Consumer Goods,Mexico,2024-03-04 11:00:00,5.56,5.82,18.2,1194,316154.37,264.71,49.2,8.39,78.0,68.6,1
S1083,Blue Ridge Components,Consumer Goods,USA,2024-03-04 03:00:00,4.93,0.39,21.8,1190,488399.76,410.53,96.2,6.57,96.3,92.4,0
S1084,Pioneer Precision,Machinery,Poland,2024-03-04 06:00:00,2.4,1.41,10.1,428,92946.25,217.4,88.0,2.73,95.5,92.0,0
S1085,Harbor Components,Machinery,USA,2024-03-04 05:00:00,0.24,0.69,23.6,541,97801.21,180.76,95.4,4.16,94.6,94.8,0
S1086,Keystone Global,Metals,Germany,2024-03-04 10:00:00,1.72,1.47,28.0,594,101725.91,171.16,87.3,5.34,91.6,89.7,0
S1087,Summit Components,Pharma,USA,2024-03-04 17:00:00,3.04,1.75,12.3,151,14978.8,98.92,82.1,7.94,86.0,84.3,1
S1088,Helix Precision,Chemicals,Japan,2024-03-04 23:00:00,0.19,2.73,24.6,1210,218067.9,180.18,81.5,2.44,98.7,92.0,0
S1089,Helix Works,Textiles,USA,2024-03-04 17:00:00,4.23,3.03,13.4,1475,251761.7,170.7,75.8,0.03,95.9,88.0,0
S1090,Pioneer Supplies,Electronics,China,2024-03-04 10:00:00,1.77,3.71,17.3,577,166621.88,288.93,70.6,2.99,92.3,85.0,0
S1091,Zenith Components,Metals,China,2024-03-04 08:00:00,9.21,2.98,10.9,447,71826.72,160.69,73.9,5.56,89.6,80.6,0
S1092,Zenith Components,Textiles,USA,2024-03-04 19:00:00,4.07,0.59,28.9,692,189083.02,273.3,89.7,3.61,94.6,91.1,0
S1093,Atlas Works,Consumer Goods,China,2024-03-04 12:00:00,2.67,2.63,15.1,1545,352466.25,228.15,79.6,2.16,92.5,88.1,0
S1094,Summit Precision,Machinery,Japan,2024-03-04 00:00:00,3.98,3.95,28.1,1070,33599.38,31.39,72.7,3.06,94.6,85.4,0
S1095,Vertex Global,Metals,India,2024-03-04 14:00:00,4.64,2.37,27.0,746,169913.52,227.73,84.8,1.87,92.7,89.1,0
S1096,Zenith Precision,Textiles,Japan,2024-03-04 23:00:00,2.22,1.77,18.2,1215,289761.23,238.45,87.6,0.9,93.5,91.9,0
S1097,Orion Works,Textiles,China,2024-03-04 13:00:00,3.78,1.88,28.6,218,25911.75,118.85,88.7,0.1,95.8,92.6,1
S1098,Blue Ridge Components,Machinery,Mexico,2024-03-04 16:00:00,2.13,3.9,28.3,324,42564.15,131.2,73.7,3.5,96.4,87.1,0
S1099,Quantum Global,Consumer Goods,Mexico,2024-03-04 20:00:00,0.14,2.72,18.2,199,83736.92,420.16,82.4,6.13,96.4,90.2,0
S1100,Helix Logistics,Electronics,Poland,2024-03-04 23:00:00,1.61,0.82,11.6,347,104158.29,299.93,94.0,4.48,93.8,93.2,0
S1101,Summit Logistics,Metals,Poland,2024-03-04 06:00:00,1.53,0.12,21.1,1408,515177.66,365.96,100.0,-0.42,93.5,96.8,0
S1102,Atlas Works,Consumer Goods,Germany,2024-03-04 06:00:00,3.95,3.52,19.7,2256,505533.58,224.06,74.5,5.43,92.8,84.5,0
S1103,Ironclad Industries,Automotive,Poland,2024-03-04 22:00:00,0.48,0.75,24.3,1504,363584.18,241.68,94.4,-0.32,99.2,97.4,0
S1104,Blue Ridge Materials,Textiles,Japan,2024-03-04 21:00:00,0.84,0.85,31.9,547,30381.75,55.52,90.0,-1.39,93.8,93.4,0
S1105,Keystone Works,Electronics,Poland,2024-03-04 18:00:00,3.42,1.82,8.5,1309,388767.85,297.04,86.2,4.11,92.0,89.1,0
S1106,Quantum Materials,Chemicals,Poland,2024-03-04 17:00:00,2.65,1.6,22.9,961,190314.06,198.11,87.1,3.74,94.9,91.0,0
S1107,Delta Supplies,Consumer Goods,USA,2024-03-04 11:00:00,8.25,6.09,21.5,1210,335360.65,277.25,47.2,10.59,79.8,66.3,1
S1108,Ironclad Industries,Automotive,Poland,2024-03-04 07:00:00,2.98,3.34,23.2,560,207196.72,370.31,74.1,6.06,94.3,85.2,0
S1109,Keystone Components,Metals,Mexico,2024-03-04 00:00:00,4.04,1.73,13.8,228,61541.29,270.18,89.9,1.57,95.3,92.2,0
S1110,Blue Ridge Works,Automotive,China,2024-03-04 18:00:00,4.76,2.72,10.7,655,145751.08,222.62,79.1,0.9,95.2,88.3,0
S1111,Quantum Materials,Chemicals,China,2024-03-04 06:00:00,0.37,3.02,20.3,896,270349.81,301.75,79.4,7.67,94.2,87.7,0
S1112,Nova Supplies,Chemicals,Japan,2024-03-04 13:00:00,0.39,5.39,17.1,93,20609.01,221.7,47.5,39.23,75.2,58.0,1
S1113,Pioneer Industries,Machinery,Poland,2024-03-04 09:00:00,0.86,1.68,18.0,388,21521.93,55.52,85.7,2.43,95.7,92.2,0
S1114,Pioneer Industries,Machinery,Japan,2024-03-04 02:00:00,2.31,1.55,24.5,227,69830.78,307.1,86.8,2.16,90.7,90.2,0
S1115,Keystone Global,Textiles,Vietnam,2024-03-04 05:00:00,3.61,1.99,16.5,1027,275015.75,267.69,80.6,6.04,91.6,86.2,0
S1116,Harbor Works,Automotive,Germany,2024-03-04 23:00:00,2.58,3.58,15.7,552,46451.91,84.13,74.3,2.68,92.0,85.9,0
S1117,Orion Precision,Consumer Goods,Mexico,2024-03-04 02:00:00,4.5,2.65,22.9,1130,94573.63,83.73,82.0,2.96,92.5,87.7,0
S1118,Pioneer Materials,Machinery,Japan,2024-03-04 20:00:00,3.4,2.25,11.3,509,103280.48,203.03,76.0,1.17,88.7,85.5,0
S1119,Zenith Manufacturing,Electronics,Japan,2024-03-04 06:00:00,0.0,1.58,27.7,1221,51228.32,41.97,87.2,0.69,100.0,95.3,0
S1120,Zenith Systems,Pharma,Germany,2024-03-04 14:00:00,2.11,1.96,30.0,474,67997.53,143.35,81.2,2.85,92.5,88.6,0
S1001,Meridian Materials,Pharma,Poland,2024-03-07 12:00:00,3.19,1.68,14.3,51,18900.74,371.27,84.5,5.94,95.7,89.2,0
S1002,Keystone Manufacturing,Metals,China,2024-03-07 14:00:00,0.17,2.18,30.3,606,205653.16,339.09,79.5,6.39,92.8,87.8,0
S1003,Delta Components,Electronics,Japan,2024-03-07 07:00:00,1.5,3.84,23.9,599,128522.37,214.41,68.6,2.33,93.3,85.0,0
S1004,Delta Components,Consumer Goods,Mexico,2024-03-07 12:00:00,0.53,0.66,29.9,1215,264334.87,217.52,93.7,4.66,90.3,92.4,0
S1005,Quantum Precision,Pharma,USA,2024-03-07 18:00:00,2.43,1.56,19.0,209,31477.77,150.4,86.0,11.71,85.1,84.3,0
S1006,Delta Materials,Consumer Goods,Vietnam,2024-03-07 14:00:00,0.86,2.29,13.1,168,28522.15,169.74,86.2,2.39,96.8,92.7,0
S1007,Apex Materials,Consumer Goods,Germany,2024-03-07 20:00:00,16.14,3.69,29.0,360,87361.07,242.58,74.3,4.86,86.5,76.4,0
S1008,Meridian Materials,Consumer Goods,Japan,2024-03-07 11:00:00,9.3,4.97,20.8,983,26485.88,26.94,51.5,17.57,66.8,60.2,1
S1009,Keystone Logistics,Textiles,India,2024-03-07 09:00:00,11.31,5.92,26.7,653,125239.74,191.75,51.5,9.03,87.0,69.4,0
S1010,Harbor Systems,Consumer Goods,Mexico,2024-03-07 22:00:00,5.86,3.35,47.6,536,6232.83,11.62,61.3,15.89,65.0,65.3,1
S1011,Blue Ridge Materials,Chemicals,Mexico,2024-03-07 06:00:00,11.34,2.45,13.0,300,26464.15,88.16,82.1,2.73,87.0,82.5,0
S1012,Orion Manufacturing,Automotive,Poland,2024-03-07 19:00:00,5.19,4.04,16.7,867,188818.01,217.82,67.2,2.6,94.6,83.0,0
S1013,Keystone Global,Automotive,India,2024-03-07 23:00:00,3.15,2.4,29.8,1305,144592.37,110.81,80.5,4.16,93.9,87.9,0
S1014,Keystone Manufacturing,Electronics,India,2024-03-07 03:00:00,0.0,5.11,28.5,1027,56334.51,54.88,65.2,5.41,96.3,84.5,0
S1015,Ironclad Supplies,Electronics,Vietnam,2024-03-07 10:00:00,5.81,1.82,10.7,865,160034.39,185.07,83.4,9.3,88.1,83.6,0
S1016,Keystone Precision,Metals,Japan,2024-03-07 06:00:00,4.25,1.0,10.2,520,8612.94,16.56,89.0,4.02,92.9,90.0,1
S1017,Apex Industries,Automotive,Vietnam,2024-03-07 07:00:00,1.76,1.66,27.2,1187,269213.68,226.85,89.0,3.56,100.0,93.9,0
S1018,Vertex Precision,Chemicals,Poland,2024-03-07 13:00:00,10.93,1.37,19.6,224,32813.84,146.39,82.8,10.35,77.1,76.6,1
S1019,Summit Industries,Textiles,Mexico,2024-03-07 16:00:00,14.01,4.21,31.2,438,115398.8,263.64,56.9,2.03,70.0,66.6,0
S1020,Atlas Logistics,Automotive,Vietnam,2024-03-07 04:00:00,6.62,3.79,11.9,1320,25206.57,19.09,72.4,3.39,91.0,82.6,1
S1021,Harbor Supplies,Metals,Vietnam,2024-03-07 19:00:00,1.32,0.89,9.2,991,263192.56,265.48,94.2,-0.82,94.2,94.9,0
S1022,Vertex Logistics,Textiles,China,2024-03-07 19:00:00,2.66,6.51,29.4,146,23102.08,158.76,43.6,26.52,76.5,60.8,1
S1023,Keystone Global,Pharma,USA,2024-03-07 07:00:00,2.24,4.23,24.8,551,47787.93,86.72,65.7,6.59,86.1,79.5,1
S1024,Apex Works,Consumer Goods,Mexico,2024-03-07 14:00:00,4.72,2.3,7.4,874,193177.05,221.13,81.0,4.62,92.5,86.6,0
S1025,Helix Industries,Metals,Germany,2024-03-07 09:00:00,4.77,2.49,26.3,1068,436716.72,408.96,81.0,2.57,95.4,88.4,0
S1026,Blue Ridge Works,Consumer Goods,Mexico,2024-03-07 13:00:00,4.63,1.84,14.7,148,25891.75,175.36,83.8,1.63,88.4,87.4,0
S1027,Ironclad Logistics,Automotive,Mexico,2024-03-07 15:00:00,5.75,1.17,9.9,1338,431849.94,322.83,95.6,5.48,91.7,90.6,0
S1028,Zenith Components,Pharma,Poland,2024-03-07 04:00:00,3.18,2.35,21.7,1076,206267.74,191.76,80.0,4.82,89.0,85.7,0
S1029,Summit Supplies,Electronics,India,2024-03-07 00:00:00,12.38,4.44,34.7,136,28886.46,213.11,55.9,14.35,67.5,61.6,1
S1030,Keystone Manufacturing,Consumer Goods,India,2024-03-07 01:00:00,0.0,3.53,8.1,1390,112182.89,80.68,75.2,4.63,96.9,88.5,0
S1031,Ironclad Manufacturing,Textiles,Japan,2024-03-07 01:00:00,6.15,5.49,24.0,1278,455838.0,356.61,52.1,12.14,81.2,69.0,1
S1032,Vertex Manufacturing,Pharma,Poland,2024-03-07 13:00:00,0.0,3.68,18.6,101,39427.26,388.79,73.1,6.03,96.6,87.1,0
S1033,Blue Ridge Precision,Automotive,Mexico,2024-03-07 17:00:00,4.31,2.68,25.2,730,259488.07,355.29,77.9,4.17,91.3,85.5,0
S1034,Zenith Global,Textiles,Japan,2024-03-07 08:00:00,0.69,2.26,11.4,204,43705.68,214.76,83.6,2.43,93.1,90.6,0
S1035,Delta Works,Textiles,Vietnam,2024-03-07 23:00:00,3.97,2.07,16.0,692,207997.86,300.6,78.9,7.62,94.0,85.7,0
S1036,Orion Components,Pharma,Vietnam,2024-03-07 09:00:00,0.45,4.23,19.9,1130,192830.38,170.69,72.0,1.39,94.2,87.4,0
S1037,Nova Global,Pharma,India,2024-03-07 21:00:00,3.24,2.37,17.4,549,21069.09,38.36,81.7,3.47,97.3,89.7,0
S1038,Blue Ridge Works,Metals,Vietnam,2024-03-07 02:00:00,7.76,8.83,27.6,793,225041.53,283.71,27.2,12.95,68.1,54.6,1
S1039,Orion Works,Metals,China,2024-03-07 14:00:00,3.01,4.41,21.6,1409,206833.03,146.76,64.3,4.45,91.2,81.3,0
S1040,Harbor Components,Pharma,China,2024-03-07 05:00:00,2.32,3.12,21.1,1073,290663.9,270.9,78.2,0.86,97.1,89.9,0
S1041,Vertex Supplies,Consumer Goods,Poland,2024-03-07 22:00:00,0.68,1.98,15.8,1708,431457.85,252.61,85.0,7.07,100.0,91.7,0
S1042,Harbor Materials,Electronics,India,2024-03-07 05:00:00,5.02,2.23,22.3,748,67735.11,90.53,77.9,5.73,91.4,84.6,0
S1043,Blue Ridge Logistics,Pharma,Japan,2024-03-07 12:00:00,0.17,0.76,25.3,220,70919.05,322.05,94.3,3.87,97.7,95.6,0
S1044,Quantum Manufacturing,Machinery,Vietnam,2024-03-07 16:00:00,6.23,1.97,13.1,929,178859.8,192.53,80.8,-1.17,96.5,88.5,0
S1045,Vertex Manufacturing,Chemicals,India,2024-03-07 15:00:00,2.06,3.23,24.0,169,14642.59,86.41,76.3,2.06,92.2,87.2,0
S1046,Quantum Materials,Textiles,Mexico,2024-03-07 13:00:00,3.71,0.7,11.7,611,112773.13,184.43,91.9,2.72,98.5,93.8,0
S1047,Atlas Industries,Metals,USA,2024-03-07 06:00:00,10.09,0.96,18.0,571,48972.43,85.76,87.1,17.97,74.1,74.6,1
S1048,Helix Industries,Chemicals,Japan,2024-03-07 08:00:00,0.41,3.96,36.5,1458,114311.96,78.4,65.6,10.3,85.6,78.8,0
S1049,Atlas Works,Metals,Germany,2024-03-07 10:00:00,5.16,3.25,9.0,139,18709.01,134.83,77.4,2.48,94.5,86.6,0
S1050,Vertex Global,Metals,Japan,2024-03-07 10:00:00,9.18,2.52,10.5,1211,357405.85,295.25,83.4,1.16,93.8,87.0,0
S1051,Zenith Industries,Consumer Goods,Germany,2024-03-07 06:00:00,3.23,1.74,28.5,1527,187388.4,122.76,89.6,4.79,93.8,90.8,0
S1052,Meridian Manufacturing,Automotive,Germany,2024-03-07 06:00:00,2.88,2.72,13.1,1761,203372.69,115.49,81.3,2.3,98.5,90.6,0
S1053,Harbor Systems,Machinery,India,2024-03-07 09:00:00,3.44,3.66,7.9,1053,126783.35,120.38,74.3,4.22,93.2,85.3,0
S1054,Harbor Manufacturing,Pharma,Mexico,2024-03-07 07:00:00,2.84,2.6,15.6,753,257630.05,341.93,78.1,17.03,93.2,82.1,0
S1055,Harbor Works,Chemicals,USA,2024-03-07 22:00:00,2.21,2.51,15.8,643,81271.84,126.33,81.1,4.49,96.5,89.3,0
S1056,Ironclad Supplies,Chemicals,Germany,2024-03-07 11:00:00,9.91,10.62,18.9,555,149708.59,269.51,15.7,16.01,67.0,48.0,1
S1057,Atlas Components,Textiles,Japan,2024-03-07 07:00:00,2.51,2.81,8.4,858,181660.05,211.78,77.3,-0.35,95.9,89.2,0
S1058,Meridian Supplies,Textiles,Poland,2024-03-07 05:00:00,0.6,0.75,16.7,139,9988.09,71.81,89.2,5.41,93.5,91.6,0
S1059,Quantum Systems,Pharma,Mexico,2024-03-07 09:00:00,2.2,2.67,18.6,975,85005.47,87.2,82.5,1.78,95.9,90.7,0
S1060,Blue Ridge Systems,Textiles,Vietnam,2024-03-07 23:00:00,3.03,1.62,14.2,913,215351.64,235.84,84.4,7.03,91.4,87.4,0
S1061,Zenith Manufacturing,Pharma,Germany,2024-03-07 07:00:00,5.39,3.11,6.2,253,35921.81,142.11,74.1,2.75,94.5,85.3,0
S1062,Meridian Systems,Consumer Goods,Vietnam,2024-03-07 11:00:00,3.91,0.34,14.2,1299,514659.56,396.17,96.1,0.81,92.3,93.7,0
S1063,Delta Precision,Consumer Goods,Germany,2024-03-07 22:00:00,1.37,2.37,17.4,295,22653.21,76.79,86.0,5.42,92.9,89.9,0
S1064,Vertex Logistics,Chemicals,Japan,2024-03-07 21:00:00,1.48,1.32,17.5,471,147242.86,312.9,89.1,2.92,98.1,93.7,0
S1065,Zenith Logistics,Automotive,Vietnam,2024-03-07 00:00:00,0.94,0.35,17.4,1359,342329.55,251.97,96.7,3.2,97.0,96.1,0
S1066,Vertex Materials,Electronics,Germany,2024-03-07 19:00:00,5.12,0.22,11.2,995,138900.97,139.55,95.4,1.15,97.1,94.4,0
S1067,Harbor Supplies,Textiles,Japan,2024-03-07 19:00:00,3.3,2.74,33.0,1271,91740.37,72.19,75.9,3.99,93.6,86.2,0
S1068,Vertex Supplies,Machinery,Poland,2024-03-07 14:00:00,3.82,1.73,27.7,735,127921.32,174.13,83.4,4.2,98.7,90.3,0
S1069,Keystone Industries,Electronics,India,2024-03-07 21:00:00,3.34,1.7,20.4,392,131033.39,334.15,89.2,3.61,96.4,91.9,0
S1070,Delta Logistics,Machinery,Vietnam,2024-03-07 23:00:00,6.09,1.49,29.9,481,148360.63,308.48,84.1,1.3,82.2,84.7,0
S1071,Pioneer Logistics,Textiles,Japan,2024-03-07 03:00:00,2.58,0.55,23.7,1534,64752.13,42.21,93.0,7.22,95.3,91.9,0
S1072,Delta Materials,Automotive,Poland,2024-03-07 02:00:00,2.73,0.67,18.5,1072,269791.73,251.64,94.1,3.25,98.0,94.7,0
S1073,Orion Components,Pharma,Germany,2024-03-07 23:00:00,3.04,0.57,8.0,959,358293.24,373.72,89.7,0.64,95.7,93.1,0
S1074,Pioneer Precision,Electronics,Vietnam,2024-03-07 10:00:00,1.11,2.07,9.1,151,14907.22,98.88,76.6,5.27,92.3,86.6,0
S1075,Zenith Logistics,Consumer Goods,USA,2024-03-07 08:00:00,0.37,3.89,22.5,975,225761.57,231.65,70.8,4.12,99.8,88.0,0
S1076,Harbor Materials,Consumer Goods,Japan,2024-03-07 04:00:00,4.81,3.41,6.3,1801,113590.34,63.06,73.9,7.61,94.9,83.8,0
S1077,Vertex Precision,Machinery,Poland,2024-03-07 00:00:00,2.77,3.82,17.3,710,96878.87,136.51,72.1,4.97,96.9,85.9,0
S1078,Quantum Precision,Metals,Poland,2024-03-07 08:00:00,2.39,1.8,29.8,180,38471.96,213.57,82.6,3.89,94.6,89.4,0
S1079,Apex Systems,Pharma,China,2024-03-07 01:00:00,7.05,4.41,11.1,711,49837.92,70.07,68.6,3.85,88.9,80.2,0
S1080,Zenith Precision,Chemicals,India,2024-03-07 12:00:00,10.87,0.71,19.0,1023,418186.12,408.69,89.4,4.73,88.7,85.1,0
S1081,Keystone Components,Textiles,Japan,2024-03-07 19:00:00,1.58,2.01,14.3,230,61887.72,269.51,82.3,1.52,97.6,91.6,0
S1082,Keystone Manufacturing,Consumer Goods,Mexico,2024-03-07 18:00:00,4.01,6.03,20.9,1151,329227.1,286.15,49.4,17.17,80.4,67.0,1
S1083,Blue Ridge Components,Consumer Goods,USA,2024-03-07 13:00:00,4.2,1.41,22.1,1922,763054.39,397.09,88.6,3.09,91.9,89.9,0
S1084,Pioneer Precision,Machinery,Poland,2024-03-07 09:00:00,2.53,2.43,13.5,391,83528.06,213.58,81.9,0.92,96.4,90.8,0
S1085,Harbor Components,Machinery,USA,2024-03-07 04:00:00,0.83,0.86,21.1,607,107649.38,177.45,93.3,2.25,97.0,95.3,0
S1086,Keystone Global,Metals,Germany,2024-03-07 06:00:00,9.77,1.79,28.9,571,96205.12,168.38,81.4,3.63,85.2,82.0,0
S1087,Summit Components,Pharma,USA,2024-03-07 23:00:00,3.41,1.68,12.5,190,18543.92,97.5,80.8,6.39,85.8,84.2,1
S1088,Helix Precision,Chemicals,Japan,2024-03-07 03:00:00,0.0,3.19,25.0,855,158212.49,185.11,78.7,5.24,95.4,89.0,0
S1089,Helix Works,Textiles,USA,2024-03-07 03:00:00,4.87,2.69,17.8,1170,210980.99,180.38,80.9,5.7,93.2,86.4,0
S1090,Pioneer Supplies,Electronics,China,2024-03-07 16:00:00,4.16,3.98,16.3,555,164511.38,296.44,70.7,5.66,92.0,82.8,0
S1091,Zenith Components,Metals,China,2024-03-07 14:00:00,0.0,2.64,10.8,576,91621.62,159.11,82.1,4.52,96.1,90.7,0
S1092,Zenith Components,Textiles,USA,2024-03-07 12:00:00,4.73,1.61,28.4,474,130948.19,276.33,91.1,4.76,94.8,90.9,0
S1093,Atlas Works,Consumer Goods,China,2024-03-07 00:00:00,0.58,2.97,13.2,1072,249237.14,232.47,73.0,4.09,92.8,86.2,0
S1094,Summit Precision,Machinery,Japan,2024-03-07 05:00:00,3.99,3.03,26.8,1152,36635.02,31.81,73.7,4.44,94.6,85.2,0
S1095,Vertex Global,Metals,India,2024-03-07 17:00:00,2.03,2.44,28.4,683,161204.38,236.0,81.2,5.56,94.2,88.3,0
S1096,Zenith Precision,Textiles,Japan,2024-03-07 17:00:00,0.0,3.03,14.1,1174,277949.58,236.75,80.1,0.18,96.5,91.7,0
S1097,Orion Works,Textiles,China,2024-03-07 09:00:00,2.02,1.07,23.4,198,26949.05,135.92,93.5,14.47,96.9,90.2,0
S1098,Blue Ridge Components,Machinery,Mexico,2024-03-07 23:00:00,0.0,3.64,24.6,208,26951.74,129.46,72.6,2.13,99.2,89.3,0
S1099,Quantum Global,Consumer Goods,Mexico,2024-03-07 04:00:00,0.0,1.91,20.2,132,54880.78,414.74,85.9,4.76,94.8,91.5,0
S1100,Helix Logistics,Electronics,Poland,2024-03-07 00:00:00,1.63,0.85,7.3,493,145215.26,294.61,91.1,2.63,89.9,91.5,0
S1101,Summit Logistics,Metals,Poland,2024-03-07 08:00:00,2.72,0.0,22.0,1844,687685.44,372.95,100.0,1.48,94.4,96.1,0
S1102,Atlas Works,Consumer Goods,Germany,2024-03-07 03:00:00,1.69,3.81,16.4,2791,608625.04,218.04,75.9,2.6,98.2,89.1,0
S1103,Ironclad Industries,Automotive,Poland,2024-03-07 08:00:00,2.1,1.14,23.7,656,162269.88,247.53,89.3,2.09,96.4,93.2,0
S1104,Blue Ridge Materials,Textiles,Japan,2024-03-07 21:00:00,0.0,1.63,31.5,523,29698.05,56.83,83.3,0.93,93.5,91.5,0
S1105,Keystone Works,Electronics,Poland,2024-03-07 13:00:00,3.64,1.41,8.1,1217,366713.0,301.43,86.0,5.65,90.9,88.0,0
S1106,Quantum Materials,Chemicals,Poland,2024-03-07 21:00:00,3.85,2.1,23.4,436,84351.61,193.3,87.8,1.22,91.7,90.5,0
S1107,Delta Supplies,Consumer Goods,USA,2024-03-07 03:00:00,7.11,6.46,21.0,1146,337681.47,294.77,44.3,17.58,77.1,62.3,1
S1108,Ironclad Industries,Automotive,Poland,2024-03-07 14:00:00,2.84,2.85,22.0,437,155341.43,355.22,76.2,1.73,92.3,86.9,0
S1109,Keystone Components,Metals,Mexico,2024-03-07 03:00:00,1.94,2.6,14.8,205,54635.13,266.3,78.5,0.11,98.3,90.9,0
S1110,Blue Ridge Works,Automotive,China,2024-03-07 17:00:00,4.54,2.27,9.0,1188,275472.44,231.97,84.4,5.13,92.9,87.9,0
S1111,Quantum Materials,Chemicals,China,2024-03-07 00:00:00,2.49,1.81,19.7,1153,338036.72,293.13,87.0,4.6,97.1,91.5,0
S1112,Nova Supplies,Chemicals,Japan,2024-03-07 01:00:00,2.3,7.01,17.1,175,32815.03,188.01,37.3,18.07,71.2,60.0,1
S1113,Pioneer Industries,Machinery,Poland,2024-03-07 00:00:00,1.09,0.66,18.8,397,22514.59,56.68,94.1,4.56,92.1,92.9,0
S1114,Pioneer Industries,Machinery,Japan,2024-03-07 08:00:00,2.15,1.78,28.5,312,99320.37,317.93,84.2,5.77,95.0,89.5,0
S1115,Keystone Global,Textiles,Vietnam,2024-03-07 15:00:00,3.05,1.82,17.4,1254,328274.1,261.84,84.5,3.73,96.1,90.3,0
S1116,Harbor Works,Automotive,Germany,2024-03-07 15:00:00,3.75,3.03,17.0,776,71182.81,91.74,79.3,11.97,94.1,84.3,1
S1117,Orion Precision,Consumer Goods,Mexico,2024-03-07 01:00:00,4.31,3.13,21.3,1123,93826.85,83.53,76.3,2.71,92.9,86.0,0
S1118,Pioneer Materials,Machinery,Japan,2024-03-07 04:00:00,1.46,1.26,11.6,813,174088.19,214.07,88.5,6.67,95.1,91.0,0
S1119,Zenith Manufacturing,Electronics,Japan,2024-03-07 12:00:00,0.0,1.56,30.5,1230,54391.61,44.24,89.3,6.13,97.4,93.1,0
S1120,Zenith Systems,Pharma,Germany,2024-03-07 09:00:00,0.57,1.32,31.7,357,52591.68,147.4,89.4,5.75,92.3,91.1,0
S1001,Meridian Materials,Pharma,Poland,2024-03-10 22:00:00,5.95,1.1,13.9,59,21100.04,358.11,88.0,2.19,90.5,88.7,0
S1002,Keystone Manufacturing,Metals,China,2024-03-10 16:00:00,7.04,2.62,29.5,889,285158.6,320.75,76.6,0.64,96.2,86.7,0
S1003,Delta Components,Electronics,Japan,2024-03-10 11:00:00,1.59,4.35,22.4,810,178968.09,221.06,68.2,5.5,91.0,82.9,0
S1004,Delta Components,Consumer Goods,Mexico,2024-03-10 00:00:00,0.0,1.39,28.9,1354,277796.69,205.13,86.4,-1.3,96.0,93.3,0
S1005,Quantum Precision,Pharma,USA,2024-03-10 00:00:00,5.98,2.04,19.5,191,27666.8,144.74,76.8,7.51,87.2,81.6,0
S1006,Delta Materials,Consumer Goods,Vietnam,2024-03-10 11:00:00,0.77,2.08,14.7,201,35512.21,176.92,84.1,6.72,99.8,91.5,0
S1007,Apex Materials,Consumer Goods,Germany,2024-03-10 21:00:00,4.38,4.79,30.3,217,53079.92,245.05,60.9,5.93,89.6,78.3,0
S1008,Meridian Materials,Consumer Goods,Japan,2024-03-10 18:00:00,4.93,4.33,16.9,1054,26865.19,25.48,56.2,11.2,67.9,66.7,1
S1009,Keystone Logistics,Textiles,India,2024-03-10 18:00:00,5.06,4.44,24.4,615,112062.37,182.17,64.9,3.59,89.9,80.3,0
S1010,Harbor Systems,Consumer Goods,Mexico,2024-03-10 10:00:00,10.01,4.72,48.2,699,8019.6,11.48,52.7,14.43,66.4,61.3,1
S1011,Blue Ridge Materials,Chemicals,Mexico,2024-03-10 05:00:00,3.28,2.7,12.7,672,59557.66,88.61,78.5,3.25,97.1,88.6,0
S1012,Orion Manufacturing,Automotive,Poland,2024-03-10 12:00:00,2.36,4.96,19.5,1834,411228.39,224.2,61.6,5.61,96.3,82.0,0
S1013,Keystone Global,Automotive,India,2024-03-10 15:00:00,2.44,3.0,27.8,1094,121342.48,110.89,78.4,4.22,95.0,87.9,0
S1014,Keystone Manufacturing,Electronics,India,2024-03-10 14:00:00,1.85,2.9,26.5,642,35111.99,54.66,76.8,4.99,91.0,85.9,0
S1015,Ironclad Supplies,Electronics,Vietnam,2024-03-10 21:00:00,3.32,2.14,7.2,1035,190067.4,183.55,78.2,8.41,86.0,82.7,1
S1016,Keystone Precision,Metals,Japan,2024-03-10 08:00:00,3.22,1.55,8.5,276,4610.27,16.68,86.1,4.74,94.5,89.9,0
S1017,Apex Industries,Automotive,Vietnam,2024-03-10 09:00:00,0.78,1.18,28.4,1286,285643.24,222.17,83.7,1.42,99.0,93.0,0
S1018,Vertex Precision,Chemicals,Poland,2024-03-10 17:00:00,8.81,1.05,19.7,121,16866.36,139.68,83.2,5.3,76.8,79.6,1
S1019,Summit Industries,Textiles,Mexico,2024-03-10 04:00:00,7.59,3.21,34.1,801,238274.29,297.3,66.0,15.06,68.6,67.7,1
S1020,Atlas Logistics,Automotive,Vietnam,2024-03-10 08:00:00,6.59,4.24,9.2,1184,23825.85,20.12,66.2,8.95,88.7,77.6,1
S1021,Harbor Supplies,Metals,Vietnam,2024-03-10 06:00:00,0.0,2.94,12.6,684,195958.47,286.67,78.7,7.09,93.0,87.4,0
S1022,Vertex Logistics,Textiles,China,2024-03-10 03:00:00,2.82,6.22,29.7,286,40758.27,142.54,47.4,13.59,82.7,69.0,1
S1023,Keystone Global,Pharma,USA,2024-03-10 16:00:00,2.63,4.05,26.8,348,29703.91,85.31,60.8,4.86,86.7,78.5,1
S1024,Apex Works,Consumer Goods,Mexico,2024-03-10 20:00:00,3.86,1.4,10.6,688,151519.46,220.2,86.8,4.18,91.2,88.8,0
S1025,Helix Industries,Metals,Germany,2024-03-10 03:00:00,4.24,4.04,26.8,934,383519.27,410.54,67.6,2.96,94.3,83.4,0
S1026,Blue Ridge Works,Consumer Goods,Mexico,2024-03-10 11:00:00,3.39,1.44,15.9,78,13959.82,178.0,85.3,3.16,92.5,89.3,0
S1027,Ironclad Logistics,Automotive,Mexico,2024-03-10 23:00:00,4.18,1.19,10.6,1378,431114.41,312.93,89.8,2.24,94.7,91.6,0
S1028,Zenith Components,Pharma,Poland,2024-03-10 20:00:00,0.0,1.29,24.4,955,181040.13,189.6,85.9,3.64,94.4,91.8,0
S1029,Summit Supplies,Electronics,India,2024-03-10 20:00:00,0.0,1.59,35.8,85,18233.38,214.23,78.4,14.95,75.8,78.3,1
S1030,Keystone Manufacturing,Consumer Goods,India,2024-03-10 01:00:00,0.0,2.26,10.7,1659,131531.47,79.28,82.9,2.81,96.1,91.6,0
S1031,Ironclad Manufacturing,Textiles,Japan,2024-03-10 19:00:00,7.91,3.77,21.2,935,344159.94,367.95,69.4,15.71,82.4,73.3,0
S1032,Vertex Manufacturing,Pharma,Poland,2024-03-10 10:00:00,1.37,2.17,19.1,157,59722.73,379.8,84.7,3.58,97.0,91.5,0
S1033,Blue Ridge Precision,Automotive,Mexico,2024-03-10 11:00:00,3.5,3.76,24.6,909,327428.05,360.3,69.6,5.64,92.2,82.8,0
S1034,Zenith Global,Textiles,Japan,2024-03-10 19:00:00,0.39,3.62,9.6,126,27224.06,216.1,69.8,3.07,97.5,87.2,0
S1035,Delta Works,Textiles,Vietnam,2024-03-10 12:00:00,3.11,1.85,17.2,1338,391105.12,292.37,85.0,4.67,92.1,88.7,0
S1036,Orion Components,Pharma,Vietnam,2024-03-10 11:00:00,0.87,4.47,15.4,982,166519.85,169.56,61.5,0.72,91.8,82.9,0
S1037,Nova Global,Pharma,India,2024-03-10 18:00:00,3.57,3.29,21.7,849,31990.44,37.68,70.7,1.64,91.0,84.2,0
S1038,Blue Ridge Works,Metals,Vietnam,2024-03-10 14:00:00,12.8,9.13,25.6,1013,376452.12,371.7,25.0,47.97,68.8,41.4,1
S1039,Orion Works,Metals,China,2024-03-10 19:00:00,5.05,4.71,19.6,1073,156557.17,145.87,57.8,3.82,90.6,78.0,0
S1040,Harbor Components,Pharma,China,2024-03-10 21:00:00,3.97,2.66,21.6,1036,289420.66,279.44,81.5,4.04,97.2,89.0,1
S1041,Vertex Supplies,Consumer Goods,Poland,2024-03-10 07:00:00,0.46,1.36,17.7,1027,256812.04,249.97,88.4,5.95,94.3,91.5,0
S1042,Harbor Materials,Electronics,India,2024-03-10 00:00:00,5.79,1.51,21.1,651,65297.73,100.26,89.5,17.1,91.6,84.1,0
S1043,Blue Ridge Logistics,Pharma,Japan,2024-03-10 18:00:00,1.83,1.3,23.0,122,39750.5,324.65,87.0,4.71,95.3,91.1,0
S1044,Quantum Manufacturing,Machinery,Vietnam,2024-03-10 11:00:00,2.96,2.44,13.0,940,191148.94,203.39,80.7,4.41,92.4,87.4,0
S1045,Vertex Manufacturing,Chemicals,India,2024-03-10 23:00:00,1.47,3.5,23.7,357,32689.56,91.48,71.0,8.05,89.5,82.4,1
S1046,Quantum Materials,Textiles,Mexico,2024-03-10 20:00:00,2.21,1.24,13.6,722,135643.58,187.91,89.3,4.66,95.0,91.7,0
S1047,Atlas Industries,Metals,USA,2024-03-10 03:00:00,9.03,0.0,15.6,993,83747.14,84.33,88.3,16.01,75.8,76.9,1
S1048,Helix Industries,Chemicals,Japan,2024-03-10 10:00:00,2.4,3.21,33.0,1334,106403.59,79.79,70.7,12.25,83.8,78.3,1
S1049,Atlas Works,Metals,Germany,2024-03-10 01:00:00,3.2,2.44,12.4,118,16595.79,140.62,84.6,6.89,93.1,88.0,0
S1050,Vertex Global,Metals,Japan,2024-03-10 20:00:00,1.55,2.23,5.5,920,284062.22,308.62,85.5,5.74,97.2,91.0,0
S1051,Zenith Industries,Consumer Goods,Germany,2024-03-10 21:00:00,2.21,1.82,27.3,1038,124141.23,119.59,86.6,2.1,96.4,92.1,0
S1052,Meridian Manufacturing,Automotive,Germany,2024-03-10 06:00:00,1.9,2.31,10.5,1274,150716.34,118.3,82.2,4.79,94.9,89.2,0
S1053,Harbor Systems,Machinery,India,2024-03-10 10:00:00,0.6,4.35,7.4,1576,194425.43,123.33,65.7,6.77,91.1,82.0,0
S1054,Harbor Manufacturing,Pharma,Mexico,2024-03-10 05:00:00,1.2,2.07,16.7,1241,355960.42,286.88,90.7,-1.81,97.5,94.6,0
S1055,Harbor Works,Chemicals,USA,2024-03-10 05:00:00,0.92,2.61,17.8,511,62914.58,123.16,80.1,1.87,94.4,89.9,0
S1056,Ironclad Supplies,Chemicals,Germany,2024-03-10 21:00:00,12.11,11.22,23.1,440,133096.21,302.26,7.8,30.1,68.9,39.5,1
S1057,Atlas Components,Textiles,Japan,2024-03-10 18:00:00,3.61,3.73,5.4,618,136173.16,220.3,71.0,3.66,95.2,85.0,0
S1058,Meridian Supplies,Textiles,Poland,2024-03-10 10:00:00,1.72,0.82,15.2,302,21927.05,72.57,89.8,6.53,96.0,91.7,0
S1059,Quantum Systems,Pharma,Mexico,2024-03-10 20:00:00,1.42,3.06,18.8,861,76918.31,89.39,76.1,4.34,95.7,87.8,0
S1060,Blue Ridge Systems,Textiles,Vietnam,2024-03-10 12:00:00,1.52,2.45,15.6,1429,324318.51,227.03,76.7,3.03,95.2,88.2,0
S1061,Zenith Manufacturing,Pharma,Germany,2024-03-10 06:00:00,4.06,3.09,6.2,219,30511.15,139.56,79.7,0.91,96.4,89.3,0
S1062,Meridian Systems,Consumer Goods,Vietnam,2024-03-10 16:00:00,3.44,0.53,13.0,1941,790106.27,407.12,94.6,3.6,96.3,93.7,0
S1063,Delta Precision,Consumer Goods,Germany,2024-03-10 14:00:00,3.3,3.51,20.4,160,12126.4,75.8,70.7,4.07,94.9,84.8,0
S1064,Vertex Logistics,Chemicals,Japan,2024-03-10 10:00:00,1.99,1.14,14.1,404,123752.21,306.07,87.9,0.67,96.4,93.3,0
S1065,Zenith Logistics,Automotive,Vietnam,2024-03-10 13:00:00,2.18,0.26,16.6,1807,452842.18,250.55,97.8,2.61,98.0,96.5,0
S1066,Vertex Materials,Electronics,Germany,2024-03-10 03:00:00,3.83,0.0,8.7,1140,162795.77,142.78,100.0,3.49,92.0,94.0,0
S1067,Harbor Supplies,Textiles,Japan,2024-03-10 11:00:00,3.8,2.64,31.0,1111,78485.36,70.67,77.5,1.81,96.2,88.2,0
S1068,Vertex Supplies,Machinery,Poland,2024-03-10 11:00:00,3.66,1.29,30.7,696,119217.15,171.19,91.8,2.44,93.7,92.2,0
S1069,Keystone Industries,Electronics,India,2024-03-10 23:00:00,3.24,3.56,23.7,393,130737.64,332.27,73.2,3.02,93.4,85.6,0
S1070,Delta Logistics,Machinery,Vietnam,2024-03-10 09:00:00,3.93,2.41,30.0,481,158886.26,330.01,80.0,8.37,80.5,81.1,0
S1071,Pioneer Logistics,Textiles,Japan,2024-03-10 20:00:00,2.36,1.51,23.4,823,33414.63,40.62,86.1,3.17,95.7,91.3,0
S1072,Delta Materials,Automotive,Poland,2024-03-10 20:00:00,1.31,0.85,20.0,1497,368026.66,245.77,94.0,0.85,96.9,95.8,0
S1073,Orion Components,Pharma,Germany,2024-03-10 21:00:00,1.03,0.42,4.8,633,245276.2,387.63,98.8,4.38,94.5,95.5,0
S1074,Pioneer Precision,Electronics,Vietnam,2024-03-10 20:00:00,0.0,2.97,10.3,70,7134.54,102.27,74.0,8.89,92.8,85.0,0
S1075,Zenith Logistics,Consumer Goods,USA,2024-03-10 05:00:00,2.15,3.93,19.9,1426,325849.68,228.57,75.8,2.74,94.1,87.4,0
S1076,Harbor Materials,Consumer Goods,Japan,2024-03-10 14:00:00,0.01,3.15,7.5,937,57756.91,61.62,72.5,5.15,96.3,87.2,0
S1077,Vertex Precision,Machinery,Poland,2024-03-10 03:00:00,1.23,4.14,14.8,477,64602.76,135.33,68.0,4.06,94.7,84.8,0
S1078,Quantum Precision,Metals,Poland,2024-03-10 18:00:00,0.88,1.92,30.9,219,46365.54,211.74,83.3,3.0,95.1,90.9,0
S1079,Apex Systems,Pharma,China,2024-03-10 04:00:00,6.16,4.86,8.5,406,29812.85,73.48,62.5,8.89,89.4,76.7,1
S1080,Zenith Precision,Chemicals,India,2024-03-10 16:00:00,4.41,0.65,20.1,809,335811.48,414.9,97.2,6.32,95.1,92.7,0
S1081,Keystone Components,Textiles,Japan,2024-03-10 04:00:00,0.0,1.65,10.7,368,100104.44,271.97,87.8,2.45,94.7,93.0,0
S1082,Keystone Manufacturing,Consumer Goods,Mexico,2024-03-10 19:00:00,0.3,5.66,18.5,928,253676.99,273.3,54.0,11.91,85.6,74.2,1
S1083,Blue Ridge Components,Consumer Goods,USA,2024-03-10 21:00:00,1.63,1.37,25.8,1218,493333.87,405.14,91.3,5.17,93.4,91.9,0
S1084,Pioneer Precision,Machinery,Poland,2024-03-10 20:00:00,2.48,1.64,11.1,350,73996.02,211.46,89.8,-0.08,98.0,94.4,0
S1085,Harbor Components,Machinery,USA,2024-03-10 11:00:00,0.81,1.71,19.2,596,105964.97,177.77,86.2,2.44,97.4,92.9,0
S1086,Keystone Global,Metals,Germany,2024-03-10 07:00:00,3.32,2.08,27.6,554,91677.71,165.59,79.6,1.92,92.1,87.7,0
S1087,Summit Components,Pharma,USA,2024-03-10 19:00:00,8.65,0.53,11.6,127,15099.06,118.48,88.0,29.29,83.1,74.6,1
S1088,Helix Precision,Chemicals,Japan,2024-03-10 00:00:00,0.95,2.57,21.1,1223,219979.24,179.84,81.5,2.24,91.5,89.2,0
S1089,Helix Works,Textiles,USA,2024-03-10 23:00:00,6.24,3.24,14.5,1480,260491.25,175.98,73.9,3.13,93.1,84.2,0
S1090,Pioneer Supplies,Electronics,China,2024-03-10 04:00:00,1.56,4.36,14.5,797,239290.01,300.09,62.7,6.97,91.0,80.4,0
S1091,Zenith Components,Metals,China,2024-03-10 23:00:00,1.73,2.08,13.6,638,98401.36,154.26,87.2,1.33,96.3,92.9,0
S1092,Zenith Components,Textiles,USA,2024-03-10 12:00:00,11.94,1.27,26.1,342,91585.37,268.09,93.5,1.63,93.7,88.9,0
S1093,Atlas Works,Consumer Goods,China,2024-03-10 01:00:00,0.0,1.94,16.0,1138,262827.39,230.93,83.8,3.4,94.8,91.3,0
S1094,Summit Precision,Machinery,Japan,2024-03-10 07:00:00,2.54,3.37,28.8,969,29696.63,30.64,75.6,0.58,93.5,87.7,0
S1095,Vertex Global,Metals,India,2024-03-10 16:00:00,1.09,1.94,26.7,745,175495.78,235.56,81.0,5.37,93.3,88.4,0
S1096,Zenith Precision,Textiles,Japan,2024-03-10 09:00:00,1.32,1.41,16.0,1002,236316.52,235.77,91.1,-0.23,98.9,95.8,0
S1097,Orion Works,Textiles,China,2024-03-10 19:00:00,0.38,2.43,29.0,214,25334.52,118.41,77.1,-0.27,100.0,91.7,0
S1098,Blue Ridge Components,Machinery,Mexico,2024-03-10 23:00:00,0.0,4.24,29.5,156,20415.84,130.56,72.0,2.99,96.6,87.9,0
S1099,Quantum Global,Consumer Goods,Mexico,2024-03-10 10:00:00,3.43,2.1,20.3,232,94209.94,406.52,86.4,2.69,95.0,90.8,0
S1100,Helix Logistics,Electronics,Poland,2024-03-10 13:00:00,3.27,1.8,6.1,411,116250.32,283.05,79.0,-1.4,95.6,89.0,0
S1101,Summit Logistics,Metals,Poland,2024-03-10 05:00:00,4.68,0.88,24.6,1502,562862.1,374.82,94.5,2.0,95.9,93.5,0
S1102,Atlas Works,Consumer Goods,Germany,2024-03-10 03:00:00,5.99,2.79,21.5,1138,242806.42,213.4,78.6,0.41,95.4,87.7,1
S1103,Ironclad Industries,Automotive,Poland,2024-03-10 11:00:00,1.32,0.98,26.6,1000,244842.78,244.79,91.5,0.96,96.5,94.8,0
S1104,Blue Ridge Materials,Textiles,Japan,2024-03-10 19:00:00,2.52,2.06,29.7,571,33404.7,58.49,83.6,3.88,90.9,88.3,0
S1105,Keystone Works,Electronics,Poland,2024-03-10 09:00:00,11.84,0.74,8.4,1115,327942.31,294.0,92.4,3.05,91.1,87.1,0
S1106,Quantum Materials,Chemicals,Poland,2024-03-10 12:00:00,3.84,1.41,22.1,928,180375.1,194.4,84.4,1.8,99.1,91.6,0
S1107,Delta Supplies,Consumer Goods,USA,2024-03-10 15:00:00,7.19,5.71,21.1,1259,341717.4,271.47,52.5,8.28,79.4,69.5,1
S1108,Ironclad Industries,Automotive,Poland,2024-03-10 06:00:00,3.25,3.35,22.0,582,216570.86,372.39,73.3,6.65,93.1,84.1,0
S1109,Keystone Components,Metals,Mexico,2024-03-10 01:00:00,2.68,3.04,15.6,171,45586.07,267.24,78.3,0.47,97.7,90.1,0
S1110,Blue Ridge Works,Automotive,China,2024-03-10 14:00:00,6.38,1.96,4.5,850,197235.95,231.92,83.5,5.11,91.2,86.0,0
S1111,Quantum Materials,Chemicals,China,2024-03-10 11:00:00,0.0,3.48,20.5,1151,339498.78,294.93,75.3,5.24,95.5,87.8,0
S1112,Nova Supplies,Chemicals,Japan,2024-03-10 09:00:00,2.66,6.87,21.0,187,33862.2,180.94,37.0,13.63,75.1,62.8,1
S1113,Pioneer Industries,Machinery,Poland,2024-03-10 11:00:00,2.99,1.98,17.6,858,47350.89,55.21,82.1,1.86,95.6,90.0,0
S1114,Pioneer Industries,Machinery,Japan,2024-03-10 02:00:00,4.29,0.15,27.2,226,68647.57,303.16,92.1,0.85,92.6,92.2,0
S1115,Keystone Global,Textiles,Vietnam,2024-03-10 02:00:00,2.77,0.74,16.8,1433,387874.15,270.72,95.2,7.24,97.0,93.2,0
S1116,Harbor Works,Automotive,Germany,2024-03-10 07:00:00,2.58,2.76,16.6,597,49506.35,82.93,76.9,1.22,95.0,88.4,0
S1117,Orion Precision,Consumer Goods,Mexico,2024-03-10 12:00:00,4.22,3.48,22.2,2176,174116.47,80.03,69.7,-1.59,98.7,86.2,0
S1118,Pioneer Materials,Machinery,Japan,2024-03-10 07:00:00,1.39,0.92,10.6,521,108138.65,207.73,93.1,3.51,92.6,93.0,0
S1119,Zenith Manufacturing,Electronics,Japan,2024-03-10 21:00:00,0.25,2.03,28.2,1275,53631.04,42.06,87.4,0.91,100.0,95.1,0
S1120,Zenith Systems,Pharma,Germany,2024-03-10 18:00:00,1.53,2.29,33.9,388,56345.77,145.19,82.9,4.17,95.7,90.2,0
S1001,Meridian Materials,Pharma,Poland,2024-03-13 13:00:00,4.16,2.0,14.6,79,28652.26,362.54,85.1,3.45,94.2,89.4,0
S1002,Keystone Manufacturing,Metals,China,2024-03-13 09:00:00,1.19,2.76,31.7,771,251193.73,325.97,77.6,2.27,98.0,90.0,0
S1003,Delta Components,Electronics,Japan,2024-03-13 07:00:00,2.66,3.55,22.3,402,84193.19,209.42,70.9,-0.05,94.4,86.5,0
S1004,Delta Components,Consumer Goods,Mexico,2024-03-13 14:00:00,0.19,2.55,28.9,1986,438520.8,220.81,76.1,6.24,94.2,87.2,0
S1005,Quantum Precision,Pharma,USA,2024-03-13 09:00:00,5.88,0.49,17.6,306,43314.84,141.33,84.3,4.98,87.9,85.5,0
S1006,Delta Materials,Consumer Goods,Vietnam,2024-03-13 17:00:00,3.8,1.49,11.2,206,35702.01,173.22,87.6,4.49,95.6,90.5,0
S1007,Apex Materials,Consumer Goods,Germany,2024-03-13 11:00:00,4.7,4.02,30.8,333,79349.19,238.42,70.0,3.06,92.7,83.5,0
S1008,Meridian Materials,Consumer Goods,Japan,2024-03-13 18:00:00,5.29,6.56,20.8,1084,30010.6,27.7,39.1,20.84,70.0,57.7,1
S1009,Keystone Logistics,Textiles,India,2024-03-13 20:00:00,1.0,5.36,25.1,921,172809.26,187.71,61.2,6.74,93.1,81.0,1
S1010,Harbor Systems,Consumer Goods,Mexico,2024-03-13 18:00:00,21.44,2.11,48.4,1082,11943.58,11.04,72.6,10.06,61.9,62.6,1
S1011,Blue Ridge Materials,Chemicals,Mexico,2024-03-13 23:00:00,2.99,3.21,11.6,534,48113.74,90.09,77.1,4.97,96.4,87.4,0
S1012,Orion Manufacturing,Automotive,Poland,2024-03-13 06:00:00,2.07,4.85,20.1,1342,289359.28,215.61,60.6,1.56,96.0,83.2,0
S1013,Keystone Global,Automotive,India,2024-03-13 10:00:00,7.54,2.25,31.0,1443,165303.04,114.59,82.2,7.71,93.7,84.9,0
S1014,Keystone Manufacturing,Electronics,India,2024-03-13 04:00:00,2.5,3.81,29.1,827,44380.24,53.68,67.6,3.11,91.6,83.3,0
S1015,Ironclad Supplies,Electronics,Vietnam,2024-03-13 12:00:00,5.46,1.42,8.4,1139,219624.11,192.77,87.4,13.85,84.8,82.3,0
S1016,Keystone Precision,Metals,Japan,2024-03-13 18:00:00,4.48,0.77,7.1,439,7537.0,17.19,91.9,7.92,90.9,88.7,0
S1017,Apex Industries,Automotive,Vietnam,2024-03-13 17:00:00,0.35,1.36,25.5,1452,315229.27,217.04,91.9,-0.92,100.0,96.7,0
S1018,Vertex Precision,Chemicals,Poland,2024-03-13 23:00:00,9.86,0.55,22.3,195,30614.26,156.82,82.8,18.22,78.1,74.6,1
S1019,Summit Industries,Textiles,Mexico,2024-03-13 01:00:00,8.16,3.79,35.8,910,263126.65,289.03,61.6,11.86,71.3,68.0,1
S1020,Atlas Logistics,Automotive,Vietnam,2024-03-13 23:00:00,6.08,4.59,13.0,1044,20825.76,19.95,64.0,8.01,92.1,78.6,1
S1021,Harbor Supplies,Metals,Vietnam,2024-03-13 23:00:00,1.61,1.63,10.9,2048,548233.41,267.74,86.7,0.02,95.2,92.9,0
S1022,Vertex Logistics,Textiles,China,2024-03-13 22:00:00,1.61,6.74,31.0,154,22311.94,144.82,43.6,15.41,80.1,66.7,0
S1023,Keystone Global,Pharma,USA,2024-03-13 15:00:00,8.68,6.33,25.7,376,33649.65,89.56,47.2,10.08,82.5,67.3,1
S1024,Apex Works,Consumer Goods,Mexico,2024-03-13 18:00:00,4.98,2.39,7.0,1642,373301.99,227.4,78.7,7.59,91.7,84.3,0
S1025,Helix Industries,Metals,Germany,2024-03-13 10:00:00,3.92,3.54,23.2,1382,573475.48,415.11,72.7,4.11,94.2,84.9,0
S1026,Blue Ridge Works,Consumer Goods,Mexico,2024-03-13 06:00:00,1.35,3.11,17.0,184,33699.08,182.87,75.2,5.98,91.8,85.5,0
S1027,Ironclad Logistics,Automotive,Mexico,2024-03-13 06:00:00,4.91,1.81,11.1,1654,527824.26,319.03,83.8,4.24,92.1,87.5,0
S1028,Zenith Components,Pharma,Poland,2024-03-13 20:00:00,0.55,1.08,22.4,966,189941.9,196.68,87.9,7.51,94.3,90.7,0
S1029,Summit Supplies,Electronics,India,2024-03-13 12:00:00,3.54,3.83,36.5,110,25098.24,228.92,57.1,22.83,75.0,65.9,1
S1030,Keystone Manufacturing,Consumer Goods,India,2024-03-13 00:00:00,0.3,2.71,9.4,1212,94388.15,77.87,74.0,0.99,95.4,88.8,0
S1031,Ironclad Manufacturing,Textiles,Japan,2024-03-13 15:00:00,3.28,3.74,18.6,1108,371106.35,334.89,68.7,5.31,87.6,81.1,1
S1032,Vertex Manufacturing,Pharma,Poland,2024-03-13 23:00:00,2.87,2.93,18.0,173,64638.65,372.89,75.5,1.7,99.6,89.2,0
S1033,Blue Ridge Precision,Automotive,Mexico,2024-03-13 05:00:00,8.5,2.59,22.3,1725,585470.34,339.34,76.5,-0.51,91.3,84.3,0
S1034,Zenith Global,Textiles,Japan,2024-03-13 11:00:00,1.37,3.56,7.8,194,42351.87,217.79,69.9,3.87,94.2,85.3,0
S1035,Delta Works,Textiles,Vietnam,2024-03-13 02:00:00,4.88,2.99,16.9,1389,399505.14,287.57,79.8,2.96,93.9,87.3,0
S1036,Orion Components,Pharma,Vietnam,2024-03-13 02:00:00,0.38,3.46,17.2,895,152041.48,169.94,77.0,0.94,94.2,89.4,0
S1037,Nova Global,Pharma,India,2024-03-13 23:00:00,3.32,2.36,19.1,982,37084.85,37.76,83.2,1.85,97.2,90.8,0
S1038,Blue Ridge Works,Metals,Vietnam,2024-03-13 16:00:00,4.38,7.11,28.6,1013,312214.42,308.25,37.7,22.72,70.5,57.2,1
S1039,Orion Works,Metals,China,2024-03-13 11:00:00,1.49,4.11,23.3,1338,211038.25,157.77,71.7,12.28,96.1,83.4,0
S1040,Harbor Components,Pharma,China,2024-03-13 05:00:00,2.48,3.35,21.3,1207,335654.38,278.18,76.6,3.57,96.3,87.9,0
S1041,Vertex Supplies,Consumer Goods,Poland,2024-03-13 10:00:00,1.32,1.34,14.8,1406,346396.5,246.34,89.7,4.42,97.6,93.2,0
S1042,Harbor Materials,Electronics,India,2024-03-13 17:00:00,5.52,1.94,17.3,686,60921.12,88.81,88.0,3.72,90.3,88.2,0
S1043,Blue Ridge Logistics,Pharma,Japan,2024-03-13 19:00:00,1.13,2.0,23.2,271,87071.36,321.13,83.4,3.58,94.2,90.3,0
S1044,Quantum Manufacturing,Machinery,Vietnam,2024-03-13 01:00:00,2.58,2.87,14.0,636,129615.72,203.72,76.5,4.58,93.4,86.5,1
S1045,Vertex Manufacturing,Chemicals,India,2024-03-13 20:00:00,3.56,3.81,26.7,171,15638.7,91.63,68.9,8.23,85.8,79.3,0
S1046,Quantum Materials,Textiles,Mexico,2024-03-13 08:00:00,2.04,0.9,8.7,570,100266.08,175.75,94.8,-2.11,95.4,94.7,0
S1047,Atlas Industries,Metals,USA,2024-03-13 12:00:00,11.22,1.89,14.6,459,36179.48,78.85,75.3,8.45,74.6,73.7,1
S1048,Helix Industries,Chemicals,Japan,2024-03-13 05:00:00,2.88,3.24,31.8,1091,85037.7,77.94,70.9,9.66,85.7,79.7,0
S1049,Atlas Works,Metals,Germany,2024-03-13 11:00:00,4.02,3.19,9.8,107,14109.43,132.45,74.1,0.68,94.6,86.8,0
S1050,Vertex Global,Metals,Japan,2024-03-13 06:00:00,0.83,2.02,6.5,688,208134.58,302.55,82.3,3.66,96.6,90.8,0
S1051,Zenith Industries,Consumer Goods,Germany,2024-03-13 01:00:00,2.66,1.72,29.6,857,101922.45,118.92,87.8,1.52,94.7,92.0,0
S1052,Meridian Manufacturing,Automotive,Germany,2024-03-13 04:00:00,3.72,2.53,9.6,1054,117942.09,111.85,85.6,-0.92,95.2,91.1,0
S1053,Harbor Systems,Machinery,India,2024-03-13 16:00:00,3.68,4.57,10.5,1033,123989.63,120.04,68.8,3.92,89.9,82.2,0
S1054,Harbor Manufacturing,Pharma,Mexico,2024-03-13 04:00:00,4.79,2.88,16.4,1355,418646.22,308.94,82.1,5.74,92.5,86.6,0
S1055,Harbor Works,Chemicals,USA,2024-03-13 22:00:00,1.74,3.26,16.5,708,89627.99,126.51,72.5,4.64,91.0,84.6,0
S1056,Ironclad Supplies,Chemicals,Germany,2024-03-13 10:00:00,9.02,11.39,20.8,430,119317.81,277.23,6.2,19.33,66.4,43.6,1
S1057,Atlas Components,Textiles,Japan,2024-03-13 07:00:00,3.08,3.75,7.4,804,174365.27,216.9,73.6,2.06,95.6,86.9,0
S1058,Meridian Supplies,Textiles,Poland,2024-03-13 03:00:00,2.62,0.59,16.6,328,22996.63,70.02,94.0,2.79,95.6,94.0,0
S1059,Quantum Systems,Pharma,Mexico,2024-03-13 01:00:00,2.22,3.01,19.9,636,55413.71,87.19,78.3,1.77,89.3,86.9,0
S1060,Blue Ridge Systems,Textiles,Vietnam,2024-03-13 04:00:00,4.17,1.09,16.2,792,183628.82,231.97,88.6,5.28,94.0,89.8,0
S1061,Zenith Manufacturing,Pharma,Germany,2024-03-13 14:00:00,3.36,4.12,6.3,413,57956.84,140.24,67.3,1.4,94.9,84.6,0
S1062,Meridian Systems,Consumer Goods,Vietnam,2024-03-13 13:00:00,21.74,1.07,15.4,1963,797192.3,406.1,93.6,3.34,84.6,80.3,0
S1063,Delta Precision,Consumer Goods,Germany,2024-03-13 07:00:00,3.68,2.21,18.5,224,16947.11,75.52,81.5,3.69,92.5,87.7,0
S1064,Vertex Logistics,Chemicals,Japan,2024-03-13 10:00:00,0.67,0.44,16.7,290,92727.95,319.85,93.3,5.2,94.1,93.3,0
S1065,Zenith Logistics,Automotive,Vietnam,2024-03-13 12:00:00,1.6,0.71,13.3,1175,298158.26,253.68,87.0,3.89,99.9,93.2,0
S1066,Vertex Materials,Electronics,Germany,2024-03-13 14:00:00,2.65,1.19,9.7,1514,221191.84,146.1,90.5,5.9,94.5,91.2,0
S1067,Harbor Supplies,Textiles,Japan,2024-03-13 02:00:00,3.56,2.82,30.7,1811,134566.25,74.31,82.0,7.06,93.1,86.9,0
S1068,Vertex Supplies,Machinery,Poland,2024-03-13 22:00:00,3.72,1.32,30.0,443,74499.64,168.17,88.4,0.63,92.8,91.3,0
S1069,Keystone Industries,Electronics,India,2024-03-13 20:00:00,3.76,2.98,21.9,458,154660.7,337.82,79.2,4.74,92.3,86.3,0
S1070,Delta Logistics,Machinery,Vietnam,2024-03-13 05:00:00,1.37,1.1,31.7,466,158885.96,340.68,85.7,11.87,85.3,84.7,0
S1071,Pioneer Logistics,Textiles,Japan,2024-03-13 21:00:00,3.56,1.34,21.4,868,35258.73,40.62,84.7,3.16,94.2,89.7,0
S1072,Delta Materials,Automotive,Poland,2024-03-13 15:00:00,4.52,0.48,16.8,818,202371.74,247.35,91.3,1.49,95.4,92.5,0
S1073,Orion Components,Pharma,Germany,2024-03-13 09:00:00,2.33,1.37,8.7,710,262273.92,369.21,89.5,-0.58,96.2,93.6,0
S1074,Pioneer Precision,Electronics,Vietnam,2024-03-13 22:00:00,2.58,1.83,4.9,85,8832.13,103.94,82.7,10.67,92.8,86.1,0
S1075,Zenith Logistics,Consumer Goods,USA,2024-03-13 05:00:00,0.96,4.37,23.4,979,228529.24,233.45,70.2,4.93,95.4,85.6,0
S1076,Harbor Materials,Consumer Goods,Japan,2024-03-13 14:00:00,0.17,3.51,10.1,1102,68295.8,61.97,70.1,5.76,94.6,85.4,0
S1077,Vertex Precision,Machinery,Poland,2024-03-13 03:00:00,2.54,4.54,17.2,1102,153681.8,139.51,67.3,7.28,87.5,80.2,0
S1078,Quantum Precision,Metals,Poland,2024-03-13 05:00:00,2.7,1.33,28.9,194,40352.58,207.94,88.6,1.16,97.5,93.4,0
S1079,Apex Systems,Pharma,China,2024-03-13 03:00:00,5.45,4.41,10.3,450,32100.8,71.4,66.3,5.81,91.7,80.4,0
S1080,Zenith Precision,Chemicals,India,2024-03-13 06:00:00,6.05,0.81,16.3,609,242166.94,397.72,90.9,1.91,92.5,90.5,0
S1081,Keystone Components,Textiles,Japan,2024-03-13 08:00:00,1.21,0.89,14.2,374,100618.9,269.37,90.8,1.47,100.0,95.6,0
S1082,Keystone Manufacturing,Consumer Goods,Mexico,2024-03-13 20:00:00,2.4,5.24,18.1,1016,284876.83,280.38,57.8,14.81,84.3,73.0,1
S1083,Blue Ridge Components,Consumer Goods,USA,2024-03-13 08:00:00,5.57,0.26,26.7,2304,948841.36,411.83,99.2,6.91,89.8,90.8,1
S1084,Pioneer Precision,Machinery,Poland,2024-03-13 03:00:00,2.72,1.62,10.2,543,117324.1,215.97,84.8,2.05,96.5,91.3,0
S1085,Harbor Components,Machinery,USA,2024-03-13 10:00:00,0.47,1.05,16.3,792,142760.01,180.26,96.0,3.87,96.7,95.7,0
S1086,Keystone Global,Metals,Germany,2024-03-13 05:00:00,3.35,1.96,30.2,794,142751.8,179.9,86.2,10.72,86.7,84.8,0
S1087,Summit Components,Pharma,USA,2024-03-13 07:00:00,7.83,0.1,14.8,138,13494.03,97.91,91.3,6.84,82.3,84.3,0
S1088,Helix Precision,Chemicals,Japan,2024-03-13 11:00:00,2.6,2.27,20.6,1285,228488.97,177.86,81.7,1.12,94.3,89.9,0
S1089,Helix Works,Textiles,USA,2024-03-13 16:00:00,1.97,2.39,15.5,1483,260569.31,175.74,86.7,2.99,100.0,93.2,0
S1090,Pioneer Supplies,Electronics,China,2024-03-13 03:00:00,0.52,4.52,17.6,352,102681.06,292.09,62.7,4.12,96.2,83.8,0
S1091,Zenith Components,Metals,China,2024-03-13 18:00:00,1.07,2.42,10.0,405,62926.56,155.48,80.9,2.13,99.4,91.8,0
S1092,Zenith Components,Textiles,USA,2024-03-13 06:00:00,6.19,0.71,27.8,759,202523.96,266.85,94.8,1.16,94.5,92.7,0
S1093,Atlas Works,Consumer Goods,China,2024-03-13 23:00:00,3.08,2.84,16.8,953,222432.68,233.4,77.3,4.51,90.3,85.4,0
S1094,Summit Precision,Machinery,Japan,2024-03-13 20:00:00,0.56,2.09,26.3,1106,35912.56,32.46,83.0,6.57,98.5,90.8,0
S1095,Vertex Global,Metals,India,2024-03-13 06:00:00,1.19,2.97,29.4,774,182691.91,236.1,76.0,5.61,91.0,85.7,0
S1096,Zenith Precision,Textiles,Japan,2024-03-13 11:00:00,1.06,2.01,14.8,993,238790.47,240.55,88.0,1.79,96.7,93.4,0
S1097,Orion Works,Textiles,China,2024-03-13 02:00:00,2.75,1.68,26.3,365,43224.26,118.49,86.7,-0.21,94.9,92.1,0
S1098,Blue Ridge Components,Machinery,Mexico,2024-03-13 15:00:00,0.93,3.89,29.2,283,38231.7,134.91,64.5,6.43,97.8,83.9,0
S1099,Quantum Global,Consumer Goods,Mexico,2024-03-13 09:00:00,1.97,2.26,18.5,214,84033.65,392.54,81.5,-0.84,93.5,90.0,0
S1100,Helix Logistics,Electronics,Poland,2024-03-13 03:00:00,1.18,0.47,7.2,364,108348.1,297.27,96.4,3.55,97.3,95.9,0
S1101,Summit Logistics,Metals,Poland,2024-03-13 06:00:00,4.1,0.08,23.1,2239,829831.67,370.64,99.8,0.86,93.8,95.4,0
S1102,Atlas Works,Consumer Goods,Germany,2024-03-13 08:00:00,1.18,2.85,19.8,719,159437.84,221.72,83.2,4.33,98.9,91.5,0
S1103,Ironclad Industries,Automotive,Poland,2024-03-13 12:00:00,0.92,1.32,26.1,1427,351677.55,246.41,87.7,1.63,99.8,94.5,0
S1104,Blue Ridge Materials,Textiles,Japan,2024-03-13 17:00:00,0.8,0.4,31.6,1234,73146.81,59.29,96.9,5.31,93.2,94.1,0
S1105,Keystone Works,Electronics,Poland,2024-03-13 22:00:00,1.02,2.09,10.5,1209,372191.92,307.78,85.1,7.88,96.8,90.2,0
S1106,Quantum Materials,Chemicals,Poland,2024-03-13 11:00:00,3.77,3.34,24.5,619,120364.17,194.58,71.5,1.9,94.4,85.5,0
S1107,Delta Supplies,Consumer Goods,USA,2024-03-13 16:00:00,11.44,8.22,20.9,820,244456.3,298.19,26.0,18.94,76.5,53.0,1
S1108,Ironclad Industries,Automotive,Poland,2024-03-13 17:00:00,0.69,3.11,23.6,391,145810.35,372.65,76.2,6.73,99.2,88.5,0
S1109,Keystone Components,Metals,Mexico,2024-03-13 06:00:00,2.71,2.09,12.4,189,52519.88,278.3,84.5,4.62,100.0,91.5,0
S1110,Blue Ridge Works,Automotive,China,2024-03-13 08:00:00,4.59,1.66,12.3,729,167677.69,230.13,87.4,4.3,95.8,90.2,0
S1111,Quantum Materials,Chemicals,China,2024-03-13 13:00:00,0.73,2.83,19.7,731,212123.85,290.04,84.2,3.5,98.5,92.3,0
S1112,Nova Supplies,Chemicals,Japan,2024-03-13 05:00:00,2.97,6.05,20.2,78,14359.65,183.19,41.9,15.04,72.4,62.9,1
S1113,Pioneer Industries,Machinery,Poland,2024-03-13 13:00:00,0.0,1.04,18.3,439,24429.03,55.71,92.7,2.77,95.8,94.9,0
S1114,Pioneer Industries,Machinery,Japan,2024-03-13 01:00:00,3.56,1.61,26.5,167,53182.6,319.11,85.7,6.16,93.9,88.8,0
S1115,Keystone Global,Textiles,Vietnam,2024-03-13 13:00:00,2.34,2.38,13.6,1212,312208.65,257.69,83.3,2.08,95.9,90.7,0
S1116,Harbor Works,Automotive,Germany,2024-03-13 01:00:00,3.27,3.27,17.3,710,59360.02,83.6,75.6,2.03,98.8,88.6,0
S1117,Orion Precision,Consumer Goods,Mexico,2024-03-13 12:00:00,4.42,2.87,20.3,1212,101266.58,83.57,79.7,2.76,92.8,87.1,0
S1118,Pioneer Materials,Machinery,Japan,2024-03-13 22:00:00,2.31,1.51,11.4,535,114203.74,213.33,82.2,6.3,93.1,87.8,0
S1119,Zenith Manufacturing,Electronics,Japan,2024-03-13 02:00:00,1.16,1.76,28.6,1054,43676.87,41.45,88.5,-0.55,98.3,94.6,0
S1120,Zenith Systems,Pharma,Germany,2024-03-13 00:00:00,1.04,0.6,29.6,482,70039.41,145.4,99.3,4.31,100.0,97.6,0
